school,course_id,group
appalachian_state_university,appalachian_state_university__0,technical_skills-1
appalachian_state_university,appalachian_state_university__1,technical_skills-1
appalachian_state_university,appalachian_state_university__2,technical_skills-1
appalachian_state_university,appalachian_state_university__3,technical_skills-1
appalachian_state_university,appalachian_state_university__4,technical_skills-1
appalachian_state_university,appalachian_state_university__5,technical_skills-1
appalachian_state_university,appalachian_state_university__6,use-3
appalachian_state_university,appalachian_state_university__6,sustainability_and_policy-4
appalachian_state_university,appalachian_state_university__7,sustainability_and_policy-4
appalachian_state_university,appalachian_state_university__7,engineering_capabilities-2
appalachian_state_university,appalachian_state_university__8,sustainability_and_policy-4
appalachian_state_university,appalachian_state_university__8,clean_energy_markets-4
appalachian_state_university,appalachian_state_university__9,sustainability_and_policy-4
appalachian_state_university,appalachian_state_university__10,sustainability_and_policy-4
appalachian_state_university,appalachian_state_university__11,technical_skills-1
appalachian_state_university,appalachian_state_university__12,technical_skills-1
appalachian_state_university,appalachian_state_university__13,hydrogen_phrases-5
appalachian_state_university,appalachian_state_university__14,sustainability_and_policy-4
appalachian_state_university,appalachian_state_university__15,sustainability_and_policy-4
appalachian_state_university,appalachian_state_university__16,sustainability_and_policy-4
appalachian_state_university,appalachian_state_university__17,sustainability_and_policy-4
appalachian_state_university,appalachian_state_university__18,sustainability_and_policy-4
appalachian_state_university,appalachian_state_university__19,sustainability_and_policy-4
appalachian_state_university,appalachian_state_university__20,sustainability_and_policy-4
appalachian_state_university,appalachian_state_university__21,sustainability_and_policy-4
appalachian_state_university,appalachian_state_university__22,sustainability_and_policy-4
appalachian_state_university,appalachian_state_university__23,sustainability_and_policy-4
appalachian_state_university,appalachian_state_university__24,sustainability_and_policy-4
appalachian_state_university,appalachian_state_university__25,technical_skills-1
appalachian_state_university,appalachian_state_university__26,sustainability_and_policy-4
appalachian_state_university,appalachian_state_university__27,sustainability_and_policy-4
appalachian_state_university,appalachian_state_university__28,engineering_capabilities-2
appalachian_state_university,appalachian_state_university__29,engineering_capabilities-2
appalachian_state_university,appalachian_state_university__30,sustainability_and_policy-4
appalachian_state_university,appalachian_state_university__31,engineering_capabilities-2
appalachian_state_university,appalachian_state_university__32,sustainability_and_policy-4
appalachian_state_university,appalachian_state_university__33,sustainability_and_policy-4
appalachian_state_university,appalachian_state_university__34,sustainability_and_policy-4
appalachian_state_university,appalachian_state_university__35,technical_skills-1
appalachian_state_university,appalachian_state_university__36,delivery_and_storage-3
appalachian_state_university,appalachian_state_university__37,sustainability_and_policy-4
appalachian_state_university,appalachian_state_university__38,sustainability_and_policy-4
appalachian_state_university,appalachian_state_university__39,sustainability_and_policy-4
appalachian_state_university,appalachian_state_university__40,technical_skills-1
appalachian_state_university,appalachian_state_university__41,technical_skills-1
appalachian_state_university,appalachian_state_university__42,sustainability_and_policy-4
appalachian_state_university,appalachian_state_university__43,technical_skills-1
appalachian_state_university,appalachian_state_university__44,technical_skills-1
appalachian_state_university,appalachian_state_university__45,technical_skills-1
appalachian_state_university,appalachian_state_university__46,sustainability_and_policy-4
appalachian_state_university,appalachian_state_university__47,sustainability_and_policy-4
appalachian_state_university,appalachian_state_university__48,technical_skills-1
appalachian_state_university,appalachian_state_university__49,technical_skills-1
appalachian_state_university,appalachian_state_university__50,engineering_capabilities-2
appalachian_state_university,appalachian_state_university__51,sustainability_and_policy-4
appalachian_state_university,appalachian_state_university__52,engineering_capabilities-2
appalachian_state_university,appalachian_state_university__53,sustainability_and_policy-4
appalachian_state_university,appalachian_state_university__54,sustainability_and_policy-4
appalachian_state_university,appalachian_state_university__55,technical_skills-1
appalachian_state_university,appalachian_state_university__56,delivery_and_storage-3
appalachian_state_university,appalachian_state_university__57,sustainability_and_policy-4
appalachian_state_university,appalachian_state_university__58,sustainability_and_policy-4
appalachian_state_university,appalachian_state_university__59,technical_skills-1
appalachian_state_university,appalachian_state_university__60,engineering_capabilities-2
appalachian_state_university,appalachian_state_university__61,technical_skills-1
appalachian_state_university,appalachian_state_university__62,engineering_capabilities-2
appalachian_state_university,appalachian_state_university__63,engineering_capabilities-2
appalachian_state_university,appalachian_state_university__64,technical_skills-1
appalachian_state_university,appalachian_state_university__65,engineering_capabilities-2
appalachian_state_university,appalachian_state_university__66,technical_skills-1
appalachian_state_university,appalachian_state_university__67,technical_skills-1
appalachian_state_university,appalachian_state_university__68,sustainability_and_policy-4
appalachian_state_university,appalachian_state_university__69,engineering_capabilities-2
appalachian_state_university,appalachian_state_university__70,technical_skills-1
appalachian_state_university,appalachian_state_university__71,sustainability_and_policy-4
appalachian_state_university,appalachian_state_university__72,technical_skills-1
appalachian_state_university,appalachian_state_university__73,technical_skills-1
appalachian_state_university,appalachian_state_university__74,sustainability_and_policy-4
appalachian_state_university,appalachian_state_university__75,technical_skills-1
appalachian_state_university,appalachian_state_university__76,sustainability_and_policy-4
appalachian_state_university,appalachian_state_university__77,sustainability_and_policy-4
appalachian_state_university,appalachian_state_university__78,engineering_capabilities-2
appalachian_state_university,appalachian_state_university__79,engineering_capabilities-2
appalachian_state_university,appalachian_state_university__80,engineering_capabilities-2
appalachian_state_university,appalachian_state_university__81,technical_skills-1
appalachian_state_university,appalachian_state_university__82,technical_skills-1
appalachian_state_university,appalachian_state_university__82,engineering_capabilities-2
appalachian_state_university,appalachian_state_university__83,engineering_capabilities-2
appalachian_state_university,appalachian_state_university__84,technical_skills-1
appalachian_state_university,appalachian_state_university__84,engineering_capabilities-2
appalachian_state_university,appalachian_state_university__85,sustainability_and_policy-4
appalachian_state_university,appalachian_state_university__86,engineering_capabilities-2
appalachian_state_university,appalachian_state_university__87,engineering_capabilities-2
appalachian_state_university,appalachian_state_university__88,technical_skills-1
appalachian_state_university,appalachian_state_university__89,technical_skills-1
appalachian_state_university,appalachian_state_university__90,use-3
appalachian_state_university,appalachian_state_university__91,technical_skills-1
appalachian_state_university,appalachian_state_university__92,technical_skills-1
appalachian_state_university,appalachian_state_university__93,sustainability_and_policy-4
appalachian_state_university,appalachian_state_university__94,sustainability_and_policy-4
appalachian_state_university,appalachian_state_university__95,sustainability_and_policy-4
appalachian_state_university,appalachian_state_university__95,technical_skills-1
california_institute_of_technology,california_institute_of_technology__0,technical_skills-1
california_institute_of_technology,california_institute_of_technology__1,technical_skills-1
california_institute_of_technology,california_institute_of_technology__2,engineering_capabilities-2
california_institute_of_technology,california_institute_of_technology__3,delivery_and_storage-3
california_institute_of_technology,california_institute_of_technology__4,engineering_capabilities-2
california_institute_of_technology,california_institute_of_technology__5,sustainability_and_policy-4
california_institute_of_technology,california_institute_of_technology__6,technical_skills-1
california_institute_of_technology,california_institute_of_technology__6,delivery_and_storage-3
california_institute_of_technology,california_institute_of_technology__7,engineering_capabilities-2
california_institute_of_technology,california_institute_of_technology__8,engineering_capabilities-2
california_institute_of_technology,california_institute_of_technology__9,engineering_capabilities-2
california_institute_of_technology,california_institute_of_technology__10,engineering_capabilities-2
california_institute_of_technology,california_institute_of_technology__11,engineering_capabilities-2
california_institute_of_technology,california_institute_of_technology__12,engineering_capabilities-2
california_institute_of_technology,california_institute_of_technology__13,engineering_capabilities-2
california_institute_of_technology,california_institute_of_technology__14,engineering_capabilities-2
california_institute_of_technology,california_institute_of_technology__15,engineering_capabilities-2
california_institute_of_technology,california_institute_of_technology__16,engineering_capabilities-2
california_institute_of_technology,california_institute_of_technology__17,delivery_and_storage-3
california_institute_of_technology,california_institute_of_technology__18,engineering_capabilities-2
california_institute_of_technology,california_institute_of_technology__19,production-3
california_institute_of_technology,california_institute_of_technology__20,sustainability_and_policy-4
california_institute_of_technology,california_institute_of_technology__21,sustainability_and_policy-4
california_institute_of_technology,california_institute_of_technology__22,hydrogen_phrases-5
california_institute_of_technology,california_institute_of_technology__23,delivery_and_storage-3
california_institute_of_technology,california_institute_of_technology__24,engineering_capabilities-2
california_institute_of_technology,california_institute_of_technology__24,technical_skills-1
california_institute_of_technology,california_institute_of_technology__25,engineering_capabilities-2
california_institute_of_technology,california_institute_of_technology__26,technical_skills-1
california_institute_of_technology,california_institute_of_technology__27,engineering_capabilities-2
california_institute_of_technology,california_institute_of_technology__28,technical_skills-1
california_institute_of_technology,california_institute_of_technology__29,engineering_capabilities-2
california_institute_of_technology,california_institute_of_technology__30,delivery_and_storage-3
california_institute_of_technology,california_institute_of_technology__31,engineering_capabilities-2
california_institute_of_technology,california_institute_of_technology__32,technical_skills-1
california_institute_of_technology,california_institute_of_technology__33,delivery_and_storage-3
california_institute_of_technology,california_institute_of_technology__34,technical_skills-1
california_institute_of_technology,california_institute_of_technology__35,technical_skills-1
california_institute_of_technology,california_institute_of_technology__36,sustainability_and_policy-4
california_institute_of_technology,california_institute_of_technology__37,delivery_and_storage-3
california_institute_of_technology,california_institute_of_technology__38,production-3
california_institute_of_technology,california_institute_of_technology__39,technical_skills-1
california_institute_of_technology,california_institute_of_technology__40,sustainability_and_policy-4
california_institute_of_technology,california_institute_of_technology__41,production-3
california_institute_of_technology,california_institute_of_technology__42,technical_skills-1
california_institute_of_technology,california_institute_of_technology__42,delivery_and_storage-3
california_institute_of_technology,california_institute_of_technology__43,sustainability_and_policy-4
california_institute_of_technology,california_institute_of_technology__44,sustainability_and_policy-4
california_institute_of_technology,california_institute_of_technology__45,sustainability_and_policy-4
california_institute_of_technology,california_institute_of_technology__46,sustainability_and_policy-4
california_institute_of_technology,california_institute_of_technology__47,technical_skills-1
california_institute_of_technology,california_institute_of_technology__48,technical_skills-1
california_institute_of_technology,california_institute_of_technology__49,technical_skills-1
california_institute_of_technology,california_institute_of_technology__50,technical_skills-1
california_institute_of_technology,california_institute_of_technology__51,engineering_capabilities-2
california_institute_of_technology,california_institute_of_technology__52,technical_skills-1
california_institute_of_technology,california_institute_of_technology__53,technical_skills-1
california_institute_of_technology,california_institute_of_technology__54,engineering_capabilities-2
california_institute_of_technology,california_institute_of_technology__55,delivery_and_storage-3
california_institute_of_technology,california_institute_of_technology__56,engineering_capabilities-2
california_institute_of_technology,california_institute_of_technology__57,engineering_capabilities-2
california_institute_of_technology,california_institute_of_technology__58,engineering_capabilities-2
california_institute_of_technology,california_institute_of_technology__58,technical_skills-1
california_institute_of_technology,california_institute_of_technology__59,engineering_capabilities-2
california_institute_of_technology,california_institute_of_technology__60,use-3
california_institute_of_technology,california_institute_of_technology__60,engineering_capabilities-2
california_institute_of_technology,california_institute_of_technology__61,engineering_capabilities-2
california_institute_of_technology,california_institute_of_technology__62,engineering_capabilities-2
california_institute_of_technology,california_institute_of_technology__63,engineering_capabilities-2
california_institute_of_technology,california_institute_of_technology__64,production-3
california_institute_of_technology,california_institute_of_technology__64,engineering_capabilities-2
california_institute_of_technology,california_institute_of_technology__65,technical_skills-1
california_institute_of_technology,california_institute_of_technology__66,technical_skills-1
california_institute_of_technology,california_institute_of_technology__67,production-3
california_institute_of_technology,california_institute_of_technology__68,engineering_capabilities-2
california_institute_of_technology,california_institute_of_technology__69,engineering_capabilities-2
california_institute_of_technology,california_institute_of_technology__70,delivery_and_storage-3
california_institute_of_technology,california_institute_of_technology__71,engineering_capabilities-2
california_institute_of_technology,california_institute_of_technology__72,engineering_capabilities-2
california_institute_of_technology,california_institute_of_technology__73,production-3
california_institute_of_technology,california_institute_of_technology__73,technical_skills-1
california_institute_of_technology,california_institute_of_technology__74,production-3
california_institute_of_technology,california_institute_of_technology__75,engineering_capabilities-2
california_institute_of_technology,california_institute_of_technology__76,engineering_capabilities-2
california_institute_of_technology,california_institute_of_technology__77,engineering_capabilities-2
california_institute_of_technology,california_institute_of_technology__78,sustainability_and_policy-4
california_institute_of_technology,california_institute_of_technology__79,delivery_and_storage-3
california_institute_of_technology,california_institute_of_technology__80,technical_skills-1
california_institute_of_technology,california_institute_of_technology__81,engineering_capabilities-2
california_institute_of_technology,california_institute_of_technology__82,engineering_capabilities-2
california_institute_of_technology,california_institute_of_technology__83,delivery_and_storage-3
california_institute_of_technology,california_institute_of_technology__84,delivery_and_storage-3
california_institute_of_technology,california_institute_of_technology__85,delivery_and_storage-3
california_institute_of_technology,california_institute_of_technology__86,delivery_and_storage-3
california_institute_of_technology,california_institute_of_technology__87,technical_skills-1
california_institute_of_technology,california_institute_of_technology__88,engineering_capabilities-2
california_institute_of_technology,california_institute_of_technology__89,delivery_and_storage-3
california_institute_of_technology,california_institute_of_technology__90,sustainability_and_policy-4
california_institute_of_technology,california_institute_of_technology__91,production-3
california_institute_of_technology,california_institute_of_technology__92,sustainability_and_policy-4
california_institute_of_technology,california_institute_of_technology__92,engineering_capabilities-2
california_institute_of_technology,california_institute_of_technology__93,engineering_capabilities-2
california_institute_of_technology,california_institute_of_technology__94,production-3
california_institute_of_technology,california_institute_of_technology__94,engineering_capabilities-2
california_institute_of_technology,california_institute_of_technology__95,engineering_capabilities-2
california_institute_of_technology,california_institute_of_technology__96,engineering_capabilities-2
california_institute_of_technology,california_institute_of_technology__97,production-3
california_institute_of_technology,california_institute_of_technology__98,production-3
california_institute_of_technology,california_institute_of_technology__99,engineering_capabilities-2
california_institute_of_technology,california_institute_of_technology__100,production-3
california_institute_of_technology,california_institute_of_technology__101,delivery_and_storage-3
california_institute_of_technology,california_institute_of_technology__102,engineering_capabilities-2
california_institute_of_technology,california_institute_of_technology__103,engineering_capabilities-2
california_institute_of_technology,california_institute_of_technology__104,production-3
california_institute_of_technology,california_institute_of_technology__105,production-3
california_institute_of_technology,california_institute_of_technology__106,production-3
california_institute_of_technology,california_institute_of_technology__107,production-3
california_institute_of_technology,california_institute_of_technology__108,engineering_capabilities-2
california_institute_of_technology,california_institute_of_technology__109,engineering_capabilities-2
california_institute_of_technology,california_institute_of_technology__110,production-3
california_institute_of_technology,california_institute_of_technology__111,production-3
california_institute_of_technology,california_institute_of_technology__112,sustainability_and_policy-4
california_institute_of_technology,california_institute_of_technology__113,production-3
california_institute_of_technology,california_institute_of_technology__114,engineering_capabilities-2
california_state_university_long_beach,california_state_university_long_beach__0,sustainability_and_policy-4
california_state_university_long_beach,california_state_university_long_beach__1,delivery_and_storage-3
california_state_university_long_beach,california_state_university_long_beach__2,sustainability_and_policy-4
california_state_university_long_beach,california_state_university_long_beach__3,engineering_capabilities-2
california_state_university_long_beach,california_state_university_long_beach__4,technical_skills-1
california_state_university_long_beach,california_state_university_long_beach__5,technical_skills-1
california_state_university_long_beach,california_state_university_long_beach__6,sustainability_and_policy-4
california_state_university_long_beach,california_state_university_long_beach__7,sustainability_and_policy-4
california_state_university_long_beach,california_state_university_long_beach__8,sustainability_and_policy-4
california_state_university_long_beach,california_state_university_long_beach__9,production-3
california_state_university_long_beach,california_state_university_long_beach__10,delivery_and_storage-3
california_state_university_long_beach,california_state_university_long_beach__11,technical_skills-1
california_state_university_long_beach,california_state_university_long_beach__12,engineering_capabilities-2
california_state_university_long_beach,california_state_university_long_beach__13,engineering_capabilities-2
california_state_university_long_beach,california_state_university_long_beach__14,engineering_capabilities-2
california_state_university_long_beach,california_state_university_long_beach__15,engineering_capabilities-2
california_state_university_long_beach,california_state_university_long_beach__16,engineering_capabilities-2
california_state_university_long_beach,california_state_university_long_beach__17,engineering_capabilities-2
california_state_university_long_beach,california_state_university_long_beach__18,engineering_capabilities-2
california_state_university_long_beach,california_state_university_long_beach__19,engineering_capabilities-2
california_state_university_long_beach,california_state_university_long_beach__20,engineering_capabilities-2
california_state_university_long_beach,california_state_university_long_beach__21,engineering_capabilities-2
california_state_university_long_beach,california_state_university_long_beach__21,technical_skills-1
california_state_university_long_beach,california_state_university_long_beach__22,engineering_capabilities-2
california_state_university_long_beach,california_state_university_long_beach__23,engineering_capabilities-2
california_state_university_long_beach,california_state_university_long_beach__24,hydrogen_phrases-5
california_state_university_long_beach,california_state_university_long_beach__24,use-3
california_state_university_long_beach,california_state_university_long_beach__24,engineering_capabilities-2
california_state_university_long_beach,california_state_university_long_beach__24,production-3
california_state_university_long_beach,california_state_university_long_beach__25,engineering_capabilities-2
california_state_university_long_beach,california_state_university_long_beach__26,engineering_capabilities-2
california_state_university_long_beach,california_state_university_long_beach__27,production-3
california_state_university_long_beach,california_state_university_long_beach__27,engineering_capabilities-2
california_state_university_long_beach,california_state_university_long_beach__28,engineering_capabilities-2
california_state_university_long_beach,california_state_university_long_beach__29,production-3
california_state_university_long_beach,california_state_university_long_beach__29,engineering_capabilities-2
california_state_university_long_beach,california_state_university_long_beach__30,engineering_capabilities-2
california_state_university_long_beach,california_state_university_long_beach__30,technical_skills-1
california_state_university_long_beach,california_state_university_long_beach__31,engineering_capabilities-2
california_state_university_long_beach,california_state_university_long_beach__32,engineering_capabilities-2
california_state_university_long_beach,california_state_university_long_beach__32,technical_skills-1
california_state_university_long_beach,california_state_university_long_beach__33,engineering_capabilities-2
california_state_university_long_beach,california_state_university_long_beach__34,engineering_capabilities-2
california_state_university_long_beach,california_state_university_long_beach__35,engineering_capabilities-2
california_state_university_long_beach,california_state_university_long_beach__36,technical_skills-1
california_state_university_long_beach,california_state_university_long_beach__37,engineering_capabilities-2
california_state_university_long_beach,california_state_university_long_beach__38,engineering_capabilities-2
california_state_university_long_beach,california_state_university_long_beach__38,technical_skills-1
california_state_university_long_beach,california_state_university_long_beach__39,technical_skills-1
california_state_university_long_beach,california_state_university_long_beach__40,engineering_capabilities-2
california_state_university_long_beach,california_state_university_long_beach__40,technical_skills-1
california_state_university_long_beach,california_state_university_long_beach__41,production-3
california_state_university_long_beach,california_state_university_long_beach__41,use-3
california_state_university_long_beach,california_state_university_long_beach__41,engineering_capabilities-2
california_state_university_long_beach,california_state_university_long_beach__42,engineering_capabilities-2
california_state_university_long_beach,california_state_university_long_beach__43,hydrogen_phrases-5
california_state_university_long_beach,california_state_university_long_beach__43,use-3
california_state_university_long_beach,california_state_university_long_beach__43,engineering_capabilities-2
california_state_university_long_beach,california_state_university_long_beach__43,production-3
california_state_university_long_beach,california_state_university_long_beach__44,production-3
california_state_university_long_beach,california_state_university_long_beach__45,production-3
california_state_university_long_beach,california_state_university_long_beach__45,engineering_capabilities-2
california_state_university_long_beach,california_state_university_long_beach__46,engineering_capabilities-2
california_state_university_long_beach,california_state_university_long_beach__46,technical_skills-1
california_state_university_long_beach,california_state_university_long_beach__47,technical_skills-1
california_state_university_long_beach,california_state_university_long_beach__48,technical_skills-1
california_state_university_long_beach,california_state_university_long_beach__49,engineering_capabilities-2
california_state_university_long_beach,california_state_university_long_beach__50,engineering_capabilities-2
california_state_university_long_beach,california_state_university_long_beach__50,delivery_and_storage-3
california_state_university_long_beach,california_state_university_long_beach__51,engineering_capabilities-2
california_state_university_long_beach,california_state_university_long_beach__52,engineering_capabilities-2
california_state_university_long_beach,california_state_university_long_beach__53,engineering_capabilities-2
california_state_university_long_beach,california_state_university_long_beach__54,engineering_capabilities-2
california_state_university_long_beach,california_state_university_long_beach__55,engineering_capabilities-2
california_state_university_long_beach,california_state_university_long_beach__56,engineering_capabilities-2
california_state_university_long_beach,california_state_university_long_beach__57,production-3
california_state_university_long_beach,california_state_university_long_beach__58,sustainability_and_policy-4
california_state_university_long_beach,california_state_university_long_beach__59,engineering_capabilities-2
california_state_university_long_beach,california_state_university_long_beach__60,technical_skills-1
california_state_university_long_beach,california_state_university_long_beach__61,engineering_capabilities-2
california_state_university_long_beach,california_state_university_long_beach__62,sustainability_and_policy-4
california_state_university_long_beach,california_state_university_long_beach__63,sustainability_and_policy-4
california_state_university_long_beach,california_state_university_long_beach__64,engineering_capabilities-2
california_state_university_long_beach,california_state_university_long_beach__65,engineering_capabilities-2
california_state_university_long_beach,california_state_university_long_beach__65,technical_skills-1
california_state_university_long_beach,california_state_university_long_beach__66,engineering_capabilities-2
california_state_university_long_beach,california_state_university_long_beach__67,engineering_capabilities-2
california_state_university_long_beach,california_state_university_long_beach__68,engineering_capabilities-2
california_state_university_long_beach,california_state_university_long_beach__69,technical_skills-1
california_state_university_long_beach,california_state_university_long_beach__70,engineering_capabilities-2
california_state_university_long_beach,california_state_university_long_beach__71,sustainability_and_policy-4
california_state_university_long_beach,california_state_university_long_beach__72,technical_skills-1
california_state_university_long_beach,california_state_university_long_beach__73,sustainability_and_policy-4
california_state_university_long_beach,california_state_university_long_beach__74,sustainability_and_policy-4
california_state_university_long_beach,california_state_university_long_beach__75,technical_skills-1
california_state_university_long_beach,california_state_university_long_beach__76,technical_skills-1
california_state_university_long_beach,california_state_university_long_beach__77,technical_skills-1
california_state_university_long_beach,california_state_university_long_beach__78,engineering_capabilities-2
california_state_university_long_beach,california_state_university_long_beach__79,sustainability_and_policy-4
california_state_university_long_beach,california_state_university_long_beach__80,technical_skills-1
california_state_university_long_beach,california_state_university_long_beach__81,technical_skills-1
california_state_university_long_beach,california_state_university_long_beach__82,technical_skills-1
california_state_university_long_beach,california_state_university_long_beach__83,technical_skills-1
california_state_university_long_beach,california_state_university_long_beach__84,engineering_capabilities-2
california_state_university_long_beach,california_state_university_long_beach__84,technical_skills-1
california_state_university_long_beach,california_state_university_long_beach__85,engineering_capabilities-2
california_state_university_long_beach,california_state_university_long_beach__86,engineering_capabilities-2
california_state_university_long_beach,california_state_university_long_beach__87,engineering_capabilities-2
california_state_university_long_beach,california_state_university_long_beach__87,technical_skills-1
california_state_university_long_beach,california_state_university_long_beach__88,engineering_capabilities-2
california_state_university_long_beach,california_state_university_long_beach__88,technical_skills-1
california_state_university_long_beach,california_state_university_long_beach__89,technical_skills-1
california_state_university_long_beach,california_state_university_long_beach__90,engineering_capabilities-2
california_state_university_long_beach,california_state_university_long_beach__91,engineering_capabilities-2
california_state_university_long_beach,california_state_university_long_beach__92,engineering_capabilities-2
california_state_university_long_beach,california_state_university_long_beach__93,engineering_capabilities-2
california_state_university_long_beach,california_state_university_long_beach__93,technical_skills-1
california_state_university_long_beach,california_state_university_long_beach__94,engineering_capabilities-2
california_state_university_long_beach,california_state_university_long_beach__95,engineering_capabilities-2
california_state_university_long_beach,california_state_university_long_beach__96,technical_skills-1
california_state_university_long_beach,california_state_university_long_beach__97,engineering_capabilities-2
california_state_university_long_beach,california_state_university_long_beach__97,technical_skills-1
california_state_university_long_beach,california_state_university_long_beach__98,technical_skills-1
california_state_university_long_beach,california_state_university_long_beach__99,technical_skills-1
california_state_university_long_beach,california_state_university_long_beach__100,engineering_capabilities-2
california_state_university_long_beach,california_state_university_long_beach__101,technical_skills-1
california_state_university_long_beach,california_state_university_long_beach__102,engineering_capabilities-2
california_state_university_long_beach,california_state_university_long_beach__103,technical_skills-1
california_state_university_long_beach,california_state_university_long_beach__104,engineering_capabilities-2
california_state_university_long_beach,california_state_university_long_beach__104,technical_skills-1
california_state_university_long_beach,california_state_university_long_beach__105,engineering_capabilities-2
california_state_university_long_beach,california_state_university_long_beach__106,technical_skills-1
california_state_university_long_beach,california_state_university_long_beach__107,technical_skills-1
california_state_university_long_beach,california_state_university_long_beach__108,delivery_and_storage-3
california_state_university_long_beach,california_state_university_long_beach__109,technical_skills-1
california_state_university_long_beach,california_state_university_long_beach__110,technical_skills-1
california_state_university_long_beach,california_state_university_long_beach__111,technical_skills-1
california_state_university_long_beach,california_state_university_long_beach__112,technical_skills-1
california_state_university_long_beach,california_state_university_long_beach__113,technical_skills-1
california_state_university_long_beach,california_state_university_long_beach__114,sustainability_and_policy-4
california_state_university_long_beach,california_state_university_long_beach__115,technical_skills-1
california_state_university_long_beach,california_state_university_long_beach__116,sustainability_and_policy-4
california_state_university_long_beach,california_state_university_long_beach__117,sustainability_and_policy-4
california_state_university_long_beach,california_state_university_long_beach__118,sustainability_and_policy-4
california_state_university_long_beach,california_state_university_long_beach__119,engineering_capabilities-2
california_state_university_long_beach,california_state_university_long_beach__120,engineering_capabilities-2
california_state_university_long_beach,california_state_university_long_beach__121,technical_skills-1
california_state_university_long_beach,california_state_university_long_beach__122,engineering_capabilities-2
california_state_university_long_beach,california_state_university_long_beach__123,technical_skills-1
california_state_university_long_beach,california_state_university_long_beach__124,technical_skills-1
california_state_university_long_beach,california_state_university_long_beach__125,engineering_capabilities-2
california_state_university_long_beach,california_state_university_long_beach__126,technical_skills-1
california_state_university_long_beach,california_state_university_long_beach__127,technical_skills-1
california_state_university_long_beach,california_state_university_long_beach__128,technical_skills-1
california_state_university_long_beach,california_state_university_long_beach__129,technical_skills-1
california_state_university_long_beach,california_state_university_long_beach__130,technical_skills-1
california_state_university_long_beach,california_state_university_long_beach__131,engineering_capabilities-2
california_state_university_long_beach,california_state_university_long_beach__132,sustainability_and_policy-4
california_state_university_long_beach,california_state_university_long_beach__132,clean_energy_markets-4
california_state_university_long_beach,california_state_university_long_beach__133,sustainability_and_policy-4
california_state_university_long_beach,california_state_university_long_beach__134,technical_skills-1
california_state_university_long_beach,california_state_university_long_beach__135,technical_skills-1
california_state_university_long_beach,california_state_university_long_beach__136,engineering_capabilities-2
california_state_university_long_beach,california_state_university_long_beach__137,engineering_capabilities-2
california_state_university_long_beach,california_state_university_long_beach__138,engineering_capabilities-2
california_state_university_long_beach,california_state_university_long_beach__139,technical_skills-1
california_state_university_long_beach,california_state_university_long_beach__140,engineering_capabilities-2
california_state_university_long_beach,california_state_university_long_beach__141,engineering_capabilities-2
california_state_university_long_beach,california_state_university_long_beach__142,sustainability_and_policy-4
california_state_university_long_beach,california_state_university_long_beach__143,technical_skills-1
california_state_university_long_beach,california_state_university_long_beach__144,technical_skills-1
california_state_university_long_beach,california_state_university_long_beach__145,sustainability_and_policy-4
california_state_university_long_beach,california_state_university_long_beach__146,technical_skills-1
california_state_university_long_beach,california_state_university_long_beach__147,sustainability_and_policy-4
california_state_university_long_beach,california_state_university_long_beach__148,technical_skills-1
california_state_university_long_beach,california_state_university_long_beach__149,engineering_capabilities-2
california_state_university_long_beach,california_state_university_long_beach__150,engineering_capabilities-2
california_state_university_long_beach,california_state_university_long_beach__151,sustainability_and_policy-4
california_state_university_long_beach,california_state_university_long_beach__152,sustainability_and_policy-4
california_state_university_long_beach,california_state_university_long_beach__153,sustainability_and_policy-4
california_state_university_long_beach,california_state_university_long_beach__154,sustainability_and_policy-4
california_state_university_long_beach,california_state_university_long_beach__155,sustainability_and_policy-4
california_state_university_long_beach,california_state_university_long_beach__156,sustainability_and_policy-4
california_state_university_long_beach,california_state_university_long_beach__157,sustainability_and_policy-4
california_state_university_long_beach,california_state_university_long_beach__158,sustainability_and_policy-4
california_state_university_long_beach,california_state_university_long_beach__159,sustainability_and_policy-4
california_state_university_long_beach,california_state_university_long_beach__160,engineering_capabilities-2
california_state_university_long_beach,california_state_university_long_beach__161,technical_skills-1
california_state_university_long_beach,california_state_university_long_beach__162,technical_skills-1
california_state_university_long_beach,california_state_university_long_beach__163,technical_skills-1
california_state_university_long_beach,california_state_university_long_beach__164,sustainability_and_policy-4
california_state_university_long_beach,california_state_university_long_beach__165,sustainability_and_policy-4
california_state_university_long_beach,california_state_university_long_beach__165,use-3
california_state_university_long_beach,california_state_university_long_beach__166,sustainability_and_policy-4
california_state_university_long_beach,california_state_university_long_beach__167,technical_skills-1
california_state_university_long_beach,california_state_university_long_beach__168,technical_skills-1
california_state_university_long_beach,california_state_university_long_beach__169,technical_skills-1
california_state_university_long_beach,california_state_university_long_beach__170,sustainability_and_policy-4
california_state_university_long_beach,california_state_university_long_beach__170,use-3
california_state_university_long_beach,california_state_university_long_beach__171,technical_skills-1
california_state_university_long_beach,california_state_university_long_beach__172,engineering_capabilities-2
california_state_university_long_beach,california_state_university_long_beach__173,engineering_capabilities-2
california_state_university_long_beach,california_state_university_long_beach__174,engineering_capabilities-2
california_state_university_long_beach,california_state_university_long_beach__175,technical_skills-1
california_state_university_long_beach,california_state_university_long_beach__176,technical_skills-1
california_state_university_long_beach,california_state_university_long_beach__177,technical_skills-1
california_state_university_long_beach,california_state_university_long_beach__178,engineering_capabilities-2
california_state_university_long_beach,california_state_university_long_beach__179,use-3
california_state_university_long_beach,california_state_university_long_beach__180,technical_skills-1
california_state_university_long_beach,california_state_university_long_beach__181,technical_skills-1
california_state_university_long_beach,california_state_university_long_beach__182,technical_skills-1
california_state_university_long_beach,california_state_university_long_beach__183,engineering_capabilities-2
california_state_university_long_beach,california_state_university_long_beach__184,engineering_capabilities-2
california_state_university_long_beach,california_state_university_long_beach__185,engineering_capabilities-2
california_state_university_long_beach,california_state_university_long_beach__186,engineering_capabilities-2
california_state_university_long_beach,california_state_university_long_beach__187,sustainability_and_policy-4
california_state_university_long_beach,california_state_university_long_beach__188,technical_skills-1
california_state_university_long_beach,california_state_university_long_beach__189,engineering_capabilities-2
california_state_university_long_beach,california_state_university_long_beach__190,clean_energy_markets-4
california_state_university_long_beach,california_state_university_long_beach__191,sustainability_and_policy-4
california_state_university_long_beach,california_state_university_long_beach__192,sustainability_and_policy-4
california_state_university_long_beach,california_state_university_long_beach__193,sustainability_and_policy-4
california_state_university_long_beach,california_state_university_long_beach__194,delivery_and_storage-3
california_state_university_long_beach,california_state_university_long_beach__195,delivery_and_storage-3
california_state_university_long_beach,california_state_university_long_beach__196,technical_skills-1
california_state_university_long_beach,california_state_university_long_beach__197,technical_skills-1
california_state_university_long_beach,california_state_university_long_beach__198,sustainability_and_policy-4
california_state_university_long_beach,california_state_university_long_beach__199,engineering_capabilities-2
california_state_university_long_beach,california_state_university_long_beach__200,engineering_capabilities-2
california_state_university_long_beach,california_state_university_long_beach__201,engineering_capabilities-2
california_state_university_long_beach,california_state_university_long_beach__202,sustainability_and_policy-4
california_state_university_long_beach,california_state_university_long_beach__203,sustainability_and_policy-4
california_state_university_long_beach,california_state_university_long_beach__204,engineering_capabilities-2
california_state_university_long_beach,california_state_university_long_beach__205,sustainability_and_policy-4
california_state_university_long_beach,california_state_university_long_beach__206,engineering_capabilities-2
california_state_university_long_beach,california_state_university_long_beach__207,technical_skills-1
california_state_university_long_beach,california_state_university_long_beach__208,technical_skills-1
california_state_university_long_beach,california_state_university_long_beach__209,delivery_and_storage-3
california_state_university_long_beach,california_state_university_long_beach__210,engineering_capabilities-2
california_state_university_long_beach,california_state_university_long_beach__211,engineering_capabilities-2
california_state_university_long_beach,california_state_university_long_beach__212,delivery_and_storage-3
california_state_university_long_beach,california_state_university_long_beach__213,engineering_capabilities-2
california_state_university_long_beach,california_state_university_long_beach__214,engineering_capabilities-2
california_state_university_long_beach,california_state_university_long_beach__215,technical_skills-1
california_state_university_long_beach,california_state_university_long_beach__216,engineering_capabilities-2
california_state_university_long_beach,california_state_university_long_beach__217,technical_skills-1
california_state_university_long_beach,california_state_university_long_beach__218,technical_skills-1
california_state_university_long_beach,california_state_university_long_beach__219,engineering_capabilities-2
california_state_university_long_beach,california_state_university_long_beach__220,technical_skills-1
california_state_university_long_beach,california_state_university_long_beach__221,engineering_capabilities-2
california_state_university_long_beach,california_state_university_long_beach__221,technical_skills-1
california_state_university_long_beach,california_state_university_long_beach__222,sustainability_and_policy-4
california_state_university_long_beach,california_state_university_long_beach__223,technical_skills-1
california_state_university_long_beach,california_state_university_long_beach__224,engineering_capabilities-2
california_state_university_long_beach,california_state_university_long_beach__225,sustainability_and_policy-4
california_state_university_long_beach,california_state_university_long_beach__226,sustainability_and_policy-4
california_state_university_long_beach,california_state_university_long_beach__227,engineering_capabilities-2
california_state_university_long_beach,california_state_university_long_beach__228,engineering_capabilities-2
california_state_university_long_beach,california_state_university_long_beach__229,technical_skills-1
california_state_university_long_beach,california_state_university_long_beach__230,technical_skills-1
california_state_university_long_beach,california_state_university_long_beach__231,technical_skills-1
california_state_university_long_beach,california_state_university_long_beach__232,engineering_capabilities-2
california_state_university_long_beach,california_state_university_long_beach__233,engineering_capabilities-2
california_state_university_long_beach,california_state_university_long_beach__234,engineering_capabilities-2
california_state_university_long_beach,california_state_university_long_beach__235,production-3
california_state_university_long_beach,california_state_university_long_beach__236,production-3
california_state_university_long_beach,california_state_university_long_beach__237,engineering_capabilities-2
california_state_university_long_beach,california_state_university_long_beach__238,engineering_capabilities-2
california_state_university_long_beach,california_state_university_long_beach__239,engineering_capabilities-2
california_state_university_long_beach,california_state_university_long_beach__240,hydrogen_phrases-5
california_state_university_long_beach,california_state_university_long_beach__241,engineering_capabilities-2
california_state_university_long_beach,california_state_university_long_beach__242,engineering_capabilities-2
california_state_university_long_beach,california_state_university_long_beach__243,engineering_capabilities-2
california_state_university_long_beach,california_state_university_long_beach__244,engineering_capabilities-2
california_state_university_long_beach,california_state_university_long_beach__245,engineering_capabilities-2
california_state_university_long_beach,california_state_university_long_beach__246,sustainability_and_policy-4
california_state_university_long_beach,california_state_university_long_beach__246,technical_skills-1
california_state_university_long_beach,california_state_university_long_beach__247,technical_skills-1
california_state_university_long_beach,california_state_university_long_beach__248,sustainability_and_policy-4
california_state_university_long_beach,california_state_university_long_beach__249,engineering_capabilities-2
california_state_university_long_beach,california_state_university_long_beach__250,sustainability_and_policy-4
california_state_university_long_beach,california_state_university_long_beach__251,technical_skills-1
california_state_university_long_beach,california_state_university_long_beach__252,technical_skills-1
louisiana_state_university,louisiana_state_university__0,engineering_capabilities-2
louisiana_state_university,louisiana_state_university__1,engineering_capabilities-2
louisiana_state_university,louisiana_state_university__1,technical_skills-1
louisiana_state_university,louisiana_state_university__2,engineering_capabilities-2
louisiana_state_university,louisiana_state_university__3,engineering_capabilities-2
louisiana_state_university,louisiana_state_university__4,engineering_capabilities-2
louisiana_state_university,louisiana_state_university__5,engineering_capabilities-2
louisiana_state_university,louisiana_state_university__6,technical_skills-1
louisiana_state_university,louisiana_state_university__7,clean_energy_markets-4
louisiana_state_university,louisiana_state_university__8,technical_skills-1
louisiana_state_university,louisiana_state_university__9,engineering_capabilities-2
louisiana_state_university,louisiana_state_university__10,technical_skills-1
louisiana_state_university,louisiana_state_university__11,engineering_capabilities-2
louisiana_state_university,louisiana_state_university__12,sustainability_and_policy-4
louisiana_state_university,louisiana_state_university__13,engineering_capabilities-2
louisiana_state_university,louisiana_state_university__14,sustainability_and_policy-4
louisiana_state_university,louisiana_state_university__15,engineering_capabilities-2
louisiana_state_university,louisiana_state_university__16,sustainability_and_policy-4
louisiana_state_university,louisiana_state_university__17,sustainability_and_policy-4
louisiana_state_university,louisiana_state_university__17,technical_skills-1
louisiana_state_university,louisiana_state_university__18,delivery_and_storage-3
louisiana_state_university,louisiana_state_university__19,technical_skills-1
louisiana_state_university,louisiana_state_university__20,sustainability_and_policy-4
louisiana_state_university,louisiana_state_university__21,engineering_capabilities-2
louisiana_state_university,louisiana_state_university__21,technical_skills-1
louisiana_state_university,louisiana_state_university__22,delivery_and_storage-3
louisiana_state_university,louisiana_state_university__23,delivery_and_storage-3
louisiana_state_university,louisiana_state_university__24,technical_skills-1
louisiana_state_university,louisiana_state_university__25,production-3
louisiana_state_university,louisiana_state_university__26,hydrogen_phrases-5
louisiana_state_university,louisiana_state_university__27,engineering_capabilities-2
louisiana_state_university,louisiana_state_university__28,technical_skills-1
louisiana_state_university,louisiana_state_university__29,technical_skills-1
louisiana_state_university,louisiana_state_university__30,sustainability_and_policy-4
louisiana_state_university,louisiana_state_university__30,clean_energy_markets-4
louisiana_state_university,louisiana_state_university__31,technical_skills-1
louisiana_state_university,louisiana_state_university__32,technical_skills-1
louisiana_state_university,louisiana_state_university__33,technical_skills-1
louisiana_state_university,louisiana_state_university__34,technical_skills-1
louisiana_state_university,louisiana_state_university__35,sustainability_and_policy-4
louisiana_state_university,louisiana_state_university__36,technical_skills-1
louisiana_state_university,louisiana_state_university__37,technical_skills-1
louisiana_state_university,louisiana_state_university__38,technical_skills-1
louisiana_state_university,louisiana_state_university__39,technical_skills-1
louisiana_state_university,louisiana_state_university__39,delivery_and_storage-3
louisiana_state_university,louisiana_state_university__40,technical_skills-1
louisiana_state_university,louisiana_state_university__41,engineering_capabilities-2
louisiana_state_university,louisiana_state_university__42,technical_skills-1
louisiana_state_university,louisiana_state_university__43,technical_skills-1
louisiana_state_university,louisiana_state_university__44,technical_skills-1
louisiana_state_university,louisiana_state_university__45,technical_skills-1
louisiana_state_university,louisiana_state_university__46,technical_skills-1
louisiana_state_university,louisiana_state_university__47,technical_skills-1
louisiana_state_university,louisiana_state_university__48,technical_skills-1
louisiana_state_university,louisiana_state_university__49,technical_skills-1
louisiana_state_university,louisiana_state_university__50,technical_skills-1
louisiana_state_university,louisiana_state_university__51,technical_skills-1
louisiana_state_university,louisiana_state_university__52,technical_skills-1
louisiana_state_university,louisiana_state_university__53,technical_skills-1
louisiana_state_university,louisiana_state_university__54,technical_skills-1
louisiana_state_university,louisiana_state_university__55,engineering_capabilities-2
louisiana_state_university,louisiana_state_university__55,technical_skills-1
louisiana_state_university,louisiana_state_university__56,engineering_capabilities-2
louisiana_state_university,louisiana_state_university__57,delivery_and_storage-3
louisiana_state_university,louisiana_state_university__58,technical_skills-1
louisiana_state_university,louisiana_state_university__59,technical_skills-1
louisiana_state_university,louisiana_state_university__60,technical_skills-1
louisiana_state_university,louisiana_state_university__61,engineering_capabilities-2
louisiana_state_university,louisiana_state_university__62,technical_skills-1
louisiana_state_university,louisiana_state_university__63,engineering_capabilities-2
louisiana_state_university,louisiana_state_university__64,technical_skills-1
louisiana_state_university,louisiana_state_university__65,delivery_and_storage-3
louisiana_state_university,louisiana_state_university__66,engineering_capabilities-2
louisiana_state_university,louisiana_state_university__67,engineering_capabilities-2
louisiana_state_university,louisiana_state_university__68,technical_skills-1
louisiana_state_university,louisiana_state_university__69,technical_skills-1
louisiana_state_university,louisiana_state_university__70,engineering_capabilities-2
louisiana_state_university,louisiana_state_university__71,clean_energy_markets-4
louisiana_state_university,louisiana_state_university__72,technical_skills-1
louisiana_state_university,louisiana_state_university__73,engineering_capabilities-2
louisiana_state_university,louisiana_state_university__74,engineering_capabilities-2
louisiana_state_university,louisiana_state_university__75,engineering_capabilities-2
louisiana_state_university,louisiana_state_university__76,clean_energy_markets-4
louisiana_state_university,louisiana_state_university__77,engineering_capabilities-2
louisiana_state_university,louisiana_state_university__78,sustainability_and_policy-4
louisiana_state_university,louisiana_state_university__79,engineering_capabilities-2
louisiana_state_university,louisiana_state_university__80,engineering_capabilities-2
louisiana_state_university,louisiana_state_university__81,technical_skills-1
louisiana_state_university,louisiana_state_university__82,technical_skills-1
louisiana_state_university,louisiana_state_university__83,technical_skills-1
louisiana_state_university,louisiana_state_university__84,technical_skills-1
louisiana_state_university,louisiana_state_university__85,technical_skills-1
louisiana_state_university,louisiana_state_university__86,technical_skills-1
louisiana_state_university,louisiana_state_university__87,sustainability_and_policy-4
louisiana_state_university,louisiana_state_university__88,technical_skills-1
louisiana_state_university,louisiana_state_university__89,sustainability_and_policy-4
louisiana_state_university,louisiana_state_university__90,engineering_capabilities-2
louisiana_state_university,louisiana_state_university__91,use-3
louisiana_state_university,louisiana_state_university__92,engineering_capabilities-2
louisiana_state_university,louisiana_state_university__93,technical_skills-1
louisiana_state_university,louisiana_state_university__94,technical_skills-1
louisiana_state_university,louisiana_state_university__95,sustainability_and_policy-4
louisiana_state_university,louisiana_state_university__96,sustainability_and_policy-4
louisiana_state_university,louisiana_state_university__97,engineering_capabilities-2
louisiana_state_university,louisiana_state_university__98,engineering_capabilities-2
louisiana_state_university,louisiana_state_university__99,technical_skills-1
louisiana_state_university,louisiana_state_university__100,hydrogen_phrases-5
louisiana_state_university,louisiana_state_university__101,technical_skills-1
louisiana_state_university,louisiana_state_university__102,technical_skills-1
louisiana_state_university,louisiana_state_university__102,delivery_and_storage-3
louisiana_state_university,louisiana_state_university__103,technical_skills-1
louisiana_state_university,louisiana_state_university__104,sustainability_and_policy-4
louisiana_state_university,louisiana_state_university__105,technical_skills-1
louisiana_state_university,louisiana_state_university__106,engineering_capabilities-2
louisiana_state_university,louisiana_state_university__107,technical_skills-1
louisiana_state_university,louisiana_state_university__108,technical_skills-1
louisiana_state_university,louisiana_state_university__109,technical_skills-1
louisiana_state_university,louisiana_state_university__110,technical_skills-1
louisiana_state_university,louisiana_state_university__111,sustainability_and_policy-4
louisiana_state_university,louisiana_state_university__112,use-3
louisiana_state_university,louisiana_state_university__113,sustainability_and_policy-4
louisiana_state_university,louisiana_state_university__114,technical_skills-1
louisiana_state_university,louisiana_state_university__115,use-3
louisiana_state_university,louisiana_state_university__116,sustainability_and_policy-4
louisiana_state_university,louisiana_state_university__116,use-3
louisiana_state_university,louisiana_state_university__117,sustainability_and_policy-4
louisiana_state_university,louisiana_state_university__118,engineering_capabilities-2
louisiana_state_university,louisiana_state_university__119,engineering_capabilities-2
louisiana_state_university,louisiana_state_university__120,sustainability_and_policy-4
louisiana_state_university,louisiana_state_university__121,technical_skills-1
louisiana_state_university,louisiana_state_university__122,sustainability_and_policy-4
louisiana_state_university,louisiana_state_university__123,technical_skills-1
louisiana_state_university,louisiana_state_university__124,engineering_capabilities-2
louisiana_state_university,louisiana_state_university__125,technical_skills-1
louisiana_state_university,louisiana_state_university__126,delivery_and_storage-3
louisiana_state_university,louisiana_state_university__127,technical_skills-1
louisiana_state_university,louisiana_state_university__128,sustainability_and_policy-4
louisiana_state_university,louisiana_state_university__129,sustainability_and_policy-4
louisiana_state_university,louisiana_state_university__129,technical_skills-1
louisiana_state_university,louisiana_state_university__130,engineering_capabilities-2
louisiana_state_university,louisiana_state_university__131,sustainability_and_policy-4
louisiana_state_university,louisiana_state_university__132,technical_skills-1
louisiana_state_university,louisiana_state_university__133,technical_skills-1
louisiana_state_university,louisiana_state_university__134,sustainability_and_policy-4
louisiana_state_university,louisiana_state_university__135,technical_skills-1
louisiana_state_university,louisiana_state_university__136,technical_skills-1
louisiana_state_university,louisiana_state_university__137,technical_skills-1
louisiana_state_university,louisiana_state_university__138,use-3
louisiana_state_university,louisiana_state_university__138,engineering_capabilities-2
louisiana_state_university,louisiana_state_university__139,engineering_capabilities-2
louisiana_state_university,louisiana_state_university__140,use-3
louisiana_state_university,louisiana_state_university__141,technical_skills-1
louisiana_state_university,louisiana_state_university__142,technical_skills-1
louisiana_state_university,louisiana_state_university__143,technical_skills-1
louisiana_state_university,louisiana_state_university__144,sustainability_and_policy-4
louisiana_state_university,louisiana_state_university__145,technical_skills-1
louisiana_state_university,louisiana_state_university__146,technical_skills-1
louisiana_state_university,louisiana_state_university__147,sustainability_and_policy-4
louisiana_state_university,louisiana_state_university__147,engineering_capabilities-2
louisiana_state_university,louisiana_state_university__148,engineering_capabilities-2
louisiana_state_university,louisiana_state_university__149,production-3
louisiana_state_university,louisiana_state_university__150,engineering_capabilities-2
louisiana_state_university,louisiana_state_university__151,production-3
louisiana_state_university,louisiana_state_university__151,engineering_capabilities-2
louisiana_state_university,louisiana_state_university__152,sustainability_and_policy-4
louisiana_state_university,louisiana_state_university__153,engineering_capabilities-2
louisiana_state_university,louisiana_state_university__154,engineering_capabilities-2
louisiana_state_university,louisiana_state_university__155,engineering_capabilities-2
louisiana_state_university,louisiana_state_university__156,engineering_capabilities-2
louisiana_state_university,louisiana_state_university__157,engineering_capabilities-2
louisiana_state_university,louisiana_state_university__158,engineering_capabilities-2
louisiana_state_university,louisiana_state_university__159,technical_skills-1
louisiana_state_university,louisiana_state_university__160,sustainability_and_policy-4
louisiana_state_university,louisiana_state_university__161,engineering_capabilities-2
louisiana_state_university,louisiana_state_university__162,engineering_capabilities-2
louisiana_state_university,louisiana_state_university__163,engineering_capabilities-2
louisiana_state_university,louisiana_state_university__164,engineering_capabilities-2
louisiana_state_university,louisiana_state_university__165,engineering_capabilities-2
louisiana_state_university,louisiana_state_university__166,engineering_capabilities-2
louisiana_state_university,louisiana_state_university__167,sustainability_and_policy-4
louisiana_state_university,louisiana_state_university__168,sustainability_and_policy-4
louisiana_state_university,louisiana_state_university__169,sustainability_and_policy-4
louisiana_state_university,louisiana_state_university__170,sustainability_and_policy-4
louisiana_state_university,louisiana_state_university__171,engineering_capabilities-2
louisiana_state_university,louisiana_state_university__172,engineering_capabilities-2
louisiana_state_university,louisiana_state_university__173,technical_skills-1
louisiana_state_university,louisiana_state_university__174,engineering_capabilities-2
louisiana_state_university,louisiana_state_university__175,engineering_capabilities-2
louisiana_state_university,louisiana_state_university__176,production-3
louisiana_state_university,louisiana_state_university__177,production-3
louisiana_state_university,louisiana_state_university__177,engineering_capabilities-2
louisiana_state_university,louisiana_state_university__177,technical_skills-1
louisiana_state_university,louisiana_state_university__178,engineering_capabilities-2
louisiana_state_university,louisiana_state_university__179,technical_skills-1
louisiana_state_university,louisiana_state_university__180,engineering_capabilities-2
louisiana_state_university,louisiana_state_university__181,delivery_and_storage-3
louisiana_state_university,louisiana_state_university__182,delivery_and_storage-3
louisiana_state_university,louisiana_state_university__183,engineering_capabilities-2
louisiana_state_university,louisiana_state_university__184,engineering_capabilities-2
louisiana_state_university,louisiana_state_university__185,engineering_capabilities-2
louisiana_state_university,louisiana_state_university__186,engineering_capabilities-2
louisiana_state_university,louisiana_state_university__187,engineering_capabilities-2
louisiana_state_university,louisiana_state_university__188,engineering_capabilities-2
louisiana_state_university,louisiana_state_university__188,technical_skills-1
louisiana_state_university,louisiana_state_university__189,engineering_capabilities-2
louisiana_state_university,louisiana_state_university__190,production-3
louisiana_state_university,louisiana_state_university__190,engineering_capabilities-2
louisiana_state_university,louisiana_state_university__191,engineering_capabilities-2
louisiana_state_university,louisiana_state_university__192,technical_skills-1
louisiana_state_university,louisiana_state_university__193,engineering_capabilities-2
louisiana_state_university,louisiana_state_university__194,engineering_capabilities-2
louisiana_state_university,louisiana_state_university__195,production-3
louisiana_state_university,louisiana_state_university__196,engineering_capabilities-2
louisiana_state_university,louisiana_state_university__197,engineering_capabilities-2
louisiana_state_university,louisiana_state_university__198,engineering_capabilities-2
louisiana_state_university,louisiana_state_university__199,sustainability_and_policy-4
louisiana_state_university,louisiana_state_university__199,production-3
louisiana_state_university,louisiana_state_university__199,engineering_capabilities-2
louisiana_state_university,louisiana_state_university__200,engineering_capabilities-2
louisiana_state_university,louisiana_state_university__201,engineering_capabilities-2
louisiana_state_university,louisiana_state_university__202,engineering_capabilities-2
louisiana_state_university,louisiana_state_university__203,engineering_capabilities-2
louisiana_state_university,louisiana_state_university__204,engineering_capabilities-2
louisiana_state_university,louisiana_state_university__205,engineering_capabilities-2
louisiana_state_university,louisiana_state_university__206,technical_skills-1
louisiana_state_university,louisiana_state_university__207,sustainability_and_policy-4
louisiana_state_university,louisiana_state_university__208,production-3
louisiana_state_university,louisiana_state_university__209,sustainability_and_policy-4
louisiana_state_university,louisiana_state_university__210,technical_skills-1
louisiana_state_university,louisiana_state_university__211,technical_skills-1
louisiana_state_university,louisiana_state_university__212,technical_skills-1
louisiana_state_university,louisiana_state_university__213,technical_skills-1
louisiana_state_university,louisiana_state_university__214,technical_skills-1
louisiana_state_university,louisiana_state_university__215,engineering_capabilities-2
louisiana_state_university,louisiana_state_university__216,technical_skills-1
louisiana_state_university,louisiana_state_university__217,sustainability_and_policy-4
louisiana_state_university,louisiana_state_university__218,technical_skills-1
louisiana_state_university,louisiana_state_university__219,technical_skills-1
louisiana_state_university,louisiana_state_university__220,engineering_capabilities-2
louisiana_state_university,louisiana_state_university__221,technical_skills-1
louisiana_state_university,louisiana_state_university__222,sustainability_and_policy-4
louisiana_state_university,louisiana_state_university__223,sustainability_and_policy-4
louisiana_state_university,louisiana_state_university__224,engineering_capabilities-2
louisiana_state_university,louisiana_state_university__225,sustainability_and_policy-4
louisiana_state_university,louisiana_state_university__226,technical_skills-1
morgan_state_university,morgan_state_university__0,hydrogen_phrases-5
morgan_state_university,morgan_state_university__1,technical_skills-1
morgan_state_university,morgan_state_university__2,sustainability_and_policy-4
morgan_state_university,morgan_state_university__3,sustainability_and_policy-4
morgan_state_university,morgan_state_university__4,delivery_and_storage-3
morgan_state_university,morgan_state_university__5,engineering_capabilities-2
morgan_state_university,morgan_state_university__6,engineering_capabilities-2
morgan_state_university,morgan_state_university__7,engineering_capabilities-2
morgan_state_university,morgan_state_university__8,sustainability_and_policy-4
morgan_state_university,morgan_state_university__9,technical_skills-1
morgan_state_university,morgan_state_university__10,sustainability_and_policy-4
morgan_state_university,morgan_state_university__11,sustainability_and_policy-4
morgan_state_university,morgan_state_university__11,production-3
morgan_state_university,morgan_state_university__12,engineering_capabilities-2
morgan_state_university,morgan_state_university__12,technical_skills-1
morgan_state_university,morgan_state_university__13,sustainability_and_policy-4
morgan_state_university,morgan_state_university__14,engineering_capabilities-2
morgan_state_university,morgan_state_university__15,engineering_capabilities-2
morgan_state_university,morgan_state_university__16,sustainability_and_policy-4
morgan_state_university,morgan_state_university__17,technical_skills-1
morgan_state_university,morgan_state_university__18,technical_skills-1
morgan_state_university,morgan_state_university__19,engineering_capabilities-2
morgan_state_university,morgan_state_university__20,engineering_capabilities-2
morgan_state_university,morgan_state_university__21,technical_skills-1
morgan_state_university,morgan_state_university__22,engineering_capabilities-2
morgan_state_university,morgan_state_university__23,technical_skills-1
morgan_state_university,morgan_state_university__24,production-3
morgan_state_university,morgan_state_university__25,engineering_capabilities-2
morgan_state_university,morgan_state_university__26,technical_skills-1
morgan_state_university,morgan_state_university__27,technical_skills-1
morgan_state_university,morgan_state_university__28,engineering_capabilities-2
morgan_state_university,morgan_state_university__29,engineering_capabilities-2
morgan_state_university,morgan_state_university__30,engineering_capabilities-2
morgan_state_university,morgan_state_university__31,engineering_capabilities-2
morgan_state_university,morgan_state_university__32,engineering_capabilities-2
morgan_state_university,morgan_state_university__33,technical_skills-1
morgan_state_university,morgan_state_university__34,technical_skills-1
morgan_state_university,morgan_state_university__35,technical_skills-1
morgan_state_university,morgan_state_university__36,technical_skills-1
morgan_state_university,morgan_state_university__37,technical_skills-1
morgan_state_university,morgan_state_university__38,technical_skills-1
morgan_state_university,morgan_state_university__39,sustainability_and_policy-4
morgan_state_university,morgan_state_university__40,engineering_capabilities-2
morgan_state_university,morgan_state_university__41,technical_skills-1
morgan_state_university,morgan_state_university__42,engineering_capabilities-2
morgan_state_university,morgan_state_university__43,engineering_capabilities-2
morgan_state_university,morgan_state_university__43,technical_skills-1
morgan_state_university,morgan_state_university__44,engineering_capabilities-2
morgan_state_university,morgan_state_university__45,engineering_capabilities-2
morgan_state_university,morgan_state_university__46,production-3
morgan_state_university,morgan_state_university__47,sustainability_and_policy-4
morgan_state_university,morgan_state_university__48,engineering_capabilities-2
morgan_state_university,morgan_state_university__49,technical_skills-1
morgan_state_university,morgan_state_university__50,sustainability_and_policy-4
morgan_state_university,morgan_state_university__51,delivery_and_storage-3
morgan_state_university,morgan_state_university__52,engineering_capabilities-2
morgan_state_university,morgan_state_university__53,sustainability_and_policy-4
morgan_state_university,morgan_state_university__54,engineering_capabilities-2
morgan_state_university,morgan_state_university__55,technical_skills-1
morgan_state_university,morgan_state_university__55,engineering_capabilities-2
morgan_state_university,morgan_state_university__55,delivery_and_storage-3
morgan_state_university,morgan_state_university__56,engineering_capabilities-2
morgan_state_university,morgan_state_university__57,technical_skills-1
morgan_state_university,morgan_state_university__58,technical_skills-1
morgan_state_university,morgan_state_university__59,technical_skills-1
morgan_state_university,morgan_state_university__60,sustainability_and_policy-4
morgan_state_university,morgan_state_university__60,engineering_capabilities-2
morgan_state_university,morgan_state_university__61,technical_skills-1
morgan_state_university,morgan_state_university__62,technical_skills-1
morgan_state_university,morgan_state_university__63,technical_skills-1
morgan_state_university,morgan_state_university__64,sustainability_and_policy-4
morgan_state_university,morgan_state_university__65,sustainability_and_policy-4
morgan_state_university,morgan_state_university__66,engineering_capabilities-2
morgan_state_university,morgan_state_university__67,engineering_capabilities-2
morgan_state_university,morgan_state_university__68,technical_skills-1
morgan_state_university,morgan_state_university__69,technical_skills-1
morgan_state_university,morgan_state_university__70,engineering_capabilities-2
morgan_state_university,morgan_state_university__70,technical_skills-1
morgan_state_university,morgan_state_university__71,sustainability_and_policy-4
morgan_state_university,morgan_state_university__71,engineering_capabilities-2
morgan_state_university,morgan_state_university__72,technical_skills-1
morgan_state_university,morgan_state_university__73,technical_skills-1
north_carolina_state,north_carolina_state__0,engineering_capabilities-2
north_carolina_state,north_carolina_state__1,sustainability_and_policy-4
north_carolina_state,north_carolina_state__2,technical_skills-1
north_carolina_state,north_carolina_state__3,engineering_capabilities-2
north_carolina_state,north_carolina_state__4,engineering_capabilities-2
north_carolina_state,north_carolina_state__5,engineering_capabilities-2
north_carolina_state,north_carolina_state__6,engineering_capabilities-2
north_carolina_state,north_carolina_state__7,engineering_capabilities-2
north_carolina_state,north_carolina_state__8,engineering_capabilities-2
north_carolina_state,north_carolina_state__9,engineering_capabilities-2
north_carolina_state,north_carolina_state__10,sustainability_and_policy-4
north_carolina_state,north_carolina_state__11,sustainability_and_policy-4
north_carolina_state,north_carolina_state__12,sustainability_and_policy-4
north_carolina_state,north_carolina_state__13,sustainability_and_policy-4
north_carolina_state,north_carolina_state__14,technical_skills-1
north_carolina_state,north_carolina_state__15,engineering_capabilities-2
north_carolina_state,north_carolina_state__16,engineering_capabilities-2
north_carolina_state,north_carolina_state__17,sustainability_and_policy-4
north_carolina_state,north_carolina_state__18,technical_skills-1
north_carolina_state,north_carolina_state__19,technical_skills-1
north_carolina_state,north_carolina_state__20,sustainability_and_policy-4
north_carolina_state,north_carolina_state__21,technical_skills-1
north_carolina_state,north_carolina_state__22,engineering_capabilities-2
north_carolina_state,north_carolina_state__23,technical_skills-1
north_carolina_state,north_carolina_state__24,technical_skills-1
north_carolina_state,north_carolina_state__25,technical_skills-1
north_carolina_state,north_carolina_state__26,technical_skills-1
north_carolina_state,north_carolina_state__27,technical_skills-1
north_carolina_state,north_carolina_state__28,sustainability_and_policy-4
north_carolina_state,north_carolina_state__29,technical_skills-1
north_carolina_state,north_carolina_state__30,technical_skills-1
north_carolina_state,north_carolina_state__31,engineering_capabilities-2
north_carolina_state,north_carolina_state__32,technical_skills-1
north_carolina_state,north_carolina_state__33,technical_skills-1
north_carolina_state,north_carolina_state__34,technical_skills-1
north_carolina_state,north_carolina_state__35,technical_skills-1
north_carolina_state,north_carolina_state__36,technical_skills-1
north_carolina_state,north_carolina_state__37,engineering_capabilities-2
north_carolina_state,north_carolina_state__38,engineering_capabilities-2
north_carolina_state,north_carolina_state__39,technical_skills-1
north_carolina_state,north_carolina_state__40,technical_skills-1
north_carolina_state,north_carolina_state__41,sustainability_and_policy-4
north_carolina_state,north_carolina_state__42,engineering_capabilities-2
north_carolina_state,north_carolina_state__43,technical_skills-1
north_carolina_state,north_carolina_state__44,technical_skills-1
north_carolina_state,north_carolina_state__45,engineering_capabilities-2
north_carolina_state,north_carolina_state__46,technical_skills-1
north_carolina_state,north_carolina_state__47,technical_skills-1
north_carolina_state,north_carolina_state__48,technical_skills-1
north_carolina_state,north_carolina_state__49,sustainability_and_policy-4
north_carolina_state,north_carolina_state__50,technical_skills-1
north_carolina_state,north_carolina_state__51,sustainability_and_policy-4
north_carolina_state,north_carolina_state__52,sustainability_and_policy-4
north_carolina_state,north_carolina_state__53,sustainability_and_policy-4
north_carolina_state,north_carolina_state__54,sustainability_and_policy-4
north_carolina_state,north_carolina_state__54,engineering_capabilities-2
north_carolina_state,north_carolina_state__55,sustainability_and_policy-4
north_carolina_state,north_carolina_state__56,sustainability_and_policy-4
north_carolina_state,north_carolina_state__57,sustainability_and_policy-4
north_carolina_state,north_carolina_state__58,sustainability_and_policy-4
north_carolina_state,north_carolina_state__59,engineering_capabilities-2
north_carolina_state,north_carolina_state__60,technical_skills-1
north_carolina_state,north_carolina_state__61,technical_skills-1
north_carolina_state,north_carolina_state__62,production-3
north_carolina_state,north_carolina_state__63,engineering_capabilities-2
north_carolina_state,north_carolina_state__64,technical_skills-1
north_carolina_state,north_carolina_state__65,technical_skills-1
north_carolina_state,north_carolina_state__66,technical_skills-1
north_carolina_state,north_carolina_state__67,technical_skills-1
north_carolina_state,north_carolina_state__68,engineering_capabilities-2
north_carolina_state,north_carolina_state__69,sustainability_and_policy-4
north_carolina_state,north_carolina_state__69,clean_energy_markets-4
north_carolina_state,north_carolina_state__70,sustainability_and_policy-4
north_carolina_state,north_carolina_state__71,delivery_and_storage-3
north_carolina_state,north_carolina_state__72,delivery_and_storage-3
north_carolina_state,north_carolina_state__73,technical_skills-1
north_carolina_state,north_carolina_state__74,technical_skills-1
north_carolina_state,north_carolina_state__75,sustainability_and_policy-4
north_carolina_state,north_carolina_state__75,engineering_capabilities-2
north_carolina_state,north_carolina_state__75,production-3
north_carolina_state,north_carolina_state__76,engineering_capabilities-2
north_carolina_state,north_carolina_state__77,engineering_capabilities-2
north_carolina_state,north_carolina_state__77,technical_skills-1
north_carolina_state,north_carolina_state__78,engineering_capabilities-2
north_carolina_state,north_carolina_state__79,engineering_capabilities-2
north_carolina_state,north_carolina_state__80,technical_skills-1
north_carolina_state,north_carolina_state__81,sustainability_and_policy-4
north_carolina_state,north_carolina_state__82,sustainability_and_policy-4
north_carolina_state,north_carolina_state__83,technical_skills-1
north_carolina_state,north_carolina_state__84,engineering_capabilities-2
north_carolina_state,north_carolina_state__85,hydrogen_phrases-5
north_carolina_state,north_carolina_state__86,sustainability_and_policy-4
north_carolina_state,north_carolina_state__87,sustainability_and_policy-4
north_carolina_state,north_carolina_state__88,technical_skills-1
north_carolina_state,north_carolina_state__89,technical_skills-1
north_carolina_state,north_carolina_state__90,sustainability_and_policy-4
north_carolina_state,north_carolina_state__91,sustainability_and_policy-4
north_carolina_state,north_carolina_state__92,engineering_capabilities-2
north_carolina_state,north_carolina_state__93,sustainability_and_policy-4
north_carolina_state,north_carolina_state__94,sustainability_and_policy-4
north_carolina_state,north_carolina_state__95,technical_skills-1
north_carolina_state,north_carolina_state__96,sustainability_and_policy-4
north_carolina_state,north_carolina_state__97,technical_skills-1
north_carolina_state,north_carolina_state__98,sustainability_and_policy-4
north_carolina_state,north_carolina_state__99,engineering_capabilities-2
north_carolina_state,north_carolina_state__100,engineering_capabilities-2
north_carolina_state,north_carolina_state__101,engineering_capabilities-2
north_carolina_state,north_carolina_state__102,sustainability_and_policy-4
north_carolina_state,north_carolina_state__103,technical_skills-1
north_carolina_state,north_carolina_state__104,technical_skills-1
north_carolina_state,north_carolina_state__105,technical_skills-1
north_carolina_state,north_carolina_state__106,technical_skills-1
north_carolina_state,north_carolina_state__107,delivery_and_storage-3
north_carolina_state,north_carolina_state__108,engineering_capabilities-2
north_carolina_state,north_carolina_state__109,technical_skills-1
north_carolina_state,north_carolina_state__110,technical_skills-1
north_carolina_state,north_carolina_state__111,use-3
north_carolina_state,north_carolina_state__112,technical_skills-1
north_carolina_state,north_carolina_state__113,technical_skills-1
north_carolina_state,north_carolina_state__114,technical_skills-1
north_carolina_state,north_carolina_state__115,technical_skills-1
north_carolina_state,north_carolina_state__116,use-3
north_carolina_state,north_carolina_state__117,technical_skills-1
north_carolina_state,north_carolina_state__118,technical_skills-1
north_carolina_state,north_carolina_state__119,engineering_capabilities-2
north_carolina_state,north_carolina_state__119,technical_skills-1
north_carolina_state,north_carolina_state__120,delivery_and_storage-3
north_carolina_state,north_carolina_state__121,technical_skills-1
north_carolina_state,north_carolina_state__122,clean_energy_markets-4
north_carolina_state,north_carolina_state__123,engineering_capabilities-2
north_carolina_state,north_carolina_state__124,technical_skills-1
north_carolina_state,north_carolina_state__125,technical_skills-1
north_carolina_state,north_carolina_state__126,technical_skills-1
north_carolina_state,north_carolina_state__127,technical_skills-1
north_carolina_state,north_carolina_state__128,sustainability_and_policy-4
north_carolina_state,north_carolina_state__129,technical_skills-1
north_carolina_state,north_carolina_state__130,delivery_and_storage-3
north_carolina_state,north_carolina_state__131,technical_skills-1
north_carolina_state,north_carolina_state__132,sustainability_and_policy-4
north_carolina_state,north_carolina_state__132,technical_skills-1
north_carolina_state,north_carolina_state__133,technical_skills-1
north_carolina_state,north_carolina_state__134,technical_skills-1
north_carolina_state,north_carolina_state__135,technical_skills-1
north_carolina_state,north_carolina_state__136,engineering_capabilities-2
north_carolina_state,north_carolina_state__137,engineering_capabilities-2
north_carolina_state,north_carolina_state__138,engineering_capabilities-2
north_carolina_state,north_carolina_state__139,engineering_capabilities-2
north_carolina_state,north_carolina_state__139,technical_skills-1
north_carolina_state,north_carolina_state__140,engineering_capabilities-2
north_carolina_state,north_carolina_state__141,engineering_capabilities-2
north_carolina_state,north_carolina_state__142,engineering_capabilities-2
north_carolina_state,north_carolina_state__143,technical_skills-1
north_carolina_state,north_carolina_state__144,production-3
north_carolina_state,north_carolina_state__145,sustainability_and_policy-4
north_carolina_state,north_carolina_state__146,delivery_and_storage-3
north_carolina_state,north_carolina_state__147,technical_skills-1
north_carolina_state,north_carolina_state__148,engineering_capabilities-2
north_carolina_state,north_carolina_state__149,engineering_capabilities-2
north_carolina_state,north_carolina_state__150,technical_skills-1
north_carolina_state,north_carolina_state__151,engineering_capabilities-2
north_carolina_state,north_carolina_state__152,delivery_and_storage-3
north_carolina_state,north_carolina_state__153,engineering_capabilities-2
north_carolina_state,north_carolina_state__154,engineering_capabilities-2
north_carolina_state,north_carolina_state__155,engineering_capabilities-2
north_carolina_state,north_carolina_state__155,technical_skills-1
north_carolina_state,north_carolina_state__156,engineering_capabilities-2
north_carolina_state,north_carolina_state__157,engineering_capabilities-2
north_carolina_state,north_carolina_state__158,engineering_capabilities-2
north_carolina_state,north_carolina_state__159,technical_skills-1
north_carolina_state,north_carolina_state__160,technical_skills-1
north_carolina_state,north_carolina_state__161,delivery_and_storage-3
north_carolina_state,north_carolina_state__162,engineering_capabilities-2
north_carolina_state,north_carolina_state__163,engineering_capabilities-2
north_carolina_state,north_carolina_state__163,technical_skills-1
north_carolina_state,north_carolina_state__164,engineering_capabilities-2
north_carolina_state,north_carolina_state__165,engineering_capabilities-2
north_carolina_state,north_carolina_state__166,engineering_capabilities-2
north_carolina_state,north_carolina_state__167,engineering_capabilities-2
north_carolina_state,north_carolina_state__168,technical_skills-1
north_carolina_state,north_carolina_state__169,engineering_capabilities-2
north_carolina_state,north_carolina_state__170,engineering_capabilities-2
north_carolina_state,north_carolina_state__171,engineering_capabilities-2
north_carolina_state,north_carolina_state__172,engineering_capabilities-2
north_carolina_state,north_carolina_state__173,technical_skills-1
north_carolina_state,north_carolina_state__174,sustainability_and_policy-4
north_carolina_state,north_carolina_state__175,engineering_capabilities-2
north_carolina_state,north_carolina_state__176,sustainability_and_policy-4
north_carolina_state,north_carolina_state__177,engineering_capabilities-2
north_carolina_state,north_carolina_state__178,technical_skills-1
north_carolina_state,north_carolina_state__179,engineering_capabilities-2
north_carolina_state,north_carolina_state__180,technical_skills-1
north_carolina_state,north_carolina_state__181,delivery_and_storage-3
north_carolina_state,north_carolina_state__182,sustainability_and_policy-4
north_carolina_state,north_carolina_state__183,engineering_capabilities-2
north_carolina_state,north_carolina_state__184,engineering_capabilities-2
north_carolina_state,north_carolina_state__185,engineering_capabilities-2
north_carolina_state,north_carolina_state__185,delivery_and_storage-3
north_carolina_state,north_carolina_state__185,technical_skills-1
north_carolina_state,north_carolina_state__186,delivery_and_storage-3
north_carolina_state,north_carolina_state__186,technical_skills-1
north_carolina_state,north_carolina_state__187,technical_skills-1
north_carolina_state,north_carolina_state__188,technical_skills-1
north_carolina_state,north_carolina_state__189,engineering_capabilities-2
north_carolina_state,north_carolina_state__190,technical_skills-1
north_carolina_state,north_carolina_state__191,technical_skills-1
north_carolina_state,north_carolina_state__192,engineering_capabilities-2
north_carolina_state,north_carolina_state__193,engineering_capabilities-2
north_carolina_state,north_carolina_state__194,technical_skills-1
north_carolina_state,north_carolina_state__195,engineering_capabilities-2
north_carolina_state,north_carolina_state__195,use-3
north_carolina_state,north_carolina_state__196,technical_skills-1
north_carolina_state,north_carolina_state__197,technical_skills-1
north_carolina_state,north_carolina_state__198,engineering_capabilities-2
north_carolina_state,north_carolina_state__199,delivery_and_storage-3
north_carolina_state,north_carolina_state__200,technical_skills-1
north_carolina_state,north_carolina_state__201,engineering_capabilities-2
north_carolina_state,north_carolina_state__202,technical_skills-1
north_carolina_state,north_carolina_state__203,engineering_capabilities-2
north_carolina_state,north_carolina_state__204,technical_skills-1
north_carolina_state,north_carolina_state__205,technical_skills-1
north_carolina_state,north_carolina_state__206,technical_skills-1
north_carolina_state,north_carolina_state__207,technical_skills-1
north_carolina_state,north_carolina_state__208,engineering_capabilities-2
north_carolina_state,north_carolina_state__209,technical_skills-1
north_carolina_state,north_carolina_state__210,technical_skills-1
north_carolina_state,north_carolina_state__211,technical_skills-1
north_carolina_state,north_carolina_state__212,technical_skills-1
north_carolina_state,north_carolina_state__213,technical_skills-1
north_carolina_state,north_carolina_state__214,technical_skills-1
north_carolina_state,north_carolina_state__215,technical_skills-1
north_carolina_state,north_carolina_state__216,technical_skills-1
north_carolina_state,north_carolina_state__217,engineering_capabilities-2
north_carolina_state,north_carolina_state__218,technical_skills-1
north_carolina_state,north_carolina_state__219,technical_skills-1
north_carolina_state,north_carolina_state__220,engineering_capabilities-2
north_carolina_state,north_carolina_state__221,engineering_capabilities-2
north_carolina_state,north_carolina_state__222,engineering_capabilities-2
north_carolina_state,north_carolina_state__223,technical_skills-1
north_carolina_state,north_carolina_state__224,engineering_capabilities-2
north_carolina_state,north_carolina_state__225,engineering_capabilities-2
north_carolina_state,north_carolina_state__226,engineering_capabilities-2
north_carolina_state,north_carolina_state__227,technical_skills-1
north_carolina_state,north_carolina_state__228,technical_skills-1
north_carolina_state,north_carolina_state__229,engineering_capabilities-2
north_carolina_state,north_carolina_state__230,engineering_capabilities-2
north_carolina_state,north_carolina_state__231,engineering_capabilities-2
north_carolina_state,north_carolina_state__231,technical_skills-1
north_carolina_state,north_carolina_state__232,technical_skills-1
north_carolina_state,north_carolina_state__233,engineering_capabilities-2
north_carolina_state,north_carolina_state__234,engineering_capabilities-2
north_carolina_state,north_carolina_state__235,engineering_capabilities-2
north_carolina_state,north_carolina_state__236,technical_skills-1
north_carolina_state,north_carolina_state__237,technical_skills-1
north_carolina_state,north_carolina_state__238,sustainability_and_policy-4
north_carolina_state,north_carolina_state__239,sustainability_and_policy-4
north_carolina_state,north_carolina_state__240,sustainability_and_policy-4
north_carolina_state,north_carolina_state__241,sustainability_and_policy-4
north_carolina_state,north_carolina_state__242,sustainability_and_policy-4
north_carolina_state,north_carolina_state__243,technical_skills-1
north_carolina_state,north_carolina_state__244,technical_skills-1
north_carolina_state,north_carolina_state__245,sustainability_and_policy-4
north_carolina_state,north_carolina_state__245,technical_skills-1
north_carolina_state,north_carolina_state__246,technical_skills-1
north_carolina_state,north_carolina_state__247,sustainability_and_policy-4
north_carolina_state,north_carolina_state__248,engineering_capabilities-2
north_carolina_state,north_carolina_state__248,technical_skills-1
north_carolina_state,north_carolina_state__249,technical_skills-1
north_carolina_state,north_carolina_state__250,sustainability_and_policy-4
north_carolina_state,north_carolina_state__251,technical_skills-1
north_carolina_state,north_carolina_state__252,technical_skills-1
north_carolina_state,north_carolina_state__253,technical_skills-1
north_carolina_state,north_carolina_state__254,sustainability_and_policy-4
north_carolina_state,north_carolina_state__255,technical_skills-1
north_carolina_state,north_carolina_state__256,technical_skills-1
north_carolina_state,north_carolina_state__257,sustainability_and_policy-4
north_carolina_state,north_carolina_state__258,technical_skills-1
north_carolina_state,north_carolina_state__259,technical_skills-1
north_carolina_state,north_carolina_state__260,technical_skills-1
north_carolina_state,north_carolina_state__261,engineering_capabilities-2
north_carolina_state,north_carolina_state__262,use-3
north_carolina_state,north_carolina_state__263,technical_skills-1
north_carolina_state,north_carolina_state__264,technical_skills-1
north_carolina_state,north_carolina_state__265,technical_skills-1
north_carolina_state,north_carolina_state__266,technical_skills-1
north_carolina_state,north_carolina_state__267,technical_skills-1
north_carolina_state,north_carolina_state__268,technical_skills-1
north_carolina_state,north_carolina_state__269,technical_skills-1
north_carolina_state,north_carolina_state__270,sustainability_and_policy-4
north_carolina_state,north_carolina_state__271,sustainability_and_policy-4
north_carolina_state,north_carolina_state__272,technical_skills-1
north_carolina_state,north_carolina_state__273,technical_skills-1
north_carolina_state,north_carolina_state__274,technical_skills-1
north_carolina_state,north_carolina_state__275,engineering_capabilities-2
north_carolina_state,north_carolina_state__276,technical_skills-1
north_carolina_state,north_carolina_state__277,technical_skills-1
north_carolina_state,north_carolina_state__278,sustainability_and_policy-4
north_carolina_state,north_carolina_state__279,sustainability_and_policy-4
north_carolina_state,north_carolina_state__280,sustainability_and_policy-4
north_carolina_state,north_carolina_state__281,sustainability_and_policy-4
north_carolina_state,north_carolina_state__281,use-3
north_carolina_state,north_carolina_state__282,technical_skills-1
north_carolina_state,north_carolina_state__283,use-3
north_carolina_state,north_carolina_state__284,sustainability_and_policy-4
north_carolina_state,north_carolina_state__285,engineering_capabilities-2
north_carolina_state,north_carolina_state__285,technical_skills-1
north_carolina_state,north_carolina_state__286,technical_skills-1
north_carolina_state,north_carolina_state__287,technical_skills-1
north_carolina_state,north_carolina_state__288,technical_skills-1
north_carolina_state,north_carolina_state__289,technical_skills-1
north_carolina_state,north_carolina_state__290,sustainability_and_policy-4
north_carolina_state,north_carolina_state__291,sustainability_and_policy-4
north_carolina_state,north_carolina_state__291,use-3
north_carolina_state,north_carolina_state__292,sustainability_and_policy-4
north_carolina_state,north_carolina_state__293,sustainability_and_policy-4
north_carolina_state,north_carolina_state__294,technical_skills-1
north_carolina_state,north_carolina_state__295,technical_skills-1
north_carolina_state,north_carolina_state__296,technical_skills-1
north_carolina_state,north_carolina_state__297,sustainability_and_policy-4
north_carolina_state,north_carolina_state__298,sustainability_and_policy-4
north_carolina_state,north_carolina_state__299,technical_skills-1
north_carolina_state,north_carolina_state__300,technical_skills-1
north_carolina_state,north_carolina_state__301,sustainability_and_policy-4
north_carolina_state,north_carolina_state__302,technical_skills-1
north_carolina_state,north_carolina_state__303,technical_skills-1
north_carolina_state,north_carolina_state__304,technical_skills-1
north_carolina_state,north_carolina_state__305,use-3
north_carolina_state,north_carolina_state__306,technical_skills-1
north_carolina_state,north_carolina_state__307,sustainability_and_policy-4
north_carolina_state,north_carolina_state__307,use-3
north_carolina_state,north_carolina_state__308,engineering_capabilities-2
north_carolina_state,north_carolina_state__309,engineering_capabilities-2
north_carolina_state,north_carolina_state__310,engineering_capabilities-2
north_carolina_state,north_carolina_state__311,technical_skills-1
north_carolina_state,north_carolina_state__312,sustainability_and_policy-4
north_carolina_state,north_carolina_state__312,use-3
north_carolina_state,north_carolina_state__313,engineering_capabilities-2
north_carolina_state,north_carolina_state__314,technical_skills-1
north_carolina_state,north_carolina_state__315,engineering_capabilities-2
north_carolina_state,north_carolina_state__316,engineering_capabilities-2
north_carolina_state,north_carolina_state__317,delivery_and_storage-3
north_carolina_state,north_carolina_state__318,sustainability_and_policy-4
north_carolina_state,north_carolina_state__319,technical_skills-1
north_carolina_state,north_carolina_state__320,sustainability_and_policy-4
north_carolina_state,north_carolina_state__321,technical_skills-1
north_carolina_state,north_carolina_state__322,technical_skills-1
north_carolina_state,north_carolina_state__323,engineering_capabilities-2
north_carolina_state,north_carolina_state__324,engineering_capabilities-2
north_carolina_state,north_carolina_state__325,technical_skills-1
north_carolina_state,north_carolina_state__326,engineering_capabilities-2
north_carolina_state,north_carolina_state__327,engineering_capabilities-2
north_carolina_state,north_carolina_state__327,technical_skills-1
north_carolina_state,north_carolina_state__328,engineering_capabilities-2
north_carolina_state,north_carolina_state__329,engineering_capabilities-2
north_carolina_state,north_carolina_state__330,engineering_capabilities-2
north_carolina_state,north_carolina_state__331,technical_skills-1
north_carolina_state,north_carolina_state__332,engineering_capabilities-2
north_carolina_state,north_carolina_state__333,engineering_capabilities-2
north_carolina_state,north_carolina_state__334,technical_skills-1
north_carolina_state,north_carolina_state__335,engineering_capabilities-2
north_carolina_state,north_carolina_state__335,technical_skills-1
north_carolina_state,north_carolina_state__336,engineering_capabilities-2
north_carolina_state,north_carolina_state__337,engineering_capabilities-2
north_carolina_state,north_carolina_state__338,engineering_capabilities-2
north_carolina_state,north_carolina_state__339,sustainability_and_policy-4
north_carolina_state,north_carolina_state__340,engineering_capabilities-2
north_carolina_state,north_carolina_state__341,engineering_capabilities-2
north_carolina_state,north_carolina_state__342,engineering_capabilities-2
north_carolina_state,north_carolina_state__343,engineering_capabilities-2
north_carolina_state,north_carolina_state__344,engineering_capabilities-2
north_carolina_state,north_carolina_state__345,engineering_capabilities-2
north_carolina_state,north_carolina_state__346,engineering_capabilities-2
north_carolina_state,north_carolina_state__347,engineering_capabilities-2
north_carolina_state,north_carolina_state__347,technical_skills-1
north_carolina_state,north_carolina_state__348,engineering_capabilities-2
north_carolina_state,north_carolina_state__349,technical_skills-1
north_carolina_state,north_carolina_state__350,delivery_and_storage-3
north_carolina_state,north_carolina_state__351,engineering_capabilities-2
north_carolina_state,north_carolina_state__352,sustainability_and_policy-4
north_carolina_state,north_carolina_state__353,production-3
north_carolina_state,north_carolina_state__354,engineering_capabilities-2
north_carolina_state,north_carolina_state__355,engineering_capabilities-2
north_carolina_state,north_carolina_state__356,engineering_capabilities-2
north_carolina_state,north_carolina_state__357,engineering_capabilities-2
north_carolina_state,north_carolina_state__358,engineering_capabilities-2
north_carolina_state,north_carolina_state__359,engineering_capabilities-2
north_carolina_state,north_carolina_state__360,engineering_capabilities-2
north_carolina_state,north_carolina_state__361,technical_skills-1
north_carolina_state,north_carolina_state__362,technical_skills-1
north_carolina_state,north_carolina_state__363,technical_skills-1
north_carolina_state,north_carolina_state__364,clean_energy_markets-4
north_carolina_state,north_carolina_state__365,sustainability_and_policy-4
north_carolina_state,north_carolina_state__365,technical_skills-1
north_carolina_state,north_carolina_state__366,technical_skills-1
north_carolina_state,north_carolina_state__367,technical_skills-1
north_carolina_state,north_carolina_state__368,technical_skills-1
north_carolina_state,north_carolina_state__369,delivery_and_storage-3
north_carolina_state,north_carolina_state__370,engineering_capabilities-2
north_carolina_state,north_carolina_state__371,delivery_and_storage-3
north_carolina_state,north_carolina_state__372,engineering_capabilities-2
north_carolina_state,north_carolina_state__372,production-3
north_carolina_state,north_carolina_state__373,engineering_capabilities-2
north_carolina_state,north_carolina_state__374,engineering_capabilities-2
north_carolina_state,north_carolina_state__375,engineering_capabilities-2
north_carolina_state,north_carolina_state__376,sustainability_and_policy-4
north_carolina_state,north_carolina_state__377,technical_skills-1
north_carolina_state,north_carolina_state__378,technical_skills-1
north_carolina_state,north_carolina_state__379,sustainability_and_policy-4
north_carolina_state,north_carolina_state__380,technical_skills-1
north_carolina_state,north_carolina_state__381,technical_skills-1
north_carolina_state,north_carolina_state__382,technical_skills-1
north_carolina_state,north_carolina_state__383,technical_skills-1
north_carolina_state,north_carolina_state__384,production-3
north_carolina_state,north_carolina_state__385,technical_skills-1
north_carolina_state,north_carolina_state__386,technical_skills-1
north_carolina_state,north_carolina_state__387,engineering_capabilities-2
north_carolina_state,north_carolina_state__388,engineering_capabilities-2
north_carolina_state,north_carolina_state__389,engineering_capabilities-2
north_carolina_state,north_carolina_state__390,engineering_capabilities-2
north_carolina_state,north_carolina_state__391,technical_skills-1
north_carolina_state,north_carolina_state__392,engineering_capabilities-2
north_carolina_state,north_carolina_state__393,engineering_capabilities-2
north_carolina_state,north_carolina_state__394,engineering_capabilities-2
north_carolina_state,north_carolina_state__395,sustainability_and_policy-4
north_carolina_state,north_carolina_state__395,engineering_capabilities-2
north_carolina_state,north_carolina_state__395,production-3
north_carolina_state,north_carolina_state__396,engineering_capabilities-2
north_carolina_state,north_carolina_state__397,production-3
north_carolina_state,north_carolina_state__398,technical_skills-1
north_carolina_state,north_carolina_state__399,engineering_capabilities-2
north_carolina_state,north_carolina_state__400,engineering_capabilities-2
north_carolina_state,north_carolina_state__401,technical_skills-1
north_carolina_state,north_carolina_state__402,engineering_capabilities-2
north_carolina_state,north_carolina_state__403,delivery_and_storage-3
north_carolina_state,north_carolina_state__404,sustainability_and_policy-4
north_carolina_state,north_carolina_state__405,sustainability_and_policy-4
north_carolina_state,north_carolina_state__405,engineering_capabilities-2
north_carolina_state,north_carolina_state__406,engineering_capabilities-2
north_carolina_state,north_carolina_state__407,engineering_capabilities-2
north_carolina_state,north_carolina_state__408,technical_skills-1
north_carolina_state,north_carolina_state__409,sustainability_and_policy-4
north_carolina_state,north_carolina_state__410,engineering_capabilities-2
north_carolina_state,north_carolina_state__411,technical_skills-1
north_carolina_state,north_carolina_state__412,technical_skills-1
north_carolina_state,north_carolina_state__413,sustainability_and_policy-4
north_carolina_state,north_carolina_state__414,sustainability_and_policy-4
north_carolina_state,north_carolina_state__415,technical_skills-1
north_carolina_state,north_carolina_state__416,engineering_capabilities-2
north_carolina_state,north_carolina_state__417,technical_skills-1
north_carolina_state,north_carolina_state__418,technical_skills-1
north_carolina_state,north_carolina_state__419,engineering_capabilities-2
north_carolina_state,north_carolina_state__420,engineering_capabilities-2
north_carolina_state,north_carolina_state__421,technical_skills-1
north_carolina_state,north_carolina_state__422,sustainability_and_policy-4
north_carolina_state,north_carolina_state__423,sustainability_and_policy-4
north_carolina_state,north_carolina_state__424,technical_skills-1
north_carolina_state,north_carolina_state__425,technical_skills-1
north_carolina_state,north_carolina_state__426,delivery_and_storage-3
north_carolina_state,north_carolina_state__427,technical_skills-1
north_carolina_state,north_carolina_state__428,technical_skills-1
north_carolina_state,north_carolina_state__429,technical_skills-1
north_carolina_state,north_carolina_state__430,technical_skills-1
north_carolina_state,north_carolina_state__431,engineering_capabilities-2
north_carolina_state,north_carolina_state__432,engineering_capabilities-2
north_carolina_state,north_carolina_state__433,technical_skills-1
north_carolina_state,north_carolina_state__434,engineering_capabilities-2
north_carolina_state,north_carolina_state__435,engineering_capabilities-2
north_carolina_state,north_carolina_state__436,technical_skills-1
north_carolina_state,north_carolina_state__437,engineering_capabilities-2
north_carolina_state,north_carolina_state__437,production-3
north_carolina_state,north_carolina_state__438,technical_skills-1
north_carolina_state,north_carolina_state__439,technical_skills-1
north_carolina_state,north_carolina_state__440,sustainability_and_policy-4
north_carolina_state,north_carolina_state__441,technical_skills-1
north_carolina_state,north_carolina_state__442,sustainability_and_policy-4
north_carolina_state,north_carolina_state__442,hydrogen_phrases-5
north_carolina_state,north_carolina_state__443,engineering_capabilities-2
north_carolina_state,north_carolina_state__444,technical_skills-1
north_carolina_state,north_carolina_state__445,technical_skills-1
north_carolina_state,north_carolina_state__446,sustainability_and_policy-4
north_carolina_state,north_carolina_state__447,production-3
north_carolina_state,north_carolina_state__448,engineering_capabilities-2
north_carolina_state,north_carolina_state__449,technical_skills-1
north_carolina_state,north_carolina_state__450,technical_skills-1
north_carolina_state,north_carolina_state__451,technical_skills-1
north_carolina_state,north_carolina_state__452,engineering_capabilities-2
north_carolina_state,north_carolina_state__453,engineering_capabilities-2
north_carolina_state,north_carolina_state__454,technical_skills-1
north_carolina_state,north_carolina_state__455,technical_skills-1
north_carolina_state,north_carolina_state__456,sustainability_and_policy-4
north_carolina_state,north_carolina_state__457,sustainability_and_policy-4
north_carolina_state,north_carolina_state__458,sustainability_and_policy-4
north_carolina_state,north_carolina_state__459,technical_skills-1
north_carolina_state,north_carolina_state__460,technical_skills-1
north_carolina_state,north_carolina_state__461,sustainability_and_policy-4
north_carolina_state,north_carolina_state__462,sustainability_and_policy-4
north_carolina_state,north_carolina_state__463,sustainability_and_policy-4
north_carolina_state,north_carolina_state__464,sustainability_and_policy-4
north_carolina_state,north_carolina_state__465,sustainability_and_policy-4
north_carolina_state,north_carolina_state__466,engineering_capabilities-2
north_carolina_state,north_carolina_state__467,sustainability_and_policy-4
north_carolina_state,north_carolina_state__468,technical_skills-1
north_carolina_state,north_carolina_state__469,technical_skills-1
north_carolina_state,north_carolina_state__470,technical_skills-1
north_carolina_state,north_carolina_state__471,technical_skills-1
north_carolina_state,north_carolina_state__472,engineering_capabilities-2
oklahoma_state,oklahoma_state__0,engineering_capabilities-2
oklahoma_state,oklahoma_state__1,engineering_capabilities-2
oklahoma_state,oklahoma_state__2,engineering_capabilities-2
oklahoma_state,oklahoma_state__3,use-3
oklahoma_state,oklahoma_state__3,engineering_capabilities-2
oklahoma_state,oklahoma_state__4,engineering_capabilities-2
oklahoma_state,oklahoma_state__5,engineering_capabilities-2
oklahoma_state,oklahoma_state__6,technical_skills-1
oklahoma_state,oklahoma_state__7,engineering_capabilities-2
oklahoma_state,oklahoma_state__8,engineering_capabilities-2
oklahoma_state,oklahoma_state__9,engineering_capabilities-2
oklahoma_state,oklahoma_state__10,engineering_capabilities-2
oklahoma_state,oklahoma_state__11,engineering_capabilities-2
oklahoma_state,oklahoma_state__12,production-3
oklahoma_state,oklahoma_state__12,engineering_capabilities-2
oklahoma_state,oklahoma_state__13,engineering_capabilities-2
oklahoma_state,oklahoma_state__14,engineering_capabilities-2
oklahoma_state,oklahoma_state__15,engineering_capabilities-2
oklahoma_state,oklahoma_state__16,production-3
oklahoma_state,oklahoma_state__17,production-3
oklahoma_state,oklahoma_state__18,engineering_capabilities-2
oklahoma_state,oklahoma_state__19,sustainability_and_policy-4
oklahoma_state,oklahoma_state__20,production-3
oklahoma_state,oklahoma_state__20,engineering_capabilities-2
oklahoma_state,oklahoma_state__20,technical_skills-1
oklahoma_state,oklahoma_state__21,engineering_capabilities-2
oklahoma_state,oklahoma_state__22,engineering_capabilities-2
oklahoma_state,oklahoma_state__23,technical_skills-1
oklahoma_state,oklahoma_state__24,engineering_capabilities-2
oklahoma_state,oklahoma_state__25,engineering_capabilities-2
oklahoma_state,oklahoma_state__26,production-3
oklahoma_state,oklahoma_state__27,production-3
oklahoma_state,oklahoma_state__27,engineering_capabilities-2
oklahoma_state,oklahoma_state__28,production-3
oklahoma_state,oklahoma_state__28,engineering_capabilities-2
oklahoma_state,oklahoma_state__29,engineering_capabilities-2
oklahoma_state,oklahoma_state__30,engineering_capabilities-2
oklahoma_state,oklahoma_state__31,engineering_capabilities-2
oklahoma_state,oklahoma_state__32,technical_skills-1
oklahoma_state,oklahoma_state__33,production-3
oklahoma_state,oklahoma_state__33,engineering_capabilities-2
oklahoma_state,oklahoma_state__33,technical_skills-1
oklahoma_state,oklahoma_state__34,engineering_capabilities-2
oklahoma_state,oklahoma_state__35,engineering_capabilities-2
oklahoma_state,oklahoma_state__36,production-3
oklahoma_state,oklahoma_state__37,technical_skills-1
oklahoma_state,oklahoma_state__38,engineering_capabilities-2
oklahoma_state,oklahoma_state__39,technical_skills-1
oklahoma_state,oklahoma_state__40,engineering_capabilities-2
oklahoma_state,oklahoma_state__41,technical_skills-1
oklahoma_state,oklahoma_state__42,technical_skills-1
oklahoma_state,oklahoma_state__43,engineering_capabilities-2
oklahoma_state,oklahoma_state__44,engineering_capabilities-2
oklahoma_state,oklahoma_state__45,engineering_capabilities-2
oklahoma_state,oklahoma_state__46,engineering_capabilities-2
oklahoma_state,oklahoma_state__47,engineering_capabilities-2
oklahoma_state,oklahoma_state__48,engineering_capabilities-2
oklahoma_state,oklahoma_state__49,engineering_capabilities-2
oklahoma_state,oklahoma_state__50,engineering_capabilities-2
oklahoma_state,oklahoma_state__51,engineering_capabilities-2
oklahoma_state,oklahoma_state__52,engineering_capabilities-2
oklahoma_state,oklahoma_state__53,sustainability_and_policy-4
oklahoma_state,oklahoma_state__54,technical_skills-1
oklahoma_state,oklahoma_state__55,use-3
oklahoma_state,oklahoma_state__56,engineering_capabilities-2
oklahoma_state,oklahoma_state__57,technical_skills-1
oklahoma_state,oklahoma_state__58,technical_skills-1
oklahoma_state,oklahoma_state__59,engineering_capabilities-2
oklahoma_state,oklahoma_state__60,production-3
oklahoma_state,oklahoma_state__61,engineering_capabilities-2
oklahoma_state,oklahoma_state__62,sustainability_and_policy-4
oklahoma_state,oklahoma_state__63,technical_skills-1
oklahoma_state,oklahoma_state__64,technical_skills-1
oklahoma_state,oklahoma_state__65,technical_skills-1
oklahoma_state,oklahoma_state__66,technical_skills-1
oklahoma_state,oklahoma_state__67,technical_skills-1
oklahoma_state,oklahoma_state__68,technical_skills-1
oklahoma_state,oklahoma_state__69,technical_skills-1
oklahoma_state,oklahoma_state__70,engineering_capabilities-2
oklahoma_state,oklahoma_state__71,engineering_capabilities-2
oklahoma_state,oklahoma_state__72,engineering_capabilities-2
oklahoma_state,oklahoma_state__73,engineering_capabilities-2
oklahoma_state,oklahoma_state__74,technical_skills-1
oklahoma_state,oklahoma_state__75,engineering_capabilities-2
oklahoma_state,oklahoma_state__76,technical_skills-1
oklahoma_state,oklahoma_state__77,technical_skills-1
oklahoma_state,oklahoma_state__78,technical_skills-1
oklahoma_state,oklahoma_state__79,technical_skills-1
oklahoma_state,oklahoma_state__80,technical_skills-1
oklahoma_state,oklahoma_state__81,production-3
oklahoma_state,oklahoma_state__82,engineering_capabilities-2
oklahoma_state,oklahoma_state__83,engineering_capabilities-2
oklahoma_state,oklahoma_state__84,engineering_capabilities-2
oklahoma_state,oklahoma_state__85,technical_skills-1
oklahoma_state,oklahoma_state__86,engineering_capabilities-2
oklahoma_state,oklahoma_state__87,engineering_capabilities-2
oklahoma_state,oklahoma_state__88,use-3
oklahoma_state,oklahoma_state__89,engineering_capabilities-2
oklahoma_state,oklahoma_state__90,sustainability_and_policy-4
oklahoma_state,oklahoma_state__91,use-3
oklahoma_state,oklahoma_state__92,engineering_capabilities-2
oklahoma_state,oklahoma_state__93,technical_skills-1
oklahoma_state,oklahoma_state__94,technical_skills-1
oklahoma_state,oklahoma_state__95,technical_skills-1
oklahoma_state,oklahoma_state__96,technical_skills-1
oklahoma_state,oklahoma_state__97,engineering_capabilities-2
oklahoma_state,oklahoma_state__98,production-3
oklahoma_state,oklahoma_state__98,delivery_and_storage-3
oklahoma_state,oklahoma_state__99,delivery_and_storage-3
oklahoma_state,oklahoma_state__100,technical_skills-1
oklahoma_state,oklahoma_state__101,technical_skills-1
oklahoma_state,oklahoma_state__102,technical_skills-1
oklahoma_state,oklahoma_state__103,production-3
oklahoma_state,oklahoma_state__104,production-3
oklahoma_state,oklahoma_state__105,technical_skills-1
oklahoma_state,oklahoma_state__106,sustainability_and_policy-4
oklahoma_state,oklahoma_state__107,technical_skills-1
oklahoma_state,oklahoma_state__108,technical_skills-1
oklahoma_state,oklahoma_state__109,sustainability_and_policy-4
oklahoma_state,oklahoma_state__110,technical_skills-1
oklahoma_state,oklahoma_state__111,technical_skills-1
oklahoma_state,oklahoma_state__112,sustainability_and_policy-4
oklahoma_state,oklahoma_state__113,technical_skills-1
oklahoma_state,oklahoma_state__114,technical_skills-1
oklahoma_state,oklahoma_state__115,technical_skills-1
oklahoma_state,oklahoma_state__116,delivery_and_storage-3
oklahoma_state,oklahoma_state__117,technical_skills-1
oklahoma_state,oklahoma_state__118,hydrogen_phrases-5
oklahoma_state,oklahoma_state__119,sustainability_and_policy-4
oklahoma_state,oklahoma_state__120,technical_skills-1
oklahoma_state,oklahoma_state__121,sustainability_and_policy-4
oklahoma_state,oklahoma_state__122,engineering_capabilities-2
oklahoma_state,oklahoma_state__123,technical_skills-1
oklahoma_state,oklahoma_state__124,engineering_capabilities-2
oklahoma_state,oklahoma_state__125,technical_skills-1
oklahoma_state,oklahoma_state__126,technical_skills-1
oklahoma_state,oklahoma_state__127,technical_skills-1
oklahoma_state,oklahoma_state__128,technical_skills-1
oklahoma_state,oklahoma_state__129,engineering_capabilities-2
oklahoma_state,oklahoma_state__130,sustainability_and_policy-4
oklahoma_state,oklahoma_state__130,technical_skills-1
oklahoma_state,oklahoma_state__131,technical_skills-1
oklahoma_state,oklahoma_state__132,technical_skills-1
oklahoma_state,oklahoma_state__133,technical_skills-1
oklahoma_state,oklahoma_state__134,use-3
oklahoma_state,oklahoma_state__135,technical_skills-1
oklahoma_state,oklahoma_state__136,technical_skills-1
oklahoma_state,oklahoma_state__137,technical_skills-1
oklahoma_state,oklahoma_state__138,technical_skills-1
oklahoma_state,oklahoma_state__139,engineering_capabilities-2
oklahoma_state,oklahoma_state__140,engineering_capabilities-2
oklahoma_state,oklahoma_state__141,technical_skills-1
oklahoma_state,oklahoma_state__142,engineering_capabilities-2
oklahoma_state,oklahoma_state__143,technical_skills-1
oklahoma_state,oklahoma_state__144,engineering_capabilities-2
oklahoma_state,oklahoma_state__145,engineering_capabilities-2
oklahoma_state,oklahoma_state__146,engineering_capabilities-2
oklahoma_state,oklahoma_state__147,engineering_capabilities-2
oklahoma_state,oklahoma_state__148,engineering_capabilities-2
oklahoma_state,oklahoma_state__148,technical_skills-1
oklahoma_state,oklahoma_state__149,sustainability_and_policy-4
oklahoma_state,oklahoma_state__150,engineering_capabilities-2
oklahoma_state,oklahoma_state__151,engineering_capabilities-2
oklahoma_state,oklahoma_state__152,engineering_capabilities-2
oklahoma_state,oklahoma_state__153,engineering_capabilities-2
oklahoma_state,oklahoma_state__154,engineering_capabilities-2
oklahoma_state,oklahoma_state__155,production-3
oklahoma_state,oklahoma_state__155,use-3
oklahoma_state,oklahoma_state__156,engineering_capabilities-2
oklahoma_state,oklahoma_state__157,technical_skills-1
oklahoma_state,oklahoma_state__158,technical_skills-1
oklahoma_state,oklahoma_state__159,engineering_capabilities-2
oklahoma_state,oklahoma_state__159,technical_skills-1
oklahoma_state,oklahoma_state__160,engineering_capabilities-2
oklahoma_state,oklahoma_state__161,sustainability_and_policy-4
oklahoma_state,oklahoma_state__162,technical_skills-1
oklahoma_state,oklahoma_state__163,engineering_capabilities-2
oklahoma_state,oklahoma_state__164,engineering_capabilities-2
oklahoma_state,oklahoma_state__165,engineering_capabilities-2
oklahoma_state,oklahoma_state__166,technical_skills-1
oklahoma_state,oklahoma_state__167,technical_skills-1
oklahoma_state,oklahoma_state__168,engineering_capabilities-2
oklahoma_state,oklahoma_state__168,delivery_and_storage-3
oklahoma_state,oklahoma_state__169,sustainability_and_policy-4
oklahoma_state,oklahoma_state__170,technical_skills-1
oklahoma_state,oklahoma_state__171,technical_skills-1
oklahoma_state,oklahoma_state__172,delivery_and_storage-3
oklahoma_state,oklahoma_state__173,engineering_capabilities-2
oklahoma_state,oklahoma_state__174,technical_skills-1
oklahoma_state,oklahoma_state__175,engineering_capabilities-2
oklahoma_state,oklahoma_state__176,delivery_and_storage-3
oklahoma_state,oklahoma_state__177,technical_skills-1
oklahoma_state,oklahoma_state__178,technical_skills-1
oklahoma_state,oklahoma_state__179,technical_skills-1
oklahoma_state,oklahoma_state__180,sustainability_and_policy-4
oklahoma_state,oklahoma_state__181,delivery_and_storage-3
oklahoma_state,oklahoma_state__182,technical_skills-1
oklahoma_state,oklahoma_state__183,engineering_capabilities-2
oklahoma_state,oklahoma_state__184,technical_skills-1
oklahoma_state,oklahoma_state__185,technical_skills-1
oklahoma_state,oklahoma_state__186,technical_skills-1
oklahoma_state,oklahoma_state__187,technical_skills-1
oklahoma_state,oklahoma_state__188,technical_skills-1
oklahoma_state,oklahoma_state__189,technical_skills-1
oklahoma_state,oklahoma_state__190,engineering_capabilities-2
oklahoma_state,oklahoma_state__191,use-3
oklahoma_state,oklahoma_state__191,engineering_capabilities-2
oklahoma_state,oklahoma_state__192,delivery_and_storage-3
oklahoma_state,oklahoma_state__193,technical_skills-1
oklahoma_state,oklahoma_state__194,technical_skills-1
oklahoma_state,oklahoma_state__195,technical_skills-1
oklahoma_state,oklahoma_state__196,engineering_capabilities-2
oklahoma_state,oklahoma_state__197,engineering_capabilities-2
oklahoma_state,oklahoma_state__198,sustainability_and_policy-4
oklahoma_state,oklahoma_state__198,technical_skills-1
oklahoma_state,oklahoma_state__199,sustainability_and_policy-4
oklahoma_state,oklahoma_state__200,technical_skills-1
oklahoma_state,oklahoma_state__201,sustainability_and_policy-4
oklahoma_state,oklahoma_state__202,technical_skills-1
oklahoma_state,oklahoma_state__203,sustainability_and_policy-4
oklahoma_state,oklahoma_state__204,technical_skills-1
oklahoma_state,oklahoma_state__205,sustainability_and_policy-4
oklahoma_state,oklahoma_state__206,sustainability_and_policy-4
oklahoma_state,oklahoma_state__207,technical_skills-1
oklahoma_state,oklahoma_state__208,technical_skills-1
oklahoma_state,oklahoma_state__209,sustainability_and_policy-4
oklahoma_state,oklahoma_state__210,technical_skills-1
oklahoma_state,oklahoma_state__211,technical_skills-1
oklahoma_state,oklahoma_state__212,engineering_capabilities-2
oklahoma_state,oklahoma_state__213,engineering_capabilities-2
oklahoma_state,oklahoma_state__214,technical_skills-1
oklahoma_state,oklahoma_state__215,technical_skills-1
oklahoma_state,oklahoma_state__216,delivery_and_storage-3
oklahoma_state,oklahoma_state__217,engineering_capabilities-2
oklahoma_state,oklahoma_state__218,engineering_capabilities-2
oklahoma_state,oklahoma_state__219,technical_skills-1
oklahoma_state,oklahoma_state__220,technical_skills-1
oklahoma_state,oklahoma_state__221,technical_skills-1
oklahoma_state,oklahoma_state__222,technical_skills-1
oklahoma_state,oklahoma_state__223,technical_skills-1
oklahoma_state,oklahoma_state__224,sustainability_and_policy-4
oklahoma_state,oklahoma_state__225,engineering_capabilities-2
oklahoma_state,oklahoma_state__226,technical_skills-1
oklahoma_state,oklahoma_state__227,technical_skills-1
oklahoma_state,oklahoma_state__228,engineering_capabilities-2
oklahoma_state,oklahoma_state__229,technical_skills-1
oklahoma_state,oklahoma_state__230,engineering_capabilities-2
oklahoma_state,oklahoma_state__231,engineering_capabilities-2
oklahoma_state,oklahoma_state__232,technical_skills-1
oklahoma_state,oklahoma_state__233,technical_skills-1
oklahoma_state,oklahoma_state__234,engineering_capabilities-2
oklahoma_state,oklahoma_state__235,technical_skills-1
oklahoma_state,oklahoma_state__236,engineering_capabilities-2
oklahoma_state,oklahoma_state__237,engineering_capabilities-2
oklahoma_state,oklahoma_state__238,engineering_capabilities-2
oklahoma_state,oklahoma_state__239,technical_skills-1
oklahoma_state,oklahoma_state__240,technical_skills-1
oklahoma_state,oklahoma_state__241,engineering_capabilities-2
oklahoma_state,oklahoma_state__242,technical_skills-1
oklahoma_state,oklahoma_state__243,sustainability_and_policy-4
oklahoma_state,oklahoma_state__244,technical_skills-1
oklahoma_state,oklahoma_state__245,technical_skills-1
oklahoma_state,oklahoma_state__246,production-3
oklahoma_state,oklahoma_state__247,sustainability_and_policy-4
oklahoma_state,oklahoma_state__248,technical_skills-1
oklahoma_state,oklahoma_state__249,sustainability_and_policy-4
oklahoma_state,oklahoma_state__250,technical_skills-1
oklahoma_state,oklahoma_state__251,sustainability_and_policy-4
oklahoma_state,oklahoma_state__252,engineering_capabilities-2
oklahoma_state,oklahoma_state__253,sustainability_and_policy-4
oklahoma_state,oklahoma_state__254,sustainability_and_policy-4
oklahoma_state,oklahoma_state__255,sustainability_and_policy-4
oklahoma_state,oklahoma_state__256,sustainability_and_policy-4
oklahoma_state,oklahoma_state__257,sustainability_and_policy-4
oklahoma_state,oklahoma_state__258,sustainability_and_policy-4
oklahoma_state,oklahoma_state__259,engineering_capabilities-2
oklahoma_state,oklahoma_state__260,sustainability_and_policy-4
oklahoma_state,oklahoma_state__261,technical_skills-1
oklahoma_state,oklahoma_state__262,engineering_capabilities-2
oklahoma_state,oklahoma_state__263,technical_skills-1
oklahoma_state,oklahoma_state__264,engineering_capabilities-2
oklahoma_state,oklahoma_state__265,technical_skills-1
oklahoma_state,oklahoma_state__266,engineering_capabilities-2
oklahoma_state,oklahoma_state__267,technical_skills-1
oklahoma_state,oklahoma_state__268,technical_skills-1
oklahoma_state,oklahoma_state__269,engineering_capabilities-2
oklahoma_state,oklahoma_state__269,technical_skills-1
oklahoma_state,oklahoma_state__270,engineering_capabilities-2
oklahoma_state,oklahoma_state__271,engineering_capabilities-2
oklahoma_state,oklahoma_state__272,sustainability_and_policy-4
oklahoma_state,oklahoma_state__273,engineering_capabilities-2
oklahoma_state,oklahoma_state__274,technical_skills-1
oklahoma_state,oklahoma_state__275,technical_skills-1
oklahoma_state,oklahoma_state__276,engineering_capabilities-2
oklahoma_state,oklahoma_state__277,engineering_capabilities-2
oklahoma_state,oklahoma_state__278,technical_skills-1
oklahoma_state,oklahoma_state__279,engineering_capabilities-2
oklahoma_state,oklahoma_state__279,technical_skills-1
oklahoma_state,oklahoma_state__280,technical_skills-1
oklahoma_state,oklahoma_state__281,engineering_capabilities-2
oklahoma_state,oklahoma_state__281,technical_skills-1
oklahoma_state,oklahoma_state__282,engineering_capabilities-2
oklahoma_state,oklahoma_state__283,technical_skills-1
oklahoma_state,oklahoma_state__284,technical_skills-1
oklahoma_state,oklahoma_state__285,engineering_capabilities-2
oklahoma_state,oklahoma_state__286,engineering_capabilities-2
oklahoma_state,oklahoma_state__287,sustainability_and_policy-4
oklahoma_state,oklahoma_state__288,engineering_capabilities-2
oklahoma_state,oklahoma_state__289,technical_skills-1
oklahoma_state,oklahoma_state__290,technical_skills-1
oklahoma_state,oklahoma_state__291,technical_skills-1
oklahoma_state,oklahoma_state__292,technical_skills-1
oklahoma_state,oklahoma_state__293,technical_skills-1
oklahoma_state,oklahoma_state__294,production-3
oklahoma_state,oklahoma_state__295,production-3
oklahoma_state,oklahoma_state__296,production-3
oklahoma_state,oklahoma_state__297,sustainability_and_policy-4
oklahoma_state,oklahoma_state__297,production-3
oklahoma_state,oklahoma_state__298,production-3
oklahoma_state,oklahoma_state__299,engineering_capabilities-2
oklahoma_state,oklahoma_state__300,technical_skills-1
oklahoma_state,oklahoma_state__301,engineering_capabilities-2
oklahoma_state,oklahoma_state__301,technical_skills-1
oklahoma_state,oklahoma_state__302,engineering_capabilities-2
oklahoma_state,oklahoma_state__302,technical_skills-1
oklahoma_state,oklahoma_state__303,technical_skills-1
oklahoma_state,oklahoma_state__304,technical_skills-1
oklahoma_state,oklahoma_state__305,technical_skills-1
oklahoma_state,oklahoma_state__306,technical_skills-1
oklahoma_state,oklahoma_state__307,technical_skills-1
oklahoma_state,oklahoma_state__308,technical_skills-1
oklahoma_state,oklahoma_state__309,technical_skills-1
oklahoma_state,oklahoma_state__310,technical_skills-1
oklahoma_state,oklahoma_state__311,technical_skills-1
oklahoma_state,oklahoma_state__312,technical_skills-1
oklahoma_state,oklahoma_state__313,engineering_capabilities-2
oklahoma_state,oklahoma_state__314,technical_skills-1
oklahoma_state,oklahoma_state__315,technical_skills-1
oklahoma_state,oklahoma_state__316,technical_skills-1
oklahoma_state,oklahoma_state__317,engineering_capabilities-2
oklahoma_state,oklahoma_state__318,technical_skills-1
oklahoma_state,oklahoma_state__319,engineering_capabilities-2
oklahoma_state,oklahoma_state__320,technical_skills-1
oklahoma_state,oklahoma_state__321,technical_skills-1
oklahoma_state,oklahoma_state__322,engineering_capabilities-2
oklahoma_state,oklahoma_state__322,technical_skills-1
oklahoma_state,oklahoma_state__323,sustainability_and_policy-4
oklahoma_state,oklahoma_state__324,technical_skills-1
oklahoma_state,oklahoma_state__325,technical_skills-1
oklahoma_state,oklahoma_state__326,production-3
oklahoma_state,oklahoma_state__327,sustainability_and_policy-4
oklahoma_state,oklahoma_state__328,technical_skills-1
oklahoma_state,oklahoma_state__329,clean_energy_markets-4
oklahoma_state,oklahoma_state__330,technical_skills-1
oklahoma_state,oklahoma_state__331,sustainability_and_policy-4
oklahoma_state,oklahoma_state__332,technical_skills-1
oklahoma_state,oklahoma_state__333,sustainability_and_policy-4
oklahoma_state,oklahoma_state__334,sustainability_and_policy-4
oklahoma_state,oklahoma_state__335,sustainability_and_policy-4
oklahoma_state,oklahoma_state__336,technical_skills-1
oklahoma_state,oklahoma_state__337,sustainability_and_policy-4
oklahoma_state,oklahoma_state__338,delivery_and_storage-3
oklahoma_state,oklahoma_state__339,engineering_capabilities-2
oklahoma_state,oklahoma_state__340,technical_skills-1
oklahoma_state,oklahoma_state__341,engineering_capabilities-2
oklahoma_state,oklahoma_state__342,engineering_capabilities-2
oklahoma_state,oklahoma_state__343,engineering_capabilities-2
oklahoma_state,oklahoma_state__344,sustainability_and_policy-4
oklahoma_state,oklahoma_state__345,technical_skills-1
oklahoma_state,oklahoma_state__346,sustainability_and_policy-4
oklahoma_state,oklahoma_state__347,sustainability_and_policy-4
oklahoma_state,oklahoma_state__348,sustainability_and_policy-4
oklahoma_state,oklahoma_state__349,technical_skills-1
oklahoma_state,oklahoma_state__350,sustainability_and_policy-4
oklahoma_state,oklahoma_state__351,technical_skills-1
oklahoma_state,oklahoma_state__352,engineering_capabilities-2
oklahoma_state,oklahoma_state__353,sustainability_and_policy-4
oklahoma_state,oklahoma_state__354,engineering_capabilities-2
oklahoma_state,oklahoma_state__355,technical_skills-1
oklahoma_state,oklahoma_state__356,technical_skills-1
oklahoma_state,oklahoma_state__357,technical_skills-1
oklahoma_state,oklahoma_state__358,sustainability_and_policy-4
oklahoma_state,oklahoma_state__359,use-3
oklahoma_state,oklahoma_state__360,sustainability_and_policy-4
oklahoma_state,oklahoma_state__361,sustainability_and_policy-4
oklahoma_state,oklahoma_state__362,technical_skills-1
oklahoma_state,oklahoma_state__363,technical_skills-1
oklahoma_state,oklahoma_state__364,technical_skills-1
oklahoma_state,oklahoma_state__365,technical_skills-1
oklahoma_state,oklahoma_state__366,technical_skills-1
oklahoma_state,oklahoma_state__367,technical_skills-1
oklahoma_state,oklahoma_state__368,engineering_capabilities-2
oklahoma_state,oklahoma_state__369,sustainability_and_policy-4
oklahoma_state,oklahoma_state__369,clean_energy_markets-4
oklahoma_state,oklahoma_state__370,sustainability_and_policy-4
oklahoma_state,oklahoma_state__370,clean_energy_markets-4
oklahoma_state,oklahoma_state__371,sustainability_and_policy-4
oklahoma_state,oklahoma_state__371,clean_energy_markets-4
oklahoma_state,oklahoma_state__372,technical_skills-1
oklahoma_state,oklahoma_state__373,sustainability_and_policy-4
oklahoma_state,oklahoma_state__374,sustainability_and_policy-4
oklahoma_state,oklahoma_state__375,sustainability_and_policy-4
oklahoma_state,oklahoma_state__376,engineering_capabilities-2
oklahoma_state,oklahoma_state__377,engineering_capabilities-2
oklahoma_state,oklahoma_state__378,engineering_capabilities-2
oklahoma_state,oklahoma_state__379,sustainability_and_policy-4
oklahoma_state,oklahoma_state__379,engineering_capabilities-2
oklahoma_state,oklahoma_state__380,engineering_capabilities-2
oklahoma_state,oklahoma_state__381,engineering_capabilities-2
oklahoma_state,oklahoma_state__382,engineering_capabilities-2
oklahoma_state,oklahoma_state__383,delivery_and_storage-3
oklahoma_state,oklahoma_state__384,engineering_capabilities-2
oklahoma_state,oklahoma_state__385,technical_skills-1
oklahoma_state,oklahoma_state__386,delivery_and_storage-3
oklahoma_state,oklahoma_state__387,technical_skills-1
oklahoma_state,oklahoma_state__388,engineering_capabilities-2
oklahoma_state,oklahoma_state__389,sustainability_and_policy-4
oklahoma_state,oklahoma_state__390,engineering_capabilities-2
oklahoma_state,oklahoma_state__391,delivery_and_storage-3
oklahoma_state,oklahoma_state__392,technical_skills-1
oklahoma_state,oklahoma_state__393,technical_skills-1
oklahoma_state,oklahoma_state__394,technical_skills-1
oklahoma_state,oklahoma_state__395,technical_skills-1
oklahoma_state,oklahoma_state__396,engineering_capabilities-2
oklahoma_state,oklahoma_state__397,technical_skills-1
oklahoma_state,oklahoma_state__398,technical_skills-1
oklahoma_state,oklahoma_state__399,sustainability_and_policy-4
oklahoma_state,oklahoma_state__400,sustainability_and_policy-4
oklahoma_state,oklahoma_state__401,sustainability_and_policy-4
oregon_state_university,oregon_state_university__0,technical_skills-1
oregon_state_university,oregon_state_university__1,engineering_capabilities-2
oregon_state_university,oregon_state_university__2,technical_skills-1
oregon_state_university,oregon_state_university__3,engineering_capabilities-2
oregon_state_university,oregon_state_university__4,technical_skills-1
oregon_state_university,oregon_state_university__5,engineering_capabilities-2
oregon_state_university,oregon_state_university__6,technical_skills-1
oregon_state_university,oregon_state_university__7,engineering_capabilities-2
oregon_state_university,oregon_state_university__8,sustainability_and_policy-4
oregon_state_university,oregon_state_university__9,engineering_capabilities-2
oregon_state_university,oregon_state_university__10,sustainability_and_policy-4
oregon_state_university,oregon_state_university__11,technical_skills-1
oregon_state_university,oregon_state_university__12,technical_skills-1
oregon_state_university,oregon_state_university__12,sustainability_and_policy-4
oregon_state_university,oregon_state_university__13,sustainability_and_policy-4
oregon_state_university,oregon_state_university__14,technical_skills-1
oregon_state_university,oregon_state_university__15,technical_skills-1
oregon_state_university,oregon_state_university__16,technical_skills-1
oregon_state_university,oregon_state_university__16,sustainability_and_policy-4
oregon_state_university,oregon_state_university__17,engineering_capabilities-2
oregon_state_university,oregon_state_university__17,clean_energy_markets-4
oregon_state_university,oregon_state_university__18,technical_skills-1
oregon_state_university,oregon_state_university__19,sustainability_and_policy-4
oregon_state_university,oregon_state_university__20,technical_skills-1
oregon_state_university,oregon_state_university__21,technical_skills-1
oregon_state_university,oregon_state_university__22,technical_skills-1
oregon_state_university,oregon_state_university__23,technical_skills-1
oregon_state_university,oregon_state_university__24,technical_skills-1
oregon_state_university,oregon_state_university__25,technical_skills-1
oregon_state_university,oregon_state_university__26,technical_skills-1
oregon_state_university,oregon_state_university__27,sustainability_and_policy-4
oregon_state_university,oregon_state_university__28,sustainability_and_policy-4
oregon_state_university,oregon_state_university__29,technical_skills-1
oregon_state_university,oregon_state_university__29,sustainability_and_policy-4
oregon_state_university,oregon_state_university__30,technical_skills-1
oregon_state_university,oregon_state_university__31,sustainability_and_policy-4
oregon_state_university,oregon_state_university__32,technical_skills-1
oregon_state_university,oregon_state_university__32,sustainability_and_policy-4
oregon_state_university,oregon_state_university__33,sustainability_and_policy-4
oregon_state_university,oregon_state_university__34,technical_skills-1
oregon_state_university,oregon_state_university__34,sustainability_and_policy-4
oregon_state_university,oregon_state_university__35,sustainability_and_policy-4
oregon_state_university,oregon_state_university__36,sustainability_and_policy-4
oregon_state_university,oregon_state_university__37,production-3
oregon_state_university,oregon_state_university__38,production-3
oregon_state_university,oregon_state_university__39,technical_skills-1
oregon_state_university,oregon_state_university__40,engineering_capabilities-2
oregon_state_university,oregon_state_university__41,technical_skills-1
oregon_state_university,oregon_state_university__42,sustainability_and_policy-4
oregon_state_university,oregon_state_university__43,sustainability_and_policy-4
oregon_state_university,oregon_state_university__44,sustainability_and_policy-4
oregon_state_university,oregon_state_university__45,technical_skills-1
oregon_state_university,oregon_state_university__46,technical_skills-1
oregon_state_university,oregon_state_university__47,sustainability_and_policy-4
oregon_state_university,oregon_state_university__48,sustainability_and_policy-4
oregon_state_university,oregon_state_university__49,sustainability_and_policy-4
oregon_state_university,oregon_state_university__50,sustainability_and_policy-4
oregon_state_university,oregon_state_university__51,sustainability_and_policy-4
oregon_state_university,oregon_state_university__52,sustainability_and_policy-4
oregon_state_university,oregon_state_university__53,sustainability_and_policy-4
oregon_state_university,oregon_state_university__54,sustainability_and_policy-4
oregon_state_university,oregon_state_university__55,sustainability_and_policy-4
oregon_state_university,oregon_state_university__56,engineering_capabilities-2
oregon_state_university,oregon_state_university__57,technical_skills-1
oregon_state_university,oregon_state_university__58,technical_skills-1
oregon_state_university,oregon_state_university__59,engineering_capabilities-2
oregon_state_university,oregon_state_university__60,sustainability_and_policy-4
oregon_state_university,oregon_state_university__61,sustainability_and_policy-4
oregon_state_university,oregon_state_university__62,technical_skills-1
oregon_state_university,oregon_state_university__63,use-3
oregon_state_university,oregon_state_university__64,sustainability_and_policy-4
oregon_state_university,oregon_state_university__65,sustainability_and_policy-4
oregon_state_university,oregon_state_university__66,sustainability_and_policy-4
oregon_state_university,oregon_state_university__67,sustainability_and_policy-4
oregon_state_university,oregon_state_university__68,hydrogen_phrases-5
oregon_state_university,oregon_state_university__69,engineering_capabilities-2
oregon_state_university,oregon_state_university__70,technical_skills-1
oregon_state_university,oregon_state_university__71,sustainability_and_policy-4
oregon_state_university,oregon_state_university__72,production-3
oregon_state_university,oregon_state_university__73,sustainability_and_policy-4
oregon_state_university,oregon_state_university__74,sustainability_and_policy-4
oregon_state_university,oregon_state_university__75,sustainability_and_policy-4
oregon_state_university,oregon_state_university__76,sustainability_and_policy-4
oregon_state_university,oregon_state_university__77,sustainability_and_policy-4
oregon_state_university,oregon_state_university__78,sustainability_and_policy-4
oregon_state_university,oregon_state_university__79,sustainability_and_policy-4
oregon_state_university,oregon_state_university__80,use-3
oregon_state_university,oregon_state_university__81,use-3
oregon_state_university,oregon_state_university__82,technical_skills-1
oregon_state_university,oregon_state_university__82,sustainability_and_policy-4
oregon_state_university,oregon_state_university__83,technical_skills-1
oregon_state_university,oregon_state_university__84,technical_skills-1
oregon_state_university,oregon_state_university__85,technical_skills-1
oregon_state_university,oregon_state_university__86,technical_skills-1
oregon_state_university,oregon_state_university__87,technical_skills-1
oregon_state_university,oregon_state_university__88,engineering_capabilities-2
oregon_state_university,oregon_state_university__89,technical_skills-1
oregon_state_university,oregon_state_university__90,technical_skills-1
oregon_state_university,oregon_state_university__91,technical_skills-1
oregon_state_university,oregon_state_university__92,sustainability_and_policy-4
oregon_state_university,oregon_state_university__93,technical_skills-1
oregon_state_university,oregon_state_university__94,sustainability_and_policy-4
oregon_state_university,oregon_state_university__95,technical_skills-1
oregon_state_university,oregon_state_university__96,technical_skills-1
oregon_state_university,oregon_state_university__97,technical_skills-1
oregon_state_university,oregon_state_university__98,engineering_capabilities-2
oregon_state_university,oregon_state_university__99,engineering_capabilities-2
oregon_state_university,oregon_state_university__100,delivery_and_storage-3
oregon_state_university,oregon_state_university__101,delivery_and_storage-3
oregon_state_university,oregon_state_university__102,engineering_capabilities-2
oregon_state_university,oregon_state_university__103,engineering_capabilities-2
oregon_state_university,oregon_state_university__104,engineering_capabilities-2
oregon_state_university,oregon_state_university__105,sustainability_and_policy-4
oregon_state_university,oregon_state_university__106,sustainability_and_policy-4
oregon_state_university,oregon_state_university__107,technical_skills-1
oregon_state_university,oregon_state_university__108,technical_skills-1
oregon_state_university,oregon_state_university__108,sustainability_and_policy-4
oregon_state_university,oregon_state_university__109,engineering_capabilities-2
oregon_state_university,oregon_state_university__110,engineering_capabilities-2
oregon_state_university,oregon_state_university__111,engineering_capabilities-2
oregon_state_university,oregon_state_university__111,technical_skills-1
oregon_state_university,oregon_state_university__112,technical_skills-1
oregon_state_university,oregon_state_university__113,engineering_capabilities-2
oregon_state_university,oregon_state_university__114,engineering_capabilities-2
oregon_state_university,oregon_state_university__115,sustainability_and_policy-4
oregon_state_university,oregon_state_university__116,engineering_capabilities-2
oregon_state_university,oregon_state_university__116,technical_skills-1
oregon_state_university,oregon_state_university__117,technical_skills-1
oregon_state_university,oregon_state_university__118,sustainability_and_policy-4
oregon_state_university,oregon_state_university__119,sustainability_and_policy-4
oregon_state_university,oregon_state_university__120,engineering_capabilities-2
oregon_state_university,oregon_state_university__120,technical_skills-1
oregon_state_university,oregon_state_university__121,sustainability_and_policy-4
oregon_state_university,oregon_state_university__122,delivery_and_storage-3
oregon_state_university,oregon_state_university__123,technical_skills-1
oregon_state_university,oregon_state_university__124,technical_skills-1
oregon_state_university,oregon_state_university__125,technical_skills-1
oregon_state_university,oregon_state_university__126,technical_skills-1
oregon_state_university,oregon_state_university__127,technical_skills-1
oregon_state_university,oregon_state_university__128,technical_skills-1
oregon_state_university,oregon_state_university__129,technical_skills-1
oregon_state_university,oregon_state_university__130,engineering_capabilities-2
oregon_state_university,oregon_state_university__131,technical_skills-1
oregon_state_university,oregon_state_university__132,technical_skills-1
oregon_state_university,oregon_state_university__133,technical_skills-1
oregon_state_university,oregon_state_university__134,sustainability_and_policy-4
oregon_state_university,oregon_state_university__135,engineering_capabilities-2
oregon_state_university,oregon_state_university__136,engineering_capabilities-2
oregon_state_university,oregon_state_university__137,technical_skills-1
oregon_state_university,oregon_state_university__138,technical_skills-1
oregon_state_university,oregon_state_university__139,engineering_capabilities-2
oregon_state_university,oregon_state_university__140,technical_skills-1
oregon_state_university,oregon_state_university__141,technical_skills-1
oregon_state_university,oregon_state_university__142,technical_skills-1
oregon_state_university,oregon_state_university__143,technical_skills-1
oregon_state_university,oregon_state_university__144,engineering_capabilities-2
oregon_state_university,oregon_state_university__145,sustainability_and_policy-4
oregon_state_university,oregon_state_university__146,technical_skills-1
oregon_state_university,oregon_state_university__147,technical_skills-1
oregon_state_university,oregon_state_university__148,engineering_capabilities-2
oregon_state_university,oregon_state_university__149,engineering_capabilities-2
oregon_state_university,oregon_state_university__150,engineering_capabilities-2
oregon_state_university,oregon_state_university__151,engineering_capabilities-2
oregon_state_university,oregon_state_university__152,engineering_capabilities-2
oregon_state_university,oregon_state_university__153,engineering_capabilities-2
oregon_state_university,oregon_state_university__154,engineering_capabilities-2
oregon_state_university,oregon_state_university__155,engineering_capabilities-2
oregon_state_university,oregon_state_university__156,technical_skills-1
oregon_state_university,oregon_state_university__157,technical_skills-1
oregon_state_university,oregon_state_university__158,technical_skills-1
oregon_state_university,oregon_state_university__159,sustainability_and_policy-4
oregon_state_university,oregon_state_university__160,technical_skills-1
oregon_state_university,oregon_state_university__161,sustainability_and_policy-4
oregon_state_university,oregon_state_university__162,sustainability_and_policy-4
oregon_state_university,oregon_state_university__163,sustainability_and_policy-4
oregon_state_university,oregon_state_university__164,sustainability_and_policy-4
oregon_state_university,oregon_state_university__165,sustainability_and_policy-4
oregon_state_university,oregon_state_university__166,sustainability_and_policy-4
oregon_state_university,oregon_state_university__167,sustainability_and_policy-4
oregon_state_university,oregon_state_university__168,sustainability_and_policy-4
oregon_state_university,oregon_state_university__169,sustainability_and_policy-4
oregon_state_university,oregon_state_university__170,engineering_capabilities-2
oregon_state_university,oregon_state_university__171,engineering_capabilities-2
oregon_state_university,oregon_state_university__172,technical_skills-1
oregon_state_university,oregon_state_university__173,sustainability_and_policy-4
oregon_state_university,oregon_state_university__174,technical_skills-1
oregon_state_university,oregon_state_university__175,engineering_capabilities-2
oregon_state_university,oregon_state_university__176,technical_skills-1
oregon_state_university,oregon_state_university__177,engineering_capabilities-2
oregon_state_university,oregon_state_university__178,sustainability_and_policy-4
oregon_state_university,oregon_state_university__179,technical_skills-1
oregon_state_university,oregon_state_university__180,sustainability_and_policy-4
oregon_state_university,oregon_state_university__181,engineering_capabilities-2
oregon_state_university,oregon_state_university__182,engineering_capabilities-2
oregon_state_university,oregon_state_university__183,technical_skills-1
oregon_state_university,oregon_state_university__184,engineering_capabilities-2
oregon_state_university,oregon_state_university__185,engineering_capabilities-2
oregon_state_university,oregon_state_university__186,engineering_capabilities-2
oregon_state_university,oregon_state_university__187,technical_skills-1
oregon_state_university,oregon_state_university__188,technical_skills-1
oregon_state_university,oregon_state_university__188,sustainability_and_policy-4
oregon_state_university,oregon_state_university__189,technical_skills-1
oregon_state_university,oregon_state_university__190,technical_skills-1
oregon_state_university,oregon_state_university__191,technical_skills-1
oregon_state_university,oregon_state_university__192,sustainability_and_policy-4
oregon_state_university,oregon_state_university__193,technical_skills-1
oregon_state_university,oregon_state_university__194,engineering_capabilities-2
oregon_state_university,oregon_state_university__195,technical_skills-1
oregon_state_university,oregon_state_university__196,technical_skills-1
oregon_state_university,oregon_state_university__197,technical_skills-1
oregon_state_university,oregon_state_university__198,technical_skills-1
oregon_state_university,oregon_state_university__199,engineering_capabilities-2
oregon_state_university,oregon_state_university__200,sustainability_and_policy-4
oregon_state_university,oregon_state_university__201,technical_skills-1
oregon_state_university,oregon_state_university__201,sustainability_and_policy-4
oregon_state_university,oregon_state_university__202,technical_skills-1
oregon_state_university,oregon_state_university__203,technical_skills-1
oregon_state_university,oregon_state_university__204,technical_skills-1
oregon_state_university,oregon_state_university__205,technical_skills-1
oregon_state_university,oregon_state_university__206,technical_skills-1
oregon_state_university,oregon_state_university__207,technical_skills-1
oregon_state_university,oregon_state_university__208,technical_skills-1
oregon_state_university,oregon_state_university__209,technical_skills-1
oregon_state_university,oregon_state_university__209,sustainability_and_policy-4
oregon_state_university,oregon_state_university__210,technical_skills-1
oregon_state_university,oregon_state_university__211,hydrogen_phrases-5
oregon_state_university,oregon_state_university__212,technical_skills-1
oregon_state_university,oregon_state_university__213,technical_skills-1
oregon_state_university,oregon_state_university__214,technical_skills-1
oregon_state_university,oregon_state_university__215,technical_skills-1
oregon_state_university,oregon_state_university__216,technical_skills-1
oregon_state_university,oregon_state_university__217,engineering_capabilities-2
oregon_state_university,oregon_state_university__218,sustainability_and_policy-4
oregon_state_university,oregon_state_university__219,sustainability_and_policy-4
oregon_state_university,oregon_state_university__220,technical_skills-1
oregon_state_university,oregon_state_university__221,technical_skills-1
oregon_state_university,oregon_state_university__222,technical_skills-1
oregon_state_university,oregon_state_university__223,engineering_capabilities-2
oregon_state_university,oregon_state_university__224,engineering_capabilities-2
oregon_state_university,oregon_state_university__225,engineering_capabilities-2
oregon_state_university,oregon_state_university__226,engineering_capabilities-2
oregon_state_university,oregon_state_university__227,technical_skills-1
oregon_state_university,oregon_state_university__228,engineering_capabilities-2
oregon_state_university,oregon_state_university__229,sustainability_and_policy-4
oregon_state_university,oregon_state_university__230,technical_skills-1
oregon_state_university,oregon_state_university__230,sustainability_and_policy-4
oregon_state_university,oregon_state_university__231,technical_skills-1
oregon_state_university,oregon_state_university__232,technical_skills-1
oregon_state_university,oregon_state_university__233,sustainability_and_policy-4
oregon_state_university,oregon_state_university__234,sustainability_and_policy-4
oregon_state_university,oregon_state_university__235,technical_skills-1
oregon_state_university,oregon_state_university__236,sustainability_and_policy-4
oregon_state_university,oregon_state_university__237,delivery_and_storage-3
oregon_state_university,oregon_state_university__238,engineering_capabilities-2
oregon_state_university,oregon_state_university__239,technical_skills-1
oregon_state_university,oregon_state_university__240,engineering_capabilities-2
oregon_state_university,oregon_state_university__241,sustainability_and_policy-4
oregon_state_university,oregon_state_university__242,sustainability_and_policy-4
oregon_state_university,oregon_state_university__243,technical_skills-1
oregon_state_university,oregon_state_university__244,technical_skills-1
oregon_state_university,oregon_state_university__245,sustainability_and_policy-4
oregon_state_university,oregon_state_university__246,sustainability_and_policy-4
oregon_state_university,oregon_state_university__247,technical_skills-1
oregon_state_university,oregon_state_university__248,engineering_capabilities-2
oregon_state_university,oregon_state_university__249,engineering_capabilities-2
oregon_state_university,oregon_state_university__250,engineering_capabilities-2
oregon_state_university,oregon_state_university__251,sustainability_and_policy-4
oregon_state_university,oregon_state_university__252,sustainability_and_policy-4
oregon_state_university,oregon_state_university__253,sustainability_and_policy-4
oregon_state_university,oregon_state_university__254,sustainability_and_policy-4
oregon_state_university,oregon_state_university__255,sustainability_and_policy-4
oregon_state_university,oregon_state_university__256,engineering_capabilities-2
oregon_state_university,oregon_state_university__257,sustainability_and_policy-4
oregon_state_university,oregon_state_university__258,sustainability_and_policy-4
oregon_state_university,oregon_state_university__259,sustainability_and_policy-4
oregon_state_university,oregon_state_university__260,technical_skills-1
oregon_state_university,oregon_state_university__261,technical_skills-1
oregon_state_university,oregon_state_university__262,technical_skills-1
oregon_state_university,oregon_state_university__263,engineering_capabilities-2
oregon_state_university,oregon_state_university__264,engineering_capabilities-2
oregon_state_university,oregon_state_university__265,engineering_capabilities-2
oregon_state_university,oregon_state_university__266,engineering_capabilities-2
oregon_state_university,oregon_state_university__267,engineering_capabilities-2
oregon_state_university,oregon_state_university__268,engineering_capabilities-2
oregon_state_university,oregon_state_university__269,delivery_and_storage-3
oregon_state_university,oregon_state_university__270,engineering_capabilities-2
oregon_state_university,oregon_state_university__271,engineering_capabilities-2
oregon_state_university,oregon_state_university__272,technical_skills-1
oregon_state_university,oregon_state_university__273,delivery_and_storage-3
oregon_state_university,oregon_state_university__274,engineering_capabilities-2
oregon_state_university,oregon_state_university__275,engineering_capabilities-2
oregon_state_university,oregon_state_university__275,technical_skills-1
oregon_state_university,oregon_state_university__276,delivery_and_storage-3
oregon_state_university,oregon_state_university__277,technical_skills-1
oregon_state_university,oregon_state_university__278,technical_skills-1
oregon_state_university,oregon_state_university__279,technical_skills-1
oregon_state_university,oregon_state_university__280,technical_skills-1
oregon_state_university,oregon_state_university__281,delivery_and_storage-3
oregon_state_university,oregon_state_university__282,technical_skills-1
oregon_state_university,oregon_state_university__283,engineering_capabilities-2
oregon_state_university,oregon_state_university__284,delivery_and_storage-3
oregon_state_university,oregon_state_university__285,delivery_and_storage-3
oregon_state_university,oregon_state_university__286,technical_skills-1
oregon_state_university,oregon_state_university__287,delivery_and_storage-3
oregon_state_university,oregon_state_university__288,delivery_and_storage-3
oregon_state_university,oregon_state_university__289,engineering_capabilities-2
oregon_state_university,oregon_state_university__290,sustainability_and_policy-4
oregon_state_university,oregon_state_university__291,engineering_capabilities-2
oregon_state_university,oregon_state_university__292,engineering_capabilities-2
oregon_state_university,oregon_state_university__293,engineering_capabilities-2
oregon_state_university,oregon_state_university__294,engineering_capabilities-2
oregon_state_university,oregon_state_university__294,technical_skills-1
oregon_state_university,oregon_state_university__295,technical_skills-1
oregon_state_university,oregon_state_university__296,technical_skills-1
oregon_state_university,oregon_state_university__297,engineering_capabilities-2
oregon_state_university,oregon_state_university__298,production-3
oregon_state_university,oregon_state_university__299,sustainability_and_policy-4
oregon_state_university,oregon_state_university__300,technical_skills-1
oregon_state_university,oregon_state_university__301,use-3
oregon_state_university,oregon_state_university__301,engineering_capabilities-2
oregon_state_university,oregon_state_university__302,technical_skills-1
oregon_state_university,oregon_state_university__303,engineering_capabilities-2
oregon_state_university,oregon_state_university__304,engineering_capabilities-2
oregon_state_university,oregon_state_university__305,production-3
oregon_state_university,oregon_state_university__306,production-3
oregon_state_university,oregon_state_university__307,production-3
oregon_state_university,oregon_state_university__308,engineering_capabilities-2
oregon_state_university,oregon_state_university__309,engineering_capabilities-2
oregon_state_university,oregon_state_university__310,engineering_capabilities-2
oregon_state_university,oregon_state_university__311,engineering_capabilities-2
oregon_state_university,oregon_state_university__312,engineering_capabilities-2
oregon_state_university,oregon_state_university__313,engineering_capabilities-2
oregon_state_university,oregon_state_university__314,engineering_capabilities-2
oregon_state_university,oregon_state_university__315,engineering_capabilities-2
oregon_state_university,oregon_state_university__316,engineering_capabilities-2
oregon_state_university,oregon_state_university__317,engineering_capabilities-2
oregon_state_university,oregon_state_university__318,engineering_capabilities-2
oregon_state_university,oregon_state_university__319,engineering_capabilities-2
oregon_state_university,oregon_state_university__320,engineering_capabilities-2
oregon_state_university,oregon_state_university__321,engineering_capabilities-2
oregon_state_university,oregon_state_university__322,engineering_capabilities-2
oregon_state_university,oregon_state_university__323,production-3
oregon_state_university,oregon_state_university__324,sustainability_and_policy-4
oregon_state_university,oregon_state_university__325,technical_skills-1
oregon_state_university,oregon_state_university__326,use-3
oregon_state_university,oregon_state_university__326,engineering_capabilities-2
oregon_state_university,oregon_state_university__327,hydrogen_phrases-5
oregon_state_university,oregon_state_university__328,engineering_capabilities-2
oregon_state_university,oregon_state_university__329,engineering_capabilities-2
oregon_state_university,oregon_state_university__330,engineering_capabilities-2
oregon_state_university,oregon_state_university__331,engineering_capabilities-2
oregon_state_university,oregon_state_university__332,engineering_capabilities-2
oregon_state_university,oregon_state_university__333,engineering_capabilities-2
oregon_state_university,oregon_state_university__334,hydrogen_phrases-5
oregon_state_university,oregon_state_university__335,engineering_capabilities-2
oregon_state_university,oregon_state_university__336,engineering_capabilities-2
oregon_state_university,oregon_state_university__337,engineering_capabilities-2
oregon_state_university,oregon_state_university__338,engineering_capabilities-2
oregon_state_university,oregon_state_university__339,engineering_capabilities-2
oregon_state_university,oregon_state_university__340,sustainability_and_policy-4
oregon_state_university,oregon_state_university__341,technical_skills-1
oregon_state_university,oregon_state_university__342,technical_skills-1
oregon_state_university,oregon_state_university__343,technical_skills-1
oregon_state_university,oregon_state_university__344,technical_skills-1
oregon_state_university,oregon_state_university__345,technical_skills-1
oregon_state_university,oregon_state_university__346,technical_skills-1
oregon_state_university,oregon_state_university__347,technical_skills-1
oregon_state_university,oregon_state_university__348,technical_skills-1
oregon_state_university,oregon_state_university__349,engineering_capabilities-2
oregon_state_university,oregon_state_university__350,engineering_capabilities-2
oregon_state_university,oregon_state_university__351,technical_skills-1
oregon_state_university,oregon_state_university__352,engineering_capabilities-2
oregon_state_university,oregon_state_university__353,sustainability_and_policy-4
oregon_state_university,oregon_state_university__354,engineering_capabilities-2
oregon_state_university,oregon_state_university__354,sustainability_and_policy-4
oregon_state_university,oregon_state_university__355,engineering_capabilities-2
oregon_state_university,oregon_state_university__355,sustainability_and_policy-4
oregon_state_university,oregon_state_university__356,sustainability_and_policy-4
oregon_state_university,oregon_state_university__357,engineering_capabilities-2
oregon_state_university,oregon_state_university__358,technical_skills-1
oregon_state_university,oregon_state_university__359,engineering_capabilities-2
oregon_state_university,oregon_state_university__360,engineering_capabilities-2
oregon_state_university,oregon_state_university__361,engineering_capabilities-2
oregon_state_university,oregon_state_university__362,technical_skills-1
oregon_state_university,oregon_state_university__363,technical_skills-1
oregon_state_university,oregon_state_university__364,technical_skills-1
oregon_state_university,oregon_state_university__364,delivery_and_storage-3
oregon_state_university,oregon_state_university__365,technical_skills-1
oregon_state_university,oregon_state_university__366,technical_skills-1
oregon_state_university,oregon_state_university__367,engineering_capabilities-2
oregon_state_university,oregon_state_university__368,sustainability_and_policy-4
oregon_state_university,oregon_state_university__369,technical_skills-1
oregon_state_university,oregon_state_university__370,technical_skills-1
oregon_state_university,oregon_state_university__370,sustainability_and_policy-4
oregon_state_university,oregon_state_university__371,sustainability_and_policy-4
oregon_state_university,oregon_state_university__372,sustainability_and_policy-4
oregon_state_university,oregon_state_university__373,sustainability_and_policy-4
oregon_state_university,oregon_state_university__374,sustainability_and_policy-4
oregon_state_university,oregon_state_university__375,sustainability_and_policy-4
oregon_state_university,oregon_state_university__376,technical_skills-1
oregon_state_university,oregon_state_university__377,engineering_capabilities-2
pennsylvania_state_university,pennsylvania_state_university__0,engineering_capabilities-2
pennsylvania_state_university,pennsylvania_state_university__1,engineering_capabilities-2
pennsylvania_state_university,pennsylvania_state_university__2,technical_skills-1
pennsylvania_state_university,pennsylvania_state_university__2,engineering_capabilities-2
pennsylvania_state_university,pennsylvania_state_university__3,technical_skills-1
pennsylvania_state_university,pennsylvania_state_university__4,sustainability_and_policy-4
pennsylvania_state_university,pennsylvania_state_university__5,hydrogen_phrases-5
pennsylvania_state_university,pennsylvania_state_university__6,technical_skills-1
pennsylvania_state_university,pennsylvania_state_university__7,production-3
pennsylvania_state_university,pennsylvania_state_university__8,sustainability_and_policy-4
pennsylvania_state_university,pennsylvania_state_university__9,sustainability_and_policy-4
pennsylvania_state_university,pennsylvania_state_university__10,technical_skills-1
pennsylvania_state_university,pennsylvania_state_university__11,sustainability_and_policy-4
pennsylvania_state_university,pennsylvania_state_university__12,technical_skills-1
pennsylvania_state_university,pennsylvania_state_university__13,technical_skills-1
pennsylvania_state_university,pennsylvania_state_university__14,production-3
pennsylvania_state_university,pennsylvania_state_university__15,technical_skills-1
pennsylvania_state_university,pennsylvania_state_university__16,engineering_capabilities-2
pennsylvania_state_university,pennsylvania_state_university__17,engineering_capabilities-2
pennsylvania_state_university,pennsylvania_state_university__18,sustainability_and_policy-4
pennsylvania_state_university,pennsylvania_state_university__19,delivery_and_storage-3
pennsylvania_state_university,pennsylvania_state_university__20,technical_skills-1
pennsylvania_state_university,pennsylvania_state_university__21,sustainability_and_policy-4
pennsylvania_state_university,pennsylvania_state_university__22,sustainability_and_policy-4
pennsylvania_state_university,pennsylvania_state_university__23,sustainability_and_policy-4
pennsylvania_state_university,pennsylvania_state_university__24,sustainability_and_policy-4
pennsylvania_state_university,pennsylvania_state_university__25,delivery_and_storage-3
pennsylvania_state_university,pennsylvania_state_university__25,technical_skills-1
pennsylvania_state_university,pennsylvania_state_university__26,technical_skills-1
pennsylvania_state_university,pennsylvania_state_university__27,sustainability_and_policy-4
pennsylvania_state_university,pennsylvania_state_university__28,sustainability_and_policy-4
pennsylvania_state_university,pennsylvania_state_university__29,sustainability_and_policy-4
pennsylvania_state_university,pennsylvania_state_university__30,sustainability_and_policy-4
pennsylvania_state_university,pennsylvania_state_university__31,engineering_capabilities-2
pennsylvania_state_university,pennsylvania_state_university__32,sustainability_and_policy-4
pennsylvania_state_university,pennsylvania_state_university__33,sustainability_and_policy-4
pennsylvania_state_university,pennsylvania_state_university__34,engineering_capabilities-2
pennsylvania_state_university,pennsylvania_state_university__35,sustainability_and_policy-4
pennsylvania_state_university,pennsylvania_state_university__36,sustainability_and_policy-4
pennsylvania_state_university,pennsylvania_state_university__37,technical_skills-1
pennsylvania_state_university,pennsylvania_state_university__38,sustainability_and_policy-4
pennsylvania_state_university,pennsylvania_state_university__39,sustainability_and_policy-4
pennsylvania_state_university,pennsylvania_state_university__40,technical_skills-1
pennsylvania_state_university,pennsylvania_state_university__41,sustainability_and_policy-4
pennsylvania_state_university,pennsylvania_state_university__41,engineering_capabilities-2
pennsylvania_state_university,pennsylvania_state_university__42,production-3
pennsylvania_state_university,pennsylvania_state_university__43,engineering_capabilities-2
pennsylvania_state_university,pennsylvania_state_university__44,delivery_and_storage-3
pennsylvania_state_university,pennsylvania_state_university__45,engineering_capabilities-2
pennsylvania_state_university,pennsylvania_state_university__46,engineering_capabilities-2
pennsylvania_state_university,pennsylvania_state_university__47,technical_skills-1
pennsylvania_state_university,pennsylvania_state_university__48,sustainability_and_policy-4
pennsylvania_state_university,pennsylvania_state_university__49,technical_skills-1
pennsylvania_state_university,pennsylvania_state_university__50,technical_skills-1
pennsylvania_state_university,pennsylvania_state_university__51,engineering_capabilities-2
pennsylvania_state_university,pennsylvania_state_university__52,technical_skills-1
pennsylvania_state_university,pennsylvania_state_university__53,technical_skills-1
pennsylvania_state_university,pennsylvania_state_university__54,engineering_capabilities-2
pennsylvania_state_university,pennsylvania_state_university__55,technical_skills-1
pennsylvania_state_university,pennsylvania_state_university__56,sustainability_and_policy-4
pennsylvania_state_university,pennsylvania_state_university__57,sustainability_and_policy-4
pennsylvania_state_university,pennsylvania_state_university__58,engineering_capabilities-2
pennsylvania_state_university,pennsylvania_state_university__59,sustainability_and_policy-4
pennsylvania_state_university,pennsylvania_state_university__60,sustainability_and_policy-4
pennsylvania_state_university,pennsylvania_state_university__60,clean_energy_markets-4
pennsylvania_state_university,pennsylvania_state_university__61,sustainability_and_policy-4
pennsylvania_state_university,pennsylvania_state_university__62,engineering_capabilities-2
pennsylvania_state_university,pennsylvania_state_university__63,technical_skills-1
pennsylvania_state_university,pennsylvania_state_university__64,production-3
pennsylvania_state_university,pennsylvania_state_university__65,technical_skills-1
pennsylvania_state_university,pennsylvania_state_university__66,technical_skills-1
pennsylvania_state_university,pennsylvania_state_university__67,sustainability_and_policy-4
pennsylvania_state_university,pennsylvania_state_university__68,sustainability_and_policy-4
pennsylvania_state_university,pennsylvania_state_university__69,technical_skills-1
pennsylvania_state_university,pennsylvania_state_university__70,engineering_capabilities-2
pennsylvania_state_university,pennsylvania_state_university__71,technical_skills-1
pennsylvania_state_university,pennsylvania_state_university__72,production-3
pennsylvania_state_university,pennsylvania_state_university__73,technical_skills-1
pennsylvania_state_university,pennsylvania_state_university__74,sustainability_and_policy-4
pennsylvania_state_university,pennsylvania_state_university__75,technical_skills-1
pennsylvania_state_university,pennsylvania_state_university__76,engineering_capabilities-2
pennsylvania_state_university,pennsylvania_state_university__77,engineering_capabilities-2
pennsylvania_state_university,pennsylvania_state_university__78,technical_skills-1
pennsylvania_state_university,pennsylvania_state_university__79,technical_skills-1
pennsylvania_state_university,pennsylvania_state_university__80,technical_skills-1
pennsylvania_state_university,pennsylvania_state_university__81,technical_skills-1
pennsylvania_state_university,pennsylvania_state_university__82,technical_skills-1
pennsylvania_state_university,pennsylvania_state_university__83,use-3
pennsylvania_state_university,pennsylvania_state_university__84,delivery_and_storage-3
pennsylvania_state_university,pennsylvania_state_university__84,sustainability_and_policy-4
pennsylvania_state_university,pennsylvania_state_university__85,production-3
pennsylvania_state_university,pennsylvania_state_university__86,engineering_capabilities-2
pennsylvania_state_university,pennsylvania_state_university__87,delivery_and_storage-3
pennsylvania_state_university,pennsylvania_state_university__88,technical_skills-1
pennsylvania_state_university,pennsylvania_state_university__89,delivery_and_storage-3
pennsylvania_state_university,pennsylvania_state_university__90,engineering_capabilities-2
pennsylvania_state_university,pennsylvania_state_university__91,technical_skills-1
pennsylvania_state_university,pennsylvania_state_university__91,sustainability_and_policy-4
pennsylvania_state_university,pennsylvania_state_university__91,engineering_capabilities-2
pennsylvania_state_university,pennsylvania_state_university__92,delivery_and_storage-3
pennsylvania_state_university,pennsylvania_state_university__92,engineering_capabilities-2
pennsylvania_state_university,pennsylvania_state_university__93,sustainability_and_policy-4
pennsylvania_state_university,pennsylvania_state_university__94,technical_skills-1
pennsylvania_state_university,pennsylvania_state_university__95,technical_skills-1
pennsylvania_state_university,pennsylvania_state_university__96,technical_skills-1
pennsylvania_state_university,pennsylvania_state_university__97,technical_skills-1
pennsylvania_state_university,pennsylvania_state_university__98,technical_skills-1
pennsylvania_state_university,pennsylvania_state_university__99,hydrogen_phrases-5
pennsylvania_state_university,pennsylvania_state_university__100,hydrogen_phrases-5
pennsylvania_state_university,pennsylvania_state_university__101,technical_skills-1
pennsylvania_state_university,pennsylvania_state_university__101,engineering_capabilities-2
pennsylvania_state_university,pennsylvania_state_university__102,hydrogen_phrases-5
pennsylvania_state_university,pennsylvania_state_university__103,delivery_and_storage-3
pennsylvania_state_university,pennsylvania_state_university__104,technical_skills-1
pennsylvania_state_university,pennsylvania_state_university__105,engineering_capabilities-2
pennsylvania_state_university,pennsylvania_state_university__106,technical_skills-1
pennsylvania_state_university,pennsylvania_state_university__107,sustainability_and_policy-4
pennsylvania_state_university,pennsylvania_state_university__108,sustainability_and_policy-4
pennsylvania_state_university,pennsylvania_state_university__109,technical_skills-1
pennsylvania_state_university,pennsylvania_state_university__110,engineering_capabilities-2
pennsylvania_state_university,pennsylvania_state_university__111,engineering_capabilities-2
pennsylvania_state_university,pennsylvania_state_university__112,engineering_capabilities-2
pennsylvania_state_university,pennsylvania_state_university__113,production-3
pennsylvania_state_university,pennsylvania_state_university__113,engineering_capabilities-2
pennsylvania_state_university,pennsylvania_state_university__114,technical_skills-1
pennsylvania_state_university,pennsylvania_state_university__115,technical_skills-1
pennsylvania_state_university,pennsylvania_state_university__116,sustainability_and_policy-4
pennsylvania_state_university,pennsylvania_state_university__117,use-3
pennsylvania_state_university,pennsylvania_state_university__118,delivery_and_storage-3
pennsylvania_state_university,pennsylvania_state_university__119,engineering_capabilities-2
pennsylvania_state_university,pennsylvania_state_university__120,technical_skills-1
pennsylvania_state_university,pennsylvania_state_university__121,technical_skills-1
pennsylvania_state_university,pennsylvania_state_university__122,technical_skills-1
pennsylvania_state_university,pennsylvania_state_university__123,technical_skills-1
pennsylvania_state_university,pennsylvania_state_university__124,technical_skills-1
pennsylvania_state_university,pennsylvania_state_university__125,technical_skills-1
pennsylvania_state_university,pennsylvania_state_university__126,delivery_and_storage-3
pennsylvania_state_university,pennsylvania_state_university__126,technical_skills-1
pennsylvania_state_university,pennsylvania_state_university__127,engineering_capabilities-2
pennsylvania_state_university,pennsylvania_state_university__128,technical_skills-1
pennsylvania_state_university,pennsylvania_state_university__129,technical_skills-1
pennsylvania_state_university,pennsylvania_state_university__130,technical_skills-1
pennsylvania_state_university,pennsylvania_state_university__131,sustainability_and_policy-4
pennsylvania_state_university,pennsylvania_state_university__132,production-3
pennsylvania_state_university,pennsylvania_state_university__132,engineering_capabilities-2
pennsylvania_state_university,pennsylvania_state_university__133,engineering_capabilities-2
pennsylvania_state_university,pennsylvania_state_university__134,technical_skills-1
pennsylvania_state_university,pennsylvania_state_university__134,engineering_capabilities-2
pennsylvania_state_university,pennsylvania_state_university__135,sustainability_and_policy-4
pennsylvania_state_university,pennsylvania_state_university__136,sustainability_and_policy-4
pennsylvania_state_university,pennsylvania_state_university__137,technical_skills-1
pennsylvania_state_university,pennsylvania_state_university__138,sustainability_and_policy-4
pennsylvania_state_university,pennsylvania_state_university__139,technical_skills-1
pennsylvania_state_university,pennsylvania_state_university__140,sustainability_and_policy-4
pennsylvania_state_university,pennsylvania_state_university__141,engineering_capabilities-2
pennsylvania_state_university,pennsylvania_state_university__142,engineering_capabilities-2
pennsylvania_state_university,pennsylvania_state_university__143,engineering_capabilities-2
pennsylvania_state_university,pennsylvania_state_university__144,engineering_capabilities-2
pennsylvania_state_university,pennsylvania_state_university__145,sustainability_and_policy-4
pennsylvania_state_university,pennsylvania_state_university__146,technical_skills-1
pennsylvania_state_university,pennsylvania_state_university__147,technical_skills-1
pennsylvania_state_university,pennsylvania_state_university__148,sustainability_and_policy-4
pennsylvania_state_university,pennsylvania_state_university__149,sustainability_and_policy-4
pennsylvania_state_university,pennsylvania_state_university__150,technical_skills-1
pennsylvania_state_university,pennsylvania_state_university__150,engineering_capabilities-2
pennsylvania_state_university,pennsylvania_state_university__151,engineering_capabilities-2
pennsylvania_state_university,pennsylvania_state_university__152,technical_skills-1
pennsylvania_state_university,pennsylvania_state_university__153,technical_skills-1
pennsylvania_state_university,pennsylvania_state_university__153,engineering_capabilities-2
pennsylvania_state_university,pennsylvania_state_university__154,technical_skills-1
pennsylvania_state_university,pennsylvania_state_university__154,engineering_capabilities-2
pennsylvania_state_university,pennsylvania_state_university__155,technical_skills-1
pennsylvania_state_university,pennsylvania_state_university__156,technical_skills-1
pennsylvania_state_university,pennsylvania_state_university__157,technical_skills-1
pennsylvania_state_university,pennsylvania_state_university__158,technical_skills-1
pennsylvania_state_university,pennsylvania_state_university__159,engineering_capabilities-2
pennsylvania_state_university,pennsylvania_state_university__160,engineering_capabilities-2
pennsylvania_state_university,pennsylvania_state_university__161,engineering_capabilities-2
pennsylvania_state_university,pennsylvania_state_university__162,engineering_capabilities-2
pennsylvania_state_university,pennsylvania_state_university__163,engineering_capabilities-2
pennsylvania_state_university,pennsylvania_state_university__164,engineering_capabilities-2
pennsylvania_state_university,pennsylvania_state_university__165,engineering_capabilities-2
pennsylvania_state_university,pennsylvania_state_university__166,technical_skills-1
pennsylvania_state_university,pennsylvania_state_university__167,delivery_and_storage-3
pennsylvania_state_university,pennsylvania_state_university__168,technical_skills-1
pennsylvania_state_university,pennsylvania_state_university__169,engineering_capabilities-2
pennsylvania_state_university,pennsylvania_state_university__170,technical_skills-1
pennsylvania_state_university,pennsylvania_state_university__170,engineering_capabilities-2
pennsylvania_state_university,pennsylvania_state_university__171,engineering_capabilities-2
pennsylvania_state_university,pennsylvania_state_university__172,engineering_capabilities-2
pennsylvania_state_university,pennsylvania_state_university__173,engineering_capabilities-2
pennsylvania_state_university,pennsylvania_state_university__174,engineering_capabilities-2
pennsylvania_state_university,pennsylvania_state_university__175,engineering_capabilities-2
pennsylvania_state_university,pennsylvania_state_university__176,technical_skills-1
pennsylvania_state_university,pennsylvania_state_university__177,technical_skills-1
pennsylvania_state_university,pennsylvania_state_university__178,technical_skills-1
pennsylvania_state_university,pennsylvania_state_university__179,technical_skills-1
pennsylvania_state_university,pennsylvania_state_university__180,engineering_capabilities-2
pennsylvania_state_university,pennsylvania_state_university__181,engineering_capabilities-2
pennsylvania_state_university,pennsylvania_state_university__182,technical_skills-1
pennsylvania_state_university,pennsylvania_state_university__182,engineering_capabilities-2
pennsylvania_state_university,pennsylvania_state_university__183,technical_skills-1
pennsylvania_state_university,pennsylvania_state_university__184,technical_skills-1
pennsylvania_state_university,pennsylvania_state_university__185,engineering_capabilities-2
pennsylvania_state_university,pennsylvania_state_university__186,technical_skills-1
pennsylvania_state_university,pennsylvania_state_university__186,use-3
pennsylvania_state_university,pennsylvania_state_university__186,engineering_capabilities-2
pennsylvania_state_university,pennsylvania_state_university__187,technical_skills-1
pennsylvania_state_university,pennsylvania_state_university__187,engineering_capabilities-2
pennsylvania_state_university,pennsylvania_state_university__188,technical_skills-1
pennsylvania_state_university,pennsylvania_state_university__189,engineering_capabilities-2
pennsylvania_state_university,pennsylvania_state_university__190,technical_skills-1
pennsylvania_state_university,pennsylvania_state_university__190,use-3
pennsylvania_state_university,pennsylvania_state_university__190,engineering_capabilities-2
pennsylvania_state_university,pennsylvania_state_university__191,engineering_capabilities-2
pennsylvania_state_university,pennsylvania_state_university__192,production-3
pennsylvania_state_university,pennsylvania_state_university__192,engineering_capabilities-2
pennsylvania_state_university,pennsylvania_state_university__193,sustainability_and_policy-4
pennsylvania_state_university,pennsylvania_state_university__193,technical_skills-1
pennsylvania_state_university,pennsylvania_state_university__194,technical_skills-1
pennsylvania_state_university,pennsylvania_state_university__195,technical_skills-1
pennsylvania_state_university,pennsylvania_state_university__196,technical_skills-1
pennsylvania_state_university,pennsylvania_state_university__196,engineering_capabilities-2
pennsylvania_state_university,pennsylvania_state_university__197,technical_skills-1
pennsylvania_state_university,pennsylvania_state_university__197,use-3
pennsylvania_state_university,pennsylvania_state_university__197,sustainability_and_policy-4
pennsylvania_state_university,pennsylvania_state_university__197,engineering_capabilities-2
pennsylvania_state_university,pennsylvania_state_university__198,technical_skills-1
pennsylvania_state_university,pennsylvania_state_university__199,technical_skills-1
pennsylvania_state_university,pennsylvania_state_university__200,delivery_and_storage-3
pennsylvania_state_university,pennsylvania_state_university__201,technical_skills-1
pennsylvania_state_university,pennsylvania_state_university__202,engineering_capabilities-2
pennsylvania_state_university,pennsylvania_state_university__203,sustainability_and_policy-4
pennsylvania_state_university,pennsylvania_state_university__204,technical_skills-1
pennsylvania_state_university,pennsylvania_state_university__205,technical_skills-1
pennsylvania_state_university,pennsylvania_state_university__206,technical_skills-1
pennsylvania_state_university,pennsylvania_state_university__207,production-3
pennsylvania_state_university,pennsylvania_state_university__208,technical_skills-1
pennsylvania_state_university,pennsylvania_state_university__209,technical_skills-1
pennsylvania_state_university,pennsylvania_state_university__209,hydrogen_phrases-5
pennsylvania_state_university,pennsylvania_state_university__209,engineering_capabilities-2
pennsylvania_state_university,pennsylvania_state_university__210,engineering_capabilities-2
pennsylvania_state_university,pennsylvania_state_university__211,sustainability_and_policy-4
pennsylvania_state_university,pennsylvania_state_university__211,engineering_capabilities-2
pennsylvania_state_university,pennsylvania_state_university__212,engineering_capabilities-2
pennsylvania_state_university,pennsylvania_state_university__213,engineering_capabilities-2
pennsylvania_state_university,pennsylvania_state_university__214,engineering_capabilities-2
pennsylvania_state_university,pennsylvania_state_university__215,technical_skills-1
pennsylvania_state_university,pennsylvania_state_university__216,technical_skills-1
pennsylvania_state_university,pennsylvania_state_university__217,technical_skills-1
pennsylvania_state_university,pennsylvania_state_university__218,technical_skills-1
pennsylvania_state_university,pennsylvania_state_university__219,sustainability_and_policy-4
pennsylvania_state_university,pennsylvania_state_university__219,technical_skills-1
pennsylvania_state_university,pennsylvania_state_university__220,sustainability_and_policy-4
pennsylvania_state_university,pennsylvania_state_university__221,delivery_and_storage-3
pennsylvania_state_university,pennsylvania_state_university__222,sustainability_and_policy-4
pennsylvania_state_university,pennsylvania_state_university__222,engineering_capabilities-2
pennsylvania_state_university,pennsylvania_state_university__223,engineering_capabilities-2
pennsylvania_state_university,pennsylvania_state_university__224,technical_skills-1
pennsylvania_state_university,pennsylvania_state_university__225,sustainability_and_policy-4
pennsylvania_state_university,pennsylvania_state_university__226,technical_skills-1
pennsylvania_state_university,pennsylvania_state_university__227,technical_skills-1
pennsylvania_state_university,pennsylvania_state_university__228,technical_skills-1
pennsylvania_state_university,pennsylvania_state_university__229,sustainability_and_policy-4
pennsylvania_state_university,pennsylvania_state_university__230,technical_skills-1
pennsylvania_state_university,pennsylvania_state_university__231,technical_skills-1
pennsylvania_state_university,pennsylvania_state_university__232,sustainability_and_policy-4
pennsylvania_state_university,pennsylvania_state_university__232,technical_skills-1
pennsylvania_state_university,pennsylvania_state_university__233,engineering_capabilities-2
pennsylvania_state_university,pennsylvania_state_university__234,sustainability_and_policy-4
pennsylvania_state_university,pennsylvania_state_university__235,use-3
pennsylvania_state_university,pennsylvania_state_university__236,technical_skills-1
pennsylvania_state_university,pennsylvania_state_university__237,engineering_capabilities-2
pennsylvania_state_university,pennsylvania_state_university__238,engineering_capabilities-2
pennsylvania_state_university,pennsylvania_state_university__239,technical_skills-1
pennsylvania_state_university,pennsylvania_state_university__240,engineering_capabilities-2
pennsylvania_state_university,pennsylvania_state_university__241,technical_skills-1
pennsylvania_state_university,pennsylvania_state_university__242,technical_skills-1
pennsylvania_state_university,pennsylvania_state_university__243,technical_skills-1
pennsylvania_state_university,pennsylvania_state_university__244,engineering_capabilities-2
pennsylvania_state_university,pennsylvania_state_university__245,engineering_capabilities-2
pennsylvania_state_university,pennsylvania_state_university__246,engineering_capabilities-2
pennsylvania_state_university,pennsylvania_state_university__247,engineering_capabilities-2
pennsylvania_state_university,pennsylvania_state_university__248,engineering_capabilities-2
pennsylvania_state_university,pennsylvania_state_university__249,sustainability_and_policy-4
pennsylvania_state_university,pennsylvania_state_university__250,technical_skills-1
pennsylvania_state_university,pennsylvania_state_university__251,engineering_capabilities-2
pennsylvania_state_university,pennsylvania_state_university__252,technical_skills-1
pennsylvania_state_university,pennsylvania_state_university__253,sustainability_and_policy-4
pennsylvania_state_university,pennsylvania_state_university__254,technical_skills-1
pennsylvania_state_university,pennsylvania_state_university__255,sustainability_and_policy-4
pennsylvania_state_university,pennsylvania_state_university__256,technical_skills-1
pennsylvania_state_university,pennsylvania_state_university__256,sustainability_and_policy-4
pennsylvania_state_university,pennsylvania_state_university__256,engineering_capabilities-2
pennsylvania_state_university,pennsylvania_state_university__257,sustainability_and_policy-4
pennsylvania_state_university,pennsylvania_state_university__258,technical_skills-1
pennsylvania_state_university,pennsylvania_state_university__259,production-3
pennsylvania_state_university,pennsylvania_state_university__260,sustainability_and_policy-4
pennsylvania_state_university,pennsylvania_state_university__260,engineering_capabilities-2
pennsylvania_state_university,pennsylvania_state_university__261,technical_skills-1
pennsylvania_state_university,pennsylvania_state_university__262,technical_skills-1
pennsylvania_state_university,pennsylvania_state_university__263,sustainability_and_policy-4
pennsylvania_state_university,pennsylvania_state_university__264,engineering_capabilities-2
pennsylvania_state_university,pennsylvania_state_university__265,technical_skills-1
pennsylvania_state_university,pennsylvania_state_university__266,production-3
pennsylvania_state_university,pennsylvania_state_university__267,technical_skills-1
pennsylvania_state_university,pennsylvania_state_university__267,engineering_capabilities-2
pennsylvania_state_university,pennsylvania_state_university__268,sustainability_and_policy-4
pennsylvania_state_university,pennsylvania_state_university__269,sustainability_and_policy-4
pennsylvania_state_university,pennsylvania_state_university__270,technical_skills-1
pennsylvania_state_university,pennsylvania_state_university__271,technical_skills-1
pennsylvania_state_university,pennsylvania_state_university__271,engineering_capabilities-2
pennsylvania_state_university,pennsylvania_state_university__272,technical_skills-1
pennsylvania_state_university,pennsylvania_state_university__273,sustainability_and_policy-4
pennsylvania_state_university,pennsylvania_state_university__274,technical_skills-1
pennsylvania_state_university,pennsylvania_state_university__274,engineering_capabilities-2
pennsylvania_state_university,pennsylvania_state_university__275,technical_skills-1
pennsylvania_state_university,pennsylvania_state_university__276,hydrogen_phrases-5
pennsylvania_state_university,pennsylvania_state_university__277,technical_skills-1
pennsylvania_state_university,pennsylvania_state_university__278,technical_skills-1
pennsylvania_state_university,pennsylvania_state_university__279,technical_skills-1
pennsylvania_state_university,pennsylvania_state_university__280,engineering_capabilities-2
pennsylvania_state_university,pennsylvania_state_university__281,technical_skills-1
pennsylvania_state_university,pennsylvania_state_university__282,sustainability_and_policy-4
pennsylvania_state_university,pennsylvania_state_university__283,technical_skills-1
pennsylvania_state_university,pennsylvania_state_university__284,sustainability_and_policy-4
pennsylvania_state_university,pennsylvania_state_university__285,technical_skills-1
pennsylvania_state_university,pennsylvania_state_university__286,production-3
pennsylvania_state_university,pennsylvania_state_university__287,engineering_capabilities-2
pennsylvania_state_university,pennsylvania_state_university__288,engineering_capabilities-2
pennsylvania_state_university,pennsylvania_state_university__289,technical_skills-1
pennsylvania_state_university,pennsylvania_state_university__290,engineering_capabilities-2
pennsylvania_state_university,pennsylvania_state_university__291,engineering_capabilities-2
pennsylvania_state_university,pennsylvania_state_university__292,engineering_capabilities-2
pennsylvania_state_university,pennsylvania_state_university__293,sustainability_and_policy-4
pennsylvania_state_university,pennsylvania_state_university__293,technical_skills-1
pennsylvania_state_university,pennsylvania_state_university__294,technical_skills-1
pennsylvania_state_university,pennsylvania_state_university__295,sustainability_and_policy-4
pennsylvania_state_university,pennsylvania_state_university__295,technical_skills-1
pennsylvania_state_university,pennsylvania_state_university__296,sustainability_and_policy-4
pennsylvania_state_university,pennsylvania_state_university__296,technical_skills-1
pennsylvania_state_university,pennsylvania_state_university__297,technical_skills-1
pennsylvania_state_university,pennsylvania_state_university__298,sustainability_and_policy-4
pennsylvania_state_university,pennsylvania_state_university__299,engineering_capabilities-2
pennsylvania_state_university,pennsylvania_state_university__300,technical_skills-1
pennsylvania_state_university,pennsylvania_state_university__301,sustainability_and_policy-4
pennsylvania_state_university,pennsylvania_state_university__302,technical_skills-1
pennsylvania_state_university,pennsylvania_state_university__303,technical_skills-1
pennsylvania_state_university,pennsylvania_state_university__304,sustainability_and_policy-4
pennsylvania_state_university,pennsylvania_state_university__305,technical_skills-1
pennsylvania_state_university,pennsylvania_state_university__306,technical_skills-1
pennsylvania_state_university,pennsylvania_state_university__307,technical_skills-1
pennsylvania_state_university,pennsylvania_state_university__308,engineering_capabilities-2
pennsylvania_state_university,pennsylvania_state_university__309,delivery_and_storage-3
pennsylvania_state_university,pennsylvania_state_university__310,technical_skills-1
pennsylvania_state_university,pennsylvania_state_university__311,sustainability_and_policy-4
pennsylvania_state_university,pennsylvania_state_university__312,sustainability_and_policy-4
pennsylvania_state_university,pennsylvania_state_university__312,technical_skills-1
pennsylvania_state_university,pennsylvania_state_university__313,sustainability_and_policy-4
pennsylvania_state_university,pennsylvania_state_university__314,technical_skills-1
pennsylvania_state_university,pennsylvania_state_university__315,sustainability_and_policy-4
pennsylvania_state_university,pennsylvania_state_university__315,clean_energy_markets-4
pennsylvania_state_university,pennsylvania_state_university__316,delivery_and_storage-3
pennsylvania_state_university,pennsylvania_state_university__317,delivery_and_storage-3
pennsylvania_state_university,pennsylvania_state_university__318,delivery_and_storage-3
pennsylvania_state_university,pennsylvania_state_university__319,technical_skills-1
pennsylvania_state_university,pennsylvania_state_university__320,technical_skills-1
pennsylvania_state_university,pennsylvania_state_university__321,production-3
pennsylvania_state_university,pennsylvania_state_university__322,technical_skills-1
pennsylvania_state_university,pennsylvania_state_university__323,sustainability_and_policy-4
pennsylvania_state_university,pennsylvania_state_university__324,sustainability_and_policy-4
pennsylvania_state_university,pennsylvania_state_university__325,technical_skills-1
pennsylvania_state_university,pennsylvania_state_university__326,engineering_capabilities-2
pennsylvania_state_university,pennsylvania_state_university__327,sustainability_and_policy-4
pennsylvania_state_university,pennsylvania_state_university__328,engineering_capabilities-2
pennsylvania_state_university,pennsylvania_state_university__329,technical_skills-1
pennsylvania_state_university,pennsylvania_state_university__330,engineering_capabilities-2
pennsylvania_state_university,pennsylvania_state_university__331,technical_skills-1
pennsylvania_state_university,pennsylvania_state_university__332,sustainability_and_policy-4
pennsylvania_state_university,pennsylvania_state_university__333,technical_skills-1
pennsylvania_state_university,pennsylvania_state_university__334,production-3
pennsylvania_state_university,pennsylvania_state_university__334,sustainability_and_policy-4
pennsylvania_state_university,pennsylvania_state_university__335,sustainability_and_policy-4
pennsylvania_state_university,pennsylvania_state_university__336,engineering_capabilities-2
pennsylvania_state_university,pennsylvania_state_university__337,engineering_capabilities-2
pennsylvania_state_university,pennsylvania_state_university__338,technical_skills-1
pennsylvania_state_university,pennsylvania_state_university__339,technical_skills-1
pennsylvania_state_university,pennsylvania_state_university__340,delivery_and_storage-3
pennsylvania_state_university,pennsylvania_state_university__341,sustainability_and_policy-4
pennsylvania_state_university,pennsylvania_state_university__342,sustainability_and_policy-4
pennsylvania_state_university,pennsylvania_state_university__342,clean_energy_markets-4
pennsylvania_state_university,pennsylvania_state_university__343,sustainability_and_policy-4
pennsylvania_state_university,pennsylvania_state_university__344,technical_skills-1
pennsylvania_state_university,pennsylvania_state_university__345,sustainability_and_policy-4
pennsylvania_state_university,pennsylvania_state_university__346,sustainability_and_policy-4
pennsylvania_state_university,pennsylvania_state_university__347,sustainability_and_policy-4
pennsylvania_state_university,pennsylvania_state_university__348,sustainability_and_policy-4
pennsylvania_state_university,pennsylvania_state_university__349,use-3
pennsylvania_state_university,pennsylvania_state_university__349,clean_energy_markets-4
pennsylvania_state_university,pennsylvania_state_university__350,sustainability_and_policy-4
pennsylvania_state_university,pennsylvania_state_university__351,engineering_capabilities-2
pennsylvania_state_university,pennsylvania_state_university__352,technical_skills-1
pennsylvania_state_university,pennsylvania_state_university__352,engineering_capabilities-2
pennsylvania_state_university,pennsylvania_state_university__353,engineering_capabilities-2
pennsylvania_state_university,pennsylvania_state_university__354,engineering_capabilities-2
pennsylvania_state_university,pennsylvania_state_university__355,sustainability_and_policy-4
pennsylvania_state_university,pennsylvania_state_university__356,technical_skills-1
pennsylvania_state_university,pennsylvania_state_university__357,clean_energy_markets-4
pennsylvania_state_university,pennsylvania_state_university__358,engineering_capabilities-2
pennsylvania_state_university,pennsylvania_state_university__359,engineering_capabilities-2
pennsylvania_state_university,pennsylvania_state_university__360,engineering_capabilities-2
pennsylvania_state_university,pennsylvania_state_university__361,production-3
pennsylvania_state_university,pennsylvania_state_university__362,engineering_capabilities-2
pennsylvania_state_university,pennsylvania_state_university__363,sustainability_and_policy-4
pennsylvania_state_university,pennsylvania_state_university__364,sustainability_and_policy-4
pennsylvania_state_university,pennsylvania_state_university__365,sustainability_and_policy-4
pennsylvania_state_university,pennsylvania_state_university__366,sustainability_and_policy-4
pennsylvania_state_university,pennsylvania_state_university__367,technical_skills-1
pennsylvania_state_university,pennsylvania_state_university__368,technical_skills-1
pennsylvania_state_university,pennsylvania_state_university__369,sustainability_and_policy-4
pennsylvania_state_university,pennsylvania_state_university__370,sustainability_and_policy-4
pennsylvania_state_university,pennsylvania_state_university__370,technical_skills-1
pennsylvania_state_university,pennsylvania_state_university__371,engineering_capabilities-2
pennsylvania_state_university,pennsylvania_state_university__372,engineering_capabilities-2
pennsylvania_state_university,pennsylvania_state_university__373,technical_skills-1
pennsylvania_state_university,pennsylvania_state_university__373,engineering_capabilities-2
pennsylvania_state_university,pennsylvania_state_university__374,engineering_capabilities-2
pennsylvania_state_university,pennsylvania_state_university__375,technical_skills-1
pennsylvania_state_university,pennsylvania_state_university__376,sustainability_and_policy-4
pennsylvania_state_university,pennsylvania_state_university__376,clean_energy_markets-4
pennsylvania_state_university,pennsylvania_state_university__377,technical_skills-1
pennsylvania_state_university,pennsylvania_state_university__378,engineering_capabilities-2
pennsylvania_state_university,pennsylvania_state_university__379,technical_skills-1
pennsylvania_state_university,pennsylvania_state_university__380,technical_skills-1
pennsylvania_state_university,pennsylvania_state_university__381,sustainability_and_policy-4
pennsylvania_state_university,pennsylvania_state_university__382,sustainability_and_policy-4
pennsylvania_state_university,pennsylvania_state_university__383,sustainability_and_policy-4
pennsylvania_state_university,pennsylvania_state_university__384,technical_skills-1
pennsylvania_state_university,pennsylvania_state_university__385,engineering_capabilities-2
pennsylvania_state_university,pennsylvania_state_university__386,engineering_capabilities-2
pennsylvania_state_university,pennsylvania_state_university__387,engineering_capabilities-2
pennsylvania_state_university,pennsylvania_state_university__388,technical_skills-1
pennsylvania_state_university,pennsylvania_state_university__389,engineering_capabilities-2
pennsylvania_state_university,pennsylvania_state_university__390,use-3
pennsylvania_state_university,pennsylvania_state_university__390,sustainability_and_policy-4
pennsylvania_state_university,pennsylvania_state_university__390,clean_energy_markets-4
pennsylvania_state_university,pennsylvania_state_university__391,sustainability_and_policy-4
pennsylvania_state_university,pennsylvania_state_university__392,use-3
pennsylvania_state_university,pennsylvania_state_university__392,hydrogen_phrases-5
pennsylvania_state_university,pennsylvania_state_university__392,engineering_capabilities-2
pennsylvania_state_university,pennsylvania_state_university__393,technical_skills-1
pennsylvania_state_university,pennsylvania_state_university__393,hydrogen_phrases-5
pennsylvania_state_university,pennsylvania_state_university__393,engineering_capabilities-2
pennsylvania_state_university,pennsylvania_state_university__394,use-3
pennsylvania_state_university,pennsylvania_state_university__394,production-3
pennsylvania_state_university,pennsylvania_state_university__394,hydrogen_phrases-5
pennsylvania_state_university,pennsylvania_state_university__394,engineering_capabilities-2
pennsylvania_state_university,pennsylvania_state_university__395,sustainability_and_policy-4
pennsylvania_state_university,pennsylvania_state_university__396,technical_skills-1
pennsylvania_state_university,pennsylvania_state_university__397,engineering_capabilities-2
pennsylvania_state_university,pennsylvania_state_university__398,engineering_capabilities-2
pennsylvania_state_university,pennsylvania_state_university__399,engineering_capabilities-2
pennsylvania_state_university,pennsylvania_state_university__400,delivery_and_storage-3
pennsylvania_state_university,pennsylvania_state_university__400,engineering_capabilities-2
pennsylvania_state_university,pennsylvania_state_university__400,sustainability_and_policy-4
pennsylvania_state_university,pennsylvania_state_university__400,clean_energy_markets-4
pennsylvania_state_university,pennsylvania_state_university__401,engineering_capabilities-2
pennsylvania_state_university,pennsylvania_state_university__402,technical_skills-1
pennsylvania_state_university,pennsylvania_state_university__403,engineering_capabilities-2
pennsylvania_state_university,pennsylvania_state_university__404,sustainability_and_policy-4
pennsylvania_state_university,pennsylvania_state_university__405,sustainability_and_policy-4
pennsylvania_state_university,pennsylvania_state_university__406,use-3
pennsylvania_state_university,pennsylvania_state_university__407,technical_skills-1
pennsylvania_state_university,pennsylvania_state_university__407,use-3
pennsylvania_state_university,pennsylvania_state_university__407,production-3
pennsylvania_state_university,pennsylvania_state_university__407,engineering_capabilities-2
pennsylvania_state_university,pennsylvania_state_university__408,engineering_capabilities-2
pennsylvania_state_university,pennsylvania_state_university__409,delivery_and_storage-3
pennsylvania_state_university,pennsylvania_state_university__409,production-3
pennsylvania_state_university,pennsylvania_state_university__410,production-3
pennsylvania_state_university,pennsylvania_state_university__411,technical_skills-1
pennsylvania_state_university,pennsylvania_state_university__412,sustainability_and_policy-4
pennsylvania_state_university,pennsylvania_state_university__413,engineering_capabilities-2
pennsylvania_state_university,pennsylvania_state_university__414,engineering_capabilities-2
pennsylvania_state_university,pennsylvania_state_university__415,engineering_capabilities-2
pennsylvania_state_university,pennsylvania_state_university__416,technical_skills-1
pennsylvania_state_university,pennsylvania_state_university__417,technical_skills-1
pennsylvania_state_university,pennsylvania_state_university__418,engineering_capabilities-2
pennsylvania_state_university,pennsylvania_state_university__419,engineering_capabilities-2
pennsylvania_state_university,pennsylvania_state_university__420,sustainability_and_policy-4
pennsylvania_state_university,pennsylvania_state_university__421,sustainability_and_policy-4
pennsylvania_state_university,pennsylvania_state_university__422,technical_skills-1
pennsylvania_state_university,pennsylvania_state_university__423,engineering_capabilities-2
pennsylvania_state_university,pennsylvania_state_university__424,engineering_capabilities-2
pennsylvania_state_university,pennsylvania_state_university__425,sustainability_and_policy-4
pennsylvania_state_university,pennsylvania_state_university__426,engineering_capabilities-2
pennsylvania_state_university,pennsylvania_state_university__427,use-3
pennsylvania_state_university,pennsylvania_state_university__428,engineering_capabilities-2
pennsylvania_state_university,pennsylvania_state_university__429,sustainability_and_policy-4
pennsylvania_state_university,pennsylvania_state_university__429,clean_energy_markets-4
pennsylvania_state_university,pennsylvania_state_university__430,technical_skills-1
pennsylvania_state_university,pennsylvania_state_university__431,engineering_capabilities-2
pennsylvania_state_university,pennsylvania_state_university__432,engineering_capabilities-2
pennsylvania_state_university,pennsylvania_state_university__433,technical_skills-1
pennsylvania_state_university,pennsylvania_state_university__434,sustainability_and_policy-4
pennsylvania_state_university,pennsylvania_state_university__435,sustainability_and_policy-4
pennsylvania_state_university,pennsylvania_state_university__436,technical_skills-1
pennsylvania_state_university,pennsylvania_state_university__437,sustainability_and_policy-4
pennsylvania_state_university,pennsylvania_state_university__438,technical_skills-1
pennsylvania_state_university,pennsylvania_state_university__439,technical_skills-1
pennsylvania_state_university,pennsylvania_state_university__440,technical_skills-1
pennsylvania_state_university,pennsylvania_state_university__441,technical_skills-1
pennsylvania_state_university,pennsylvania_state_university__442,engineering_capabilities-2
pennsylvania_state_university,pennsylvania_state_university__443,technical_skills-1
pennsylvania_state_university,pennsylvania_state_university__444,engineering_capabilities-2
pennsylvania_state_university,pennsylvania_state_university__445,engineering_capabilities-2
pennsylvania_state_university,pennsylvania_state_university__446,production-3
pennsylvania_state_university,pennsylvania_state_university__447,sustainability_and_policy-4
pennsylvania_state_university,pennsylvania_state_university__448,sustainability_and_policy-4
pennsylvania_state_university,pennsylvania_state_university__449,engineering_capabilities-2
pennsylvania_state_university,pennsylvania_state_university__450,sustainability_and_policy-4
pennsylvania_state_university,pennsylvania_state_university__451,sustainability_and_policy-4
pennsylvania_state_university,pennsylvania_state_university__452,delivery_and_storage-3
pennsylvania_state_university,pennsylvania_state_university__453,use-3
pennsylvania_state_university,pennsylvania_state_university__453,technical_skills-1
pennsylvania_state_university,pennsylvania_state_university__454,sustainability_and_policy-4
pennsylvania_state_university,pennsylvania_state_university__454,clean_energy_markets-4
pennsylvania_state_university,pennsylvania_state_university__455,technical_skills-1
pennsylvania_state_university,pennsylvania_state_university__455,engineering_capabilities-2
pennsylvania_state_university,pennsylvania_state_university__456,sustainability_and_policy-4
pennsylvania_state_university,pennsylvania_state_university__457,technical_skills-1
pennsylvania_state_university,pennsylvania_state_university__458,technical_skills-1
pennsylvania_state_university,pennsylvania_state_university__459,technical_skills-1
pennsylvania_state_university,pennsylvania_state_university__460,production-3
pennsylvania_state_university,pennsylvania_state_university__461,technical_skills-1
pennsylvania_state_university,pennsylvania_state_university__462,technical_skills-1
pennsylvania_state_university,pennsylvania_state_university__463,technical_skills-1
pennsylvania_state_university,pennsylvania_state_university__464,technical_skills-1
pennsylvania_state_university,pennsylvania_state_university__465,technical_skills-1
pennsylvania_state_university,pennsylvania_state_university__466,sustainability_and_policy-4
pennsylvania_state_university,pennsylvania_state_university__467,use-3
pennsylvania_state_university,pennsylvania_state_university__467,technical_skills-1
pennsylvania_state_university,pennsylvania_state_university__468,engineering_capabilities-2
pennsylvania_state_university,pennsylvania_state_university__469,sustainability_and_policy-4
pennsylvania_state_university,pennsylvania_state_university__470,engineering_capabilities-2
pennsylvania_state_university,pennsylvania_state_university__471,technical_skills-1
pennsylvania_state_university,pennsylvania_state_university__472,technical_skills-1
pennsylvania_state_university,pennsylvania_state_university__473,technical_skills-1
pennsylvania_state_university,pennsylvania_state_university__474,technical_skills-1
pennsylvania_state_university,pennsylvania_state_university__475,production-3
pennsylvania_state_university,pennsylvania_state_university__476,engineering_capabilities-2
pennsylvania_state_university,pennsylvania_state_university__477,engineering_capabilities-2
pennsylvania_state_university,pennsylvania_state_university__478,sustainability_and_policy-4
pennsylvania_state_university,pennsylvania_state_university__479,sustainability_and_policy-4
pennsylvania_state_university,pennsylvania_state_university__480,sustainability_and_policy-4
pennsylvania_state_university,pennsylvania_state_university__481,production-3
pennsylvania_state_university,pennsylvania_state_university__482,production-3
pennsylvania_state_university,pennsylvania_state_university__483,sustainability_and_policy-4
pennsylvania_state_university,pennsylvania_state_university__484,sustainability_and_policy-4
pennsylvania_state_university,pennsylvania_state_university__485,sustainability_and_policy-4
pennsylvania_state_university,pennsylvania_state_university__486,technical_skills-1
pennsylvania_state_university,pennsylvania_state_university__487,sustainability_and_policy-4
pennsylvania_state_university,pennsylvania_state_university__488,sustainability_and_policy-4
pennsylvania_state_university,pennsylvania_state_university__489,technical_skills-1
pennsylvania_state_university,pennsylvania_state_university__490,sustainability_and_policy-4
pennsylvania_state_university,pennsylvania_state_university__490,technical_skills-1
pennsylvania_state_university,pennsylvania_state_university__491,sustainability_and_policy-4
pennsylvania_state_university,pennsylvania_state_university__492,sustainability_and_policy-4
pennsylvania_state_university,pennsylvania_state_university__493,sustainability_and_policy-4
pennsylvania_state_university,pennsylvania_state_university__494,sustainability_and_policy-4
pennsylvania_state_university,pennsylvania_state_university__495,engineering_capabilities-2
pennsylvania_state_university,pennsylvania_state_university__496,engineering_capabilities-2
pennsylvania_state_university,pennsylvania_state_university__497,engineering_capabilities-2
pennsylvania_state_university,pennsylvania_state_university__498,engineering_capabilities-2
pennsylvania_state_university,pennsylvania_state_university__499,sustainability_and_policy-4
pennsylvania_state_university,pennsylvania_state_university__500,technical_skills-1
pennsylvania_state_university,pennsylvania_state_university__501,sustainability_and_policy-4
pennsylvania_state_university,pennsylvania_state_university__502,engineering_capabilities-2
pennsylvania_state_university,pennsylvania_state_university__503,sustainability_and_policy-4
pennsylvania_state_university,pennsylvania_state_university__503,technical_skills-1
pennsylvania_state_university,pennsylvania_state_university__504,engineering_capabilities-2
pennsylvania_state_university,pennsylvania_state_university__505,technical_skills-1
pennsylvania_state_university,pennsylvania_state_university__506,engineering_capabilities-2
pennsylvania_state_university,pennsylvania_state_university__507,technical_skills-1
pennsylvania_state_university,pennsylvania_state_university__508,engineering_capabilities-2
pennsylvania_state_university,pennsylvania_state_university__509,sustainability_and_policy-4
pennsylvania_state_university,pennsylvania_state_university__510,technical_skills-1
pennsylvania_state_university,pennsylvania_state_university__510,engineering_capabilities-2
pennsylvania_state_university,pennsylvania_state_university__511,use-3
pennsylvania_state_university,pennsylvania_state_university__511,engineering_capabilities-2
pennsylvania_state_university,pennsylvania_state_university__512,technical_skills-1
pennsylvania_state_university,pennsylvania_state_university__512,production-3
pennsylvania_state_university,pennsylvania_state_university__512,engineering_capabilities-2
pennsylvania_state_university,pennsylvania_state_university__513,technical_skills-1
pennsylvania_state_university,pennsylvania_state_university__514,technical_skills-1
pennsylvania_state_university,pennsylvania_state_university__515,technical_skills-1
pennsylvania_state_university,pennsylvania_state_university__516,sustainability_and_policy-4
pennsylvania_state_university,pennsylvania_state_university__517,sustainability_and_policy-4
pennsylvania_state_university,pennsylvania_state_university__518,engineering_capabilities-2
pennsylvania_state_university,pennsylvania_state_university__519,engineering_capabilities-2
pennsylvania_state_university,pennsylvania_state_university__520,technical_skills-1
pennsylvania_state_university,pennsylvania_state_university__520,production-3
pennsylvania_state_university,pennsylvania_state_university__520,engineering_capabilities-2
pennsylvania_state_university,pennsylvania_state_university__521,engineering_capabilities-2
pennsylvania_state_university,pennsylvania_state_university__522,delivery_and_storage-3
pennsylvania_state_university,pennsylvania_state_university__523,production-3
pennsylvania_state_university,pennsylvania_state_university__524,technical_skills-1
pennsylvania_state_university,pennsylvania_state_university__525,technical_skills-1
pennsylvania_state_university,pennsylvania_state_university__526,engineering_capabilities-2
pennsylvania_state_university,pennsylvania_state_university__527,sustainability_and_policy-4
pennsylvania_state_university,pennsylvania_state_university__528,sustainability_and_policy-4
pennsylvania_state_university,pennsylvania_state_university__529,technical_skills-1
pennsylvania_state_university,pennsylvania_state_university__530,engineering_capabilities-2
pennsylvania_state_university,pennsylvania_state_university__531,engineering_capabilities-2
pennsylvania_state_university,pennsylvania_state_university__532,technical_skills-1
pennsylvania_state_university,pennsylvania_state_university__532,engineering_capabilities-2
pennsylvania_state_university,pennsylvania_state_university__533,technical_skills-1
pennsylvania_state_university,pennsylvania_state_university__533,engineering_capabilities-2
pennsylvania_state_university,pennsylvania_state_university__534,delivery_and_storage-3
pennsylvania_state_university,pennsylvania_state_university__534,engineering_capabilities-2
pennsylvania_state_university,pennsylvania_state_university__535,delivery_and_storage-3
pennsylvania_state_university,pennsylvania_state_university__535,engineering_capabilities-2
pennsylvania_state_university,pennsylvania_state_university__536,engineering_capabilities-2
pennsylvania_state_university,pennsylvania_state_university__537,technical_skills-1
pennsylvania_state_university,pennsylvania_state_university__538,sustainability_and_policy-4
pennsylvania_state_university,pennsylvania_state_university__539,delivery_and_storage-3
pennsylvania_state_university,pennsylvania_state_university__540,technical_skills-1
pennsylvania_state_university,pennsylvania_state_university__541,hydrogen_phrases-5
pennsylvania_state_university,pennsylvania_state_university__542,engineering_capabilities-2
pennsylvania_state_university,pennsylvania_state_university__543,engineering_capabilities-2
pennsylvania_state_university,pennsylvania_state_university__544,engineering_capabilities-2
pennsylvania_state_university,pennsylvania_state_university__545,technical_skills-1
pennsylvania_state_university,pennsylvania_state_university__546,engineering_capabilities-2
pennsylvania_state_university,pennsylvania_state_university__547,technical_skills-1
pennsylvania_state_university,pennsylvania_state_university__548,technical_skills-1
pennsylvania_state_university,pennsylvania_state_university__549,production-3
pennsylvania_state_university,pennsylvania_state_university__550,production-3
pennsylvania_state_university,pennsylvania_state_university__551,engineering_capabilities-2
pennsylvania_state_university,pennsylvania_state_university__552,sustainability_and_policy-4
pennsylvania_state_university,pennsylvania_state_university__552,engineering_capabilities-2
pennsylvania_state_university,pennsylvania_state_university__553,engineering_capabilities-2
pennsylvania_state_university,pennsylvania_state_university__554,engineering_capabilities-2
pennsylvania_state_university,pennsylvania_state_university__555,sustainability_and_policy-4
pennsylvania_state_university,pennsylvania_state_university__555,engineering_capabilities-2
pennsylvania_state_university,pennsylvania_state_university__556,engineering_capabilities-2
pennsylvania_state_university,pennsylvania_state_university__557,use-3
pennsylvania_state_university,pennsylvania_state_university__558,engineering_capabilities-2
pennsylvania_state_university,pennsylvania_state_university__559,engineering_capabilities-2
pennsylvania_state_university,pennsylvania_state_university__560,engineering_capabilities-2
pennsylvania_state_university,pennsylvania_state_university__561,engineering_capabilities-2
pennsylvania_state_university,pennsylvania_state_university__562,engineering_capabilities-2
pennsylvania_state_university,pennsylvania_state_university__563,sustainability_and_policy-4
pennsylvania_state_university,pennsylvania_state_university__564,delivery_and_storage-3
pennsylvania_state_university,pennsylvania_state_university__565,production-3
pennsylvania_state_university,pennsylvania_state_university__565,engineering_capabilities-2
pennsylvania_state_university,pennsylvania_state_university__566,engineering_capabilities-2
pennsylvania_state_university,pennsylvania_state_university__567,engineering_capabilities-2
pennsylvania_state_university,pennsylvania_state_university__568,engineering_capabilities-2
pennsylvania_state_university,pennsylvania_state_university__569,production-3
pennsylvania_state_university,pennsylvania_state_university__570,engineering_capabilities-2
pennsylvania_state_university,pennsylvania_state_university__571,engineering_capabilities-2
pennsylvania_state_university,pennsylvania_state_university__572,production-3
pennsylvania_state_university,pennsylvania_state_university__572,hydrogen_phrases-5
pennsylvania_state_university,pennsylvania_state_university__572,engineering_capabilities-2
pennsylvania_state_university,pennsylvania_state_university__573,engineering_capabilities-2
pennsylvania_state_university,pennsylvania_state_university__574,production-3
pennsylvania_state_university,pennsylvania_state_university__575,technical_skills-1
pennsylvania_state_university,pennsylvania_state_university__575,engineering_capabilities-2
pennsylvania_state_university,pennsylvania_state_university__576,engineering_capabilities-2
pennsylvania_state_university,pennsylvania_state_university__577,engineering_capabilities-2
pennsylvania_state_university,pennsylvania_state_university__578,technical_skills-1
pennsylvania_state_university,pennsylvania_state_university__578,engineering_capabilities-2
pennsylvania_state_university,pennsylvania_state_university__579,engineering_capabilities-2
pennsylvania_state_university,pennsylvania_state_university__580,engineering_capabilities-2
pennsylvania_state_university,pennsylvania_state_university__581,engineering_capabilities-2
pennsylvania_state_university,pennsylvania_state_university__582,engineering_capabilities-2
pennsylvania_state_university,pennsylvania_state_university__583,technical_skills-1
pennsylvania_state_university,pennsylvania_state_university__584,technical_skills-1
pennsylvania_state_university,pennsylvania_state_university__585,engineering_capabilities-2
pennsylvania_state_university,pennsylvania_state_university__586,production-3
pennsylvania_state_university,pennsylvania_state_university__587,technical_skills-1
pennsylvania_state_university,pennsylvania_state_university__588,technical_skills-1
pennsylvania_state_university,pennsylvania_state_university__589,technical_skills-1
pennsylvania_state_university,pennsylvania_state_university__590,technical_skills-1
pennsylvania_state_university,pennsylvania_state_university__591,technical_skills-1
pennsylvania_state_university,pennsylvania_state_university__592,sustainability_and_policy-4
pennsylvania_state_university,pennsylvania_state_university__592,technical_skills-1
pennsylvania_state_university,pennsylvania_state_university__593,technical_skills-1
pennsylvania_state_university,pennsylvania_state_university__594,technical_skills-1
pennsylvania_state_university,pennsylvania_state_university__595,technical_skills-1
pennsylvania_state_university,pennsylvania_state_university__596,clean_energy_markets-4
pennsylvania_state_university,pennsylvania_state_university__597,engineering_capabilities-2
pennsylvania_state_university,pennsylvania_state_university__598,technical_skills-1
pennsylvania_state_university,pennsylvania_state_university__599,engineering_capabilities-2
pennsylvania_state_university,pennsylvania_state_university__600,engineering_capabilities-2
pennsylvania_state_university,pennsylvania_state_university__601,sustainability_and_policy-4
pennsylvania_state_university,pennsylvania_state_university__602,engineering_capabilities-2
pennsylvania_state_university,pennsylvania_state_university__603,technical_skills-1
pennsylvania_state_university,pennsylvania_state_university__604,sustainability_and_policy-4
pennsylvania_state_university,pennsylvania_state_university__605,technical_skills-1
pennsylvania_state_university,pennsylvania_state_university__606,clean_energy_markets-4
pennsylvania_state_university,pennsylvania_state_university__607,sustainability_and_policy-4
pennsylvania_state_university,pennsylvania_state_university__608,production-3
pennsylvania_state_university,pennsylvania_state_university__609,sustainability_and_policy-4
pennsylvania_state_university,pennsylvania_state_university__610,sustainability_and_policy-4
pennsylvania_state_university,pennsylvania_state_university__610,technical_skills-1
pennsylvania_state_university,pennsylvania_state_university__611,technical_skills-1
pennsylvania_state_university,pennsylvania_state_university__612,sustainability_and_policy-4
pennsylvania_state_university,pennsylvania_state_university__613,engineering_capabilities-2
pennsylvania_state_university,pennsylvania_state_university__614,technical_skills-1
pennsylvania_state_university,pennsylvania_state_university__615,sustainability_and_policy-4
pennsylvania_state_university,pennsylvania_state_university__616,sustainability_and_policy-4
pennsylvania_state_university,pennsylvania_state_university__617,delivery_and_storage-3
pennsylvania_state_university,pennsylvania_state_university__617,engineering_capabilities-2
pennsylvania_state_university,pennsylvania_state_university__618,sustainability_and_policy-4
pennsylvania_state_university,pennsylvania_state_university__619,production-3
pennsylvania_state_university,pennsylvania_state_university__620,use-3
pennsylvania_state_university,pennsylvania_state_university__621,sustainability_and_policy-4
pennsylvania_state_university,pennsylvania_state_university__622,sustainability_and_policy-4
pennsylvania_state_university,pennsylvania_state_university__623,sustainability_and_policy-4
pennsylvania_state_university,pennsylvania_state_university__624,technical_skills-1
pennsylvania_state_university,pennsylvania_state_university__625,engineering_capabilities-2
pennsylvania_state_university,pennsylvania_state_university__626,sustainability_and_policy-4
pennsylvania_state_university,pennsylvania_state_university__627,sustainability_and_policy-4
pennsylvania_state_university,pennsylvania_state_university__628,technical_skills-1
pennsylvania_state_university,pennsylvania_state_university__629,sustainability_and_policy-4
pennsylvania_state_university,pennsylvania_state_university__630,technical_skills-1
pennsylvania_state_university,pennsylvania_state_university__631,sustainability_and_policy-4
pennsylvania_state_university,pennsylvania_state_university__632,sustainability_and_policy-4
pennsylvania_state_university,pennsylvania_state_university__633,technical_skills-1
pennsylvania_state_university,pennsylvania_state_university__634,technical_skills-1
pennsylvania_state_university,pennsylvania_state_university__635,engineering_capabilities-2
pennsylvania_state_university,pennsylvania_state_university__636,technical_skills-1
pennsylvania_state_university,pennsylvania_state_university__637,sustainability_and_policy-4
pennsylvania_state_university,pennsylvania_state_university__638,technical_skills-1
pennsylvania_state_university,pennsylvania_state_university__639,sustainability_and_policy-4
pennsylvania_state_university,pennsylvania_state_university__640,technical_skills-1
rice_university,rice_university__0,technical_skills-1
rice_university,rice_university__1,sustainability_and_policy-4
rice_university,rice_university__2,engineering_capabilities-2
rice_university,rice_university__3,sustainability_and_policy-4
rice_university,rice_university__4,technical_skills-1
rice_university,rice_university__5,engineering_capabilities-2
rice_university,rice_university__6,sustainability_and_policy-4
rice_university,rice_university__7,technical_skills-1
rice_university,rice_university__8,engineering_capabilities-2
rice_university,rice_university__9,engineering_capabilities-2
rice_university,rice_university__10,technical_skills-1
rice_university,rice_university__11,technical_skills-1
rice_university,rice_university__12,technical_skills-1
rice_university,rice_university__13,technical_skills-1
rice_university,rice_university__14,technical_skills-1
rice_university,rice_university__15,technical_skills-1
rice_university,rice_university__16,technical_skills-1
rice_university,rice_university__17,technical_skills-1
rice_university,rice_university__18,technical_skills-1
rice_university,rice_university__19,engineering_capabilities-2
rice_university,rice_university__20,technical_skills-1
rice_university,rice_university__21,technical_skills-1
rice_university,rice_university__22,technical_skills-1
rice_university,rice_university__23,technical_skills-1
rice_university,rice_university__24,engineering_capabilities-2
rice_university,rice_university__24,delivery_and_storage-3
rice_university,rice_university__25,technical_skills-1
rice_university,rice_university__25,delivery_and_storage-3
rice_university,rice_university__26,technical_skills-1
rice_university,rice_university__27,technical_skills-1
rice_university,rice_university__28,technical_skills-1
rice_university,rice_university__29,technical_skills-1
rice_university,rice_university__30,technical_skills-1
rice_university,rice_university__31,sustainability_and_policy-4
rice_university,rice_university__32,sustainability_and_policy-4
rice_university,rice_university__33,technical_skills-1
rice_university,rice_university__34,technical_skills-1
rice_university,rice_university__35,engineering_capabilities-2
rice_university,rice_university__36,engineering_capabilities-2
rice_university,rice_university__37,engineering_capabilities-2
rice_university,rice_university__38,engineering_capabilities-2
rice_university,rice_university__39,engineering_capabilities-2
rice_university,rice_university__40,engineering_capabilities-2
rice_university,rice_university__41,delivery_and_storage-3
rice_university,rice_university__42,technical_skills-1
rice_university,rice_university__43,engineering_capabilities-2
rice_university,rice_university__44,technical_skills-1
rice_university,rice_university__45,delivery_and_storage-3
rice_university,rice_university__46,technical_skills-1
rice_university,rice_university__47,engineering_capabilities-2
rice_university,rice_university__48,technical_skills-1
rice_university,rice_university__49,sustainability_and_policy-4
rice_university,rice_university__50,sustainability_and_policy-4
rice_university,rice_university__51,sustainability_and_policy-4
rice_university,rice_university__52,sustainability_and_policy-4
rice_university,rice_university__53,sustainability_and_policy-4
rice_university,rice_university__54,engineering_capabilities-2
rice_university,rice_university__55,engineering_capabilities-2
rice_university,rice_university__56,engineering_capabilities-2
rice_university,rice_university__57,engineering_capabilities-2
rice_university,rice_university__57,technical_skills-1
rice_university,rice_university__58,engineering_capabilities-2
rice_university,rice_university__59,engineering_capabilities-2
rice_university,rice_university__60,engineering_capabilities-2
rice_university,rice_university__61,engineering_capabilities-2
rice_university,rice_university__62,engineering_capabilities-2
rice_university,rice_university__63,engineering_capabilities-2
rice_university,rice_university__64,engineering_capabilities-2
rice_university,rice_university__65,engineering_capabilities-2
rice_university,rice_university__66,engineering_capabilities-2
rice_university,rice_university__67,engineering_capabilities-2
rice_university,rice_university__68,engineering_capabilities-2
rice_university,rice_university__69,engineering_capabilities-2
rice_university,rice_university__69,technical_skills-1
rice_university,rice_university__70,engineering_capabilities-2
rice_university,rice_university__71,engineering_capabilities-2
rice_university,rice_university__72,engineering_capabilities-2
rice_university,rice_university__73,technical_skills-1
rice_university,rice_university__74,engineering_capabilities-2
rice_university,rice_university__75,engineering_capabilities-2
rice_university,rice_university__76,engineering_capabilities-2
rice_university,rice_university__77,technical_skills-1
rice_university,rice_university__78,engineering_capabilities-2
rice_university,rice_university__79,technical_skills-1
rice_university,rice_university__80,engineering_capabilities-2
rice_university,rice_university__81,use-3
rice_university,rice_university__81,engineering_capabilities-2
rice_university,rice_university__82,technical_skills-1
rice_university,rice_university__83,engineering_capabilities-2
rice_university,rice_university__84,sustainability_and_policy-4
rice_university,rice_university__85,engineering_capabilities-2
rice_university,rice_university__86,engineering_capabilities-2
rice_university,rice_university__87,technical_skills-1
rice_university,rice_university__88,technical_skills-1
rice_university,rice_university__89,technical_skills-1
rice_university,rice_university__90,technical_skills-1
rice_university,rice_university__91,clean_energy_markets-4
rice_university,rice_university__92,clean_energy_markets-4
rice_university,rice_university__93,sustainability_and_policy-4
rice_university,rice_university__94,sustainability_and_policy-4
rice_university,rice_university__95,sustainability_and_policy-4
rice_university,rice_university__95,clean_energy_markets-4
rice_university,rice_university__96,sustainability_and_policy-4
rice_university,rice_university__97,sustainability_and_policy-4
rice_university,rice_university__98,sustainability_and_policy-4
rice_university,rice_university__99,sustainability_and_policy-4
rice_university,rice_university__99,hydrogen_phrases-5
rice_university,rice_university__99,use-3
rice_university,rice_university__100,technical_skills-1
rice_university,rice_university__101,technical_skills-1
rice_university,rice_university__102,sustainability_and_policy-4
rice_university,rice_university__103,technical_skills-1
rice_university,rice_university__104,engineering_capabilities-2
rice_university,rice_university__105,technical_skills-1
rice_university,rice_university__106,sustainability_and_policy-4
rice_university,rice_university__107,sustainability_and_policy-4
rice_university,rice_university__107,hydrogen_phrases-5
rice_university,rice_university__107,production-3
rice_university,rice_university__108,sustainability_and_policy-4
rice_university,rice_university__109,sustainability_and_policy-4
rice_university,rice_university__110,sustainability_and_policy-4
rice_university,rice_university__111,sustainability_and_policy-4
rice_university,rice_university__111,use-3
rice_university,rice_university__111,clean_energy_markets-4
rice_university,rice_university__112,sustainability_and_policy-4
rice_university,rice_university__113,sustainability_and_policy-4
rice_university,rice_university__114,technical_skills-1
rice_university,rice_university__115,technical_skills-1
rice_university,rice_university__116,sustainability_and_policy-4
rice_university,rice_university__117,sustainability_and_policy-4
rice_university,rice_university__118,technical_skills-1
rice_university,rice_university__119,sustainability_and_policy-4
rice_university,rice_university__120,sustainability_and_policy-4
rice_university,rice_university__120,technical_skills-1
rice_university,rice_university__121,clean_energy_markets-4
rice_university,rice_university__122,clean_energy_markets-4
rice_university,rice_university__123,sustainability_and_policy-4
rice_university,rice_university__124,sustainability_and_policy-4
rice_university,rice_university__125,production-3
rice_university,rice_university__126,sustainability_and_policy-4
rice_university,rice_university__127,sustainability_and_policy-4
rice_university,rice_university__128,sustainability_and_policy-4
rice_university,rice_university__129,sustainability_and_policy-4
rice_university,rice_university__130,sustainability_and_policy-4
rice_university,rice_university__131,sustainability_and_policy-4
rice_university,rice_university__132,sustainability_and_policy-4
rice_university,rice_university__133,sustainability_and_policy-4
rice_university,rice_university__134,sustainability_and_policy-4
rice_university,rice_university__135,sustainability_and_policy-4
rice_university,rice_university__136,sustainability_and_policy-4
rice_university,rice_university__137,sustainability_and_policy-4
rice_university,rice_university__138,sustainability_and_policy-4
rice_university,rice_university__139,engineering_capabilities-2
rice_university,rice_university__140,engineering_capabilities-2
rice_university,rice_university__141,engineering_capabilities-2
rice_university,rice_university__142,engineering_capabilities-2
rice_university,rice_university__143,engineering_capabilities-2
rice_university,rice_university__144,sustainability_and_policy-4
rice_university,rice_university__145,sustainability_and_policy-4
rice_university,rice_university__146,production-3
rice_university,rice_university__147,sustainability_and_policy-4
rice_university,rice_university__148,sustainability_and_policy-4
rice_university,rice_university__149,delivery_and_storage-3
rice_university,rice_university__150,sustainability_and_policy-4
rice_university,rice_university__150,clean_energy_markets-4
rice_university,rice_university__151,clean_energy_markets-4
rice_university,rice_university__152,sustainability_and_policy-4
rice_university,rice_university__153,clean_energy_markets-4
rice_university,rice_university__154,sustainability_and_policy-4
rice_university,rice_university__154,clean_energy_markets-4
rice_university,rice_university__155,sustainability_and_policy-4
rice_university,rice_university__156,sustainability_and_policy-4
rice_university,rice_university__157,clean_energy_markets-4
rice_university,rice_university__158,sustainability_and_policy-4
rice_university,rice_university__158,clean_energy_markets-4
rice_university,rice_university__159,clean_energy_markets-4
rice_university,rice_university__159,engineering_capabilities-2
rice_university,rice_university__160,sustainability_and_policy-4
rice_university,rice_university__161,clean_energy_markets-4
rice_university,rice_university__162,technical_skills-1
rice_university,rice_university__163,technical_skills-1
rice_university,rice_university__164,delivery_and_storage-3
rice_university,rice_university__165,sustainability_and_policy-4
rice_university,rice_university__166,technical_skills-1
rice_university,rice_university__167,engineering_capabilities-2
rice_university,rice_university__168,engineering_capabilities-2
rice_university,rice_university__169,technical_skills-1
rice_university,rice_university__170,delivery_and_storage-3
rice_university,rice_university__171,technical_skills-1
rice_university,rice_university__172,delivery_and_storage-3
rice_university,rice_university__173,technical_skills-1
rice_university,rice_university__174,technical_skills-1
rice_university,rice_university__175,engineering_capabilities-2
rice_university,rice_university__176,technical_skills-1
rice_university,rice_university__177,engineering_capabilities-2
rice_university,rice_university__178,sustainability_and_policy-4
rice_university,rice_university__178,hydrogen_phrases-5
rice_university,rice_university__179,engineering_capabilities-2
rice_university,rice_university__180,sustainability_and_policy-4
rice_university,rice_university__181,technical_skills-1
rice_university,rice_university__182,delivery_and_storage-3
rice_university,rice_university__183,engineering_capabilities-2
rice_university,rice_university__184,production-3
rice_university,rice_university__185,technical_skills-1
rice_university,rice_university__186,technical_skills-1
rice_university,rice_university__187,sustainability_and_policy-4
rice_university,rice_university__187,hydrogen_phrases-5
rice_university,rice_university__187,clean_energy_markets-4
rice_university,rice_university__187,production-3
rice_university,rice_university__188,production-3
rice_university,rice_university__189,production-3
rice_university,rice_university__190,sustainability_and_policy-4
rice_university,rice_university__191,sustainability_and_policy-4
rice_university,rice_university__192,sustainability_and_policy-4
rice_university,rice_university__193,technical_skills-1
rice_university,rice_university__194,technical_skills-1
rice_university,rice_university__195,technical_skills-1
rice_university,rice_university__196,delivery_and_storage-3
rice_university,rice_university__197,engineering_capabilities-2
rice_university,rice_university__198,engineering_capabilities-2
rice_university,rice_university__199,production-3
rice_university,rice_university__200,production-3
rice_university,rice_university__201,engineering_capabilities-2
rice_university,rice_university__202,sustainability_and_policy-4
rice_university,rice_university__203,production-3
rice_university,rice_university__204,technical_skills-1
rice_university,rice_university__205,technical_skills-1
rice_university,rice_university__206,sustainability_and_policy-4
rice_university,rice_university__206,hydrogen_phrases-5
rice_university,rice_university__206,clean_energy_markets-4
rice_university,rice_university__206,production-3
rice_university,rice_university__207,technical_skills-1
rice_university,rice_university__208,sustainability_and_policy-4
rice_university,rice_university__209,engineering_capabilities-2
rice_university,rice_university__210,technical_skills-1
rice_university,rice_university__211,sustainability_and_policy-4
rice_university,rice_university__211,technical_skills-1
rice_university,rice_university__212,technical_skills-1
rice_university,rice_university__213,technical_skills-1
rice_university,rice_university__214,technical_skills-1
rice_university,rice_university__215,sustainability_and_policy-4
rice_university,rice_university__216,sustainability_and_policy-4
rice_university,rice_university__217,technical_skills-1
rice_university,rice_university__218,sustainability_and_policy-4
rice_university,rice_university__219,technical_skills-1
rice_university,rice_university__220,technical_skills-1
rice_university,rice_university__221,sustainability_and_policy-4
rice_university,rice_university__222,technical_skills-1
rice_university,rice_university__223,engineering_capabilities-2
rice_university,rice_university__224,sustainability_and_policy-4
rice_university,rice_university__225,technical_skills-1
rice_university,rice_university__226,technical_skills-1
rice_university,rice_university__227,technical_skills-1
rice_university,rice_university__228,sustainability_and_policy-4
rice_university,rice_university__229,sustainability_and_policy-4
rice_university,rice_university__230,production-3
rice_university,rice_university__230,technical_skills-1
rice_university,rice_university__231,sustainability_and_policy-4
rice_university,rice_university__232,technical_skills-1
rice_university,rice_university__233,technical_skills-1
rice_university,rice_university__234,engineering_capabilities-2
rice_university,rice_university__235,sustainability_and_policy-4
rice_university,rice_university__236,engineering_capabilities-2
rice_university,rice_university__237,engineering_capabilities-2
rice_university,rice_university__238,engineering_capabilities-2
rice_university,rice_university__239,engineering_capabilities-2
rice_university,rice_university__240,engineering_capabilities-2
rice_university,rice_university__241,sustainability_and_policy-4
rice_university,rice_university__242,production-3
rice_university,rice_university__243,engineering_capabilities-2
rice_university,rice_university__244,engineering_capabilities-2
rice_university,rice_university__245,sustainability_and_policy-4
rice_university,rice_university__245,engineering_capabilities-2
rice_university,rice_university__246,engineering_capabilities-2
rice_university,rice_university__247,engineering_capabilities-2
rice_university,rice_university__247,technical_skills-1
rice_university,rice_university__248,sustainability_and_policy-4
rice_university,rice_university__248,use-3
rice_university,rice_university__248,engineering_capabilities-2
rice_university,rice_university__249,production-3
rice_university,rice_university__250,engineering_capabilities-2
rice_university,rice_university__250,technical_skills-1
rice_university,rice_university__251,delivery_and_storage-3
rice_university,rice_university__252,engineering_capabilities-2
rice_university,rice_university__253,sustainability_and_policy-4
rice_university,rice_university__253,production-3
rice_university,rice_university__253,engineering_capabilities-2
rice_university,rice_university__254,engineering_capabilities-2
rice_university,rice_university__254,technical_skills-1
rice_university,rice_university__255,engineering_capabilities-2
rice_university,rice_university__256,engineering_capabilities-2
rice_university,rice_university__257,engineering_capabilities-2
rice_university,rice_university__258,engineering_capabilities-2
rice_university,rice_university__259,sustainability_and_policy-4
rice_university,rice_university__259,production-3
rice_university,rice_university__259,use-3
rice_university,rice_university__259,engineering_capabilities-2
rice_university,rice_university__260,sustainability_and_policy-4
rice_university,rice_university__260,production-3
rice_university,rice_university__261,sustainability_and_policy-4
rice_university,rice_university__261,use-3
rice_university,rice_university__261,engineering_capabilities-2
rice_university,rice_university__262,production-3
rice_university,rice_university__263,hydrogen_phrases-5
rice_university,rice_university__263,use-3
rice_university,rice_university__263,clean_energy_markets-4
rice_university,rice_university__264,sustainability_and_policy-4
rice_university,rice_university__265,delivery_and_storage-3
rice_university,rice_university__266,production-3
rice_university,rice_university__267,engineering_capabilities-2
rice_university,rice_university__268,sustainability_and_policy-4
rice_university,rice_university__268,production-3
rice_university,rice_university__268,engineering_capabilities-2
rice_university,rice_university__269,production-3
rice_university,rice_university__270,sustainability_and_policy-4
rice_university,rice_university__271,production-3
rice_university,rice_university__272,engineering_capabilities-2
rice_university,rice_university__273,technical_skills-1
rice_university,rice_university__274,engineering_capabilities-2
rice_university,rice_university__275,technical_skills-1
rice_university,rice_university__276,engineering_capabilities-2
rice_university,rice_university__277,engineering_capabilities-2
rice_university,rice_university__278,engineering_capabilities-2
rice_university,rice_university__279,sustainability_and_policy-4
rice_university,rice_university__279,hydrogen_phrases-5
rice_university,rice_university__279,clean_energy_markets-4
rice_university,rice_university__279,production-3
rice_university,rice_university__280,engineering_capabilities-2
rice_university,rice_university__281,engineering_capabilities-2
rice_university,rice_university__282,engineering_capabilities-2
rice_university,rice_university__283,engineering_capabilities-2
rice_university,rice_university__284,technical_skills-1
rice_university,rice_university__285,sustainability_and_policy-4
rice_university,rice_university__286,sustainability_and_policy-4
rice_university,rice_university__287,sustainability_and_policy-4
rice_university,rice_university__288,sustainability_and_policy-4
rice_university,rice_university__289,technical_skills-1
rice_university,rice_university__290,sustainability_and_policy-4
rice_university,rice_university__290,technical_skills-1
rice_university,rice_university__291,engineering_capabilities-2
rice_university,rice_university__292,technical_skills-1
rice_university,rice_university__293,engineering_capabilities-2
rice_university,rice_university__294,sustainability_and_policy-4
rice_university,rice_university__295,sustainability_and_policy-4
rice_university,rice_university__296,sustainability_and_policy-4
rice_university,rice_university__297,technical_skills-1
rice_university,rice_university__298,sustainability_and_policy-4
rice_university,rice_university__299,technical_skills-1
rice_university,rice_university__300,technical_skills-1
rice_university,rice_university__301,sustainability_and_policy-4
rice_university,rice_university__301,delivery_and_storage-3
rice_university,rice_university__302,sustainability_and_policy-4
rice_university,rice_university__303,sustainability_and_policy-4
rice_university,rice_university__304,sustainability_and_policy-4
rice_university,rice_university__305,sustainability_and_policy-4
rice_university,rice_university__306,sustainability_and_policy-4
rice_university,rice_university__307,sustainability_and_policy-4
rice_university,rice_university__308,sustainability_and_policy-4
rice_university,rice_university__309,engineering_capabilities-2
rice_university,rice_university__310,technical_skills-1
rice_university,rice_university__311,technical_skills-1
rice_university,rice_university__312,sustainability_and_policy-4
rice_university,rice_university__313,sustainability_and_policy-4
rice_university,rice_university__314,sustainability_and_policy-4
rice_university,rice_university__315,sustainability_and_policy-4
rice_university,rice_university__316,sustainability_and_policy-4
rice_university,rice_university__317,sustainability_and_policy-4
rice_university,rice_university__318,technical_skills-1
rice_university,rice_university__319,sustainability_and_policy-4
rice_university,rice_university__320,technical_skills-1
texas_a_m,texas_a_m__0,engineering_capabilities-2
texas_a_m,texas_a_m__1,engineering_capabilities-2
texas_a_m,texas_a_m__2,engineering_capabilities-2
texas_a_m,texas_a_m__3,engineering_capabilities-2
texas_a_m,texas_a_m__4,engineering_capabilities-2
texas_a_m,texas_a_m__5,engineering_capabilities-2
texas_a_m,texas_a_m__6,production-3
texas_a_m,texas_a_m__7,sustainability_and_policy-4
texas_a_m,texas_a_m__8,technical_skills-1
texas_a_m,texas_a_m__9,technical_skills-1
texas_a_m,texas_a_m__10,sustainability_and_policy-4
texas_a_m,texas_a_m__11,sustainability_and_policy-4
texas_a_m,texas_a_m__12,technical_skills-1
texas_a_m,texas_a_m__13,technical_skills-1
texas_a_m,texas_a_m__14,technical_skills-1
texas_a_m,texas_a_m__15,delivery_and_storage-3
texas_a_m,texas_a_m__16,technical_skills-1
texas_a_m,texas_a_m__17,technical_skills-1
texas_a_m,texas_a_m__18,technical_skills-1
texas_a_m,texas_a_m__19,technical_skills-1
texas_a_m,texas_a_m__20,technical_skills-1
texas_a_m,texas_a_m__21,production-3
texas_a_m,texas_a_m__22,engineering_capabilities-2
texas_a_m,texas_a_m__23,technical_skills-1
texas_a_m,texas_a_m__24,technical_skills-1
texas_a_m,texas_a_m__25,technical_skills-1
texas_a_m,texas_a_m__26,sustainability_and_policy-4
texas_a_m,texas_a_m__27,sustainability_and_policy-4
texas_a_m,texas_a_m__28,sustainability_and_policy-4
texas_a_m,texas_a_m__29,engineering_capabilities-2
texas_a_m,texas_a_m__30,sustainability_and_policy-4
texas_a_m,texas_a_m__31,clean_energy_markets-4
texas_a_m,texas_a_m__32,engineering_capabilities-2
texas_a_m,texas_a_m__33,technical_skills-1
texas_a_m,texas_a_m__34,production-3
texas_a_m,texas_a_m__35,sustainability_and_policy-4
texas_a_m,texas_a_m__36,use-3
texas_a_m,texas_a_m__36,hydrogen_phrases-5
texas_a_m,texas_a_m__36,delivery_and_storage-3
texas_a_m,texas_a_m__37,delivery_and_storage-3
texas_a_m,texas_a_m__38,delivery_and_storage-3
texas_a_m,texas_a_m__39,delivery_and_storage-3
texas_a_m,texas_a_m__40,technical_skills-1
texas_a_m,texas_a_m__41,technical_skills-1
texas_a_m,texas_a_m__42,technical_skills-1
texas_a_m,texas_a_m__43,use-3
texas_a_m,texas_a_m__44,engineering_capabilities-2
texas_a_m,texas_a_m__45,technical_skills-1
texas_a_m,texas_a_m__46,technical_skills-1
texas_a_m,texas_a_m__47,technical_skills-1
texas_a_m,texas_a_m__47,engineering_capabilities-2
texas_a_m,texas_a_m__48,engineering_capabilities-2
texas_a_m,texas_a_m__49,engineering_capabilities-2
texas_a_m,texas_a_m__50,sustainability_and_policy-4
texas_a_m,texas_a_m__51,delivery_and_storage-3
texas_a_m,texas_a_m__52,sustainability_and_policy-4
texas_a_m,texas_a_m__52,hydrogen_phrases-5
texas_a_m,texas_a_m__53,technical_skills-1
texas_a_m,texas_a_m__54,engineering_capabilities-2
texas_a_m,texas_a_m__55,technical_skills-1
texas_a_m,texas_a_m__56,technical_skills-1
texas_a_m,texas_a_m__57,technical_skills-1
texas_a_m,texas_a_m__58,engineering_capabilities-2
texas_a_m,texas_a_m__59,technical_skills-1
texas_a_m,texas_a_m__59,engineering_capabilities-2
texas_a_m,texas_a_m__60,technical_skills-1
texas_a_m,texas_a_m__60,engineering_capabilities-2
texas_a_m,texas_a_m__61,technical_skills-1
texas_a_m,texas_a_m__62,technical_skills-1
texas_a_m,texas_a_m__63,technical_skills-1
texas_a_m,texas_a_m__64,technical_skills-1
texas_a_m,texas_a_m__65,technical_skills-1
texas_a_m,texas_a_m__65,engineering_capabilities-2
texas_a_m,texas_a_m__66,technical_skills-1
texas_a_m,texas_a_m__67,engineering_capabilities-2
texas_a_m,texas_a_m__68,technical_skills-1
texas_a_m,texas_a_m__69,use-3
texas_a_m,texas_a_m__70,technical_skills-1
texas_a_m,texas_a_m__71,engineering_capabilities-2
texas_a_m,texas_a_m__72,technical_skills-1
texas_a_m,texas_a_m__73,technical_skills-1
texas_a_m,texas_a_m__74,technical_skills-1
texas_a_m,texas_a_m__75,engineering_capabilities-2
texas_a_m,texas_a_m__76,engineering_capabilities-2
texas_a_m,texas_a_m__77,engineering_capabilities-2
texas_a_m,texas_a_m__78,technical_skills-1
texas_a_m,texas_a_m__79,technical_skills-1
texas_a_m,texas_a_m__80,technical_skills-1
texas_a_m,texas_a_m__80,engineering_capabilities-2
texas_a_m,texas_a_m__81,engineering_capabilities-2
texas_a_m,texas_a_m__82,engineering_capabilities-2
texas_a_m,texas_a_m__83,engineering_capabilities-2
texas_a_m,texas_a_m__84,engineering_capabilities-2
texas_a_m,texas_a_m__85,engineering_capabilities-2
texas_a_m,texas_a_m__86,engineering_capabilities-2
texas_a_m,texas_a_m__87,engineering_capabilities-2
texas_a_m,texas_a_m__88,engineering_capabilities-2
texas_a_m,texas_a_m__89,technical_skills-1
texas_a_m,texas_a_m__90,engineering_capabilities-2
texas_a_m,texas_a_m__91,technical_skills-1
texas_a_m,texas_a_m__92,engineering_capabilities-2
texas_a_m,texas_a_m__93,engineering_capabilities-2
texas_a_m,texas_a_m__94,hydrogen_phrases-5
texas_a_m,texas_a_m__95,engineering_capabilities-2
texas_a_m,texas_a_m__96,engineering_capabilities-2
texas_a_m,texas_a_m__97,engineering_capabilities-2
texas_a_m,texas_a_m__98,engineering_capabilities-2
texas_a_m,texas_a_m__99,engineering_capabilities-2
texas_a_m,texas_a_m__100,engineering_capabilities-2
texas_a_m,texas_a_m__101,engineering_capabilities-2
texas_a_m,texas_a_m__102,technical_skills-1
texas_a_m,texas_a_m__102,engineering_capabilities-2
texas_a_m,texas_a_m__103,technical_skills-1
texas_a_m,texas_a_m__103,engineering_capabilities-2
texas_a_m,texas_a_m__104,technical_skills-1
texas_a_m,texas_a_m__105,engineering_capabilities-2
texas_a_m,texas_a_m__106,engineering_capabilities-2
texas_a_m,texas_a_m__107,engineering_capabilities-2
texas_a_m,texas_a_m__108,delivery_and_storage-3
texas_a_m,texas_a_m__109,technical_skills-1
texas_a_m,texas_a_m__110,technical_skills-1
texas_a_m,texas_a_m__111,technical_skills-1
texas_a_m,texas_a_m__112,technical_skills-1
texas_a_m,texas_a_m__113,sustainability_and_policy-4
texas_a_m,texas_a_m__114,technical_skills-1
texas_a_m,texas_a_m__115,technical_skills-1
texas_a_m,texas_a_m__116,engineering_capabilities-2
texas_a_m,texas_a_m__117,use-3
texas_a_m,texas_a_m__118,engineering_capabilities-2
texas_a_m,texas_a_m__119,technical_skills-1
texas_a_m,texas_a_m__120,technical_skills-1
texas_a_m,texas_a_m__121,technical_skills-1
texas_a_m,texas_a_m__121,engineering_capabilities-2
texas_a_m,texas_a_m__122,technical_skills-1
texas_a_m,texas_a_m__123,delivery_and_storage-3
texas_a_m,texas_a_m__124,engineering_capabilities-2
texas_a_m,texas_a_m__125,technical_skills-1
texas_a_m,texas_a_m__126,technical_skills-1
texas_a_m,texas_a_m__127,delivery_and_storage-3
texas_a_m,texas_a_m__128,technical_skills-1
texas_a_m,texas_a_m__129,engineering_capabilities-2
texas_a_m,texas_a_m__130,engineering_capabilities-2
texas_a_m,texas_a_m__131,engineering_capabilities-2
texas_a_m,texas_a_m__132,technical_skills-1
texas_a_m,texas_a_m__133,engineering_capabilities-2
texas_a_m,texas_a_m__134,engineering_capabilities-2
texas_a_m,texas_a_m__135,engineering_capabilities-2
texas_a_m,texas_a_m__136,engineering_capabilities-2
texas_a_m,texas_a_m__137,engineering_capabilities-2
texas_a_m,texas_a_m__138,engineering_capabilities-2
texas_a_m,texas_a_m__139,technical_skills-1
texas_a_m,texas_a_m__140,engineering_capabilities-2
texas_a_m,texas_a_m__141,production-3
texas_a_m,texas_a_m__142,engineering_capabilities-2
texas_a_m,texas_a_m__143,engineering_capabilities-2
texas_a_m,texas_a_m__144,technical_skills-1
texas_a_m,texas_a_m__144,engineering_capabilities-2
texas_a_m,texas_a_m__145,delivery_and_storage-3
texas_a_m,texas_a_m__146,technical_skills-1
texas_a_m,texas_a_m__147,engineering_capabilities-2
texas_a_m,texas_a_m__148,engineering_capabilities-2
texas_a_m,texas_a_m__149,engineering_capabilities-2
texas_a_m,texas_a_m__149,sustainability_and_policy-4
texas_a_m,texas_a_m__150,engineering_capabilities-2
texas_a_m,texas_a_m__151,engineering_capabilities-2
texas_a_m,texas_a_m__152,engineering_capabilities-2
texas_a_m,texas_a_m__153,engineering_capabilities-2
texas_a_m,texas_a_m__154,engineering_capabilities-2
texas_a_m,texas_a_m__155,engineering_capabilities-2
texas_a_m,texas_a_m__156,technical_skills-1
texas_a_m,texas_a_m__157,technical_skills-1
texas_a_m,texas_a_m__158,technical_skills-1
texas_a_m,texas_a_m__159,engineering_capabilities-2
texas_a_m,texas_a_m__160,engineering_capabilities-2
texas_a_m,texas_a_m__161,technical_skills-1
texas_a_m,texas_a_m__162,engineering_capabilities-2
texas_a_m,texas_a_m__163,engineering_capabilities-2
texas_a_m,texas_a_m__164,sustainability_and_policy-4
texas_a_m,texas_a_m__165,technical_skills-1
texas_a_m,texas_a_m__166,technical_skills-1
texas_a_m,texas_a_m__167,technical_skills-1
texas_a_m,texas_a_m__168,technical_skills-1
texas_a_m,texas_a_m__169,technical_skills-1
texas_a_m,texas_a_m__170,technical_skills-1
texas_a_m,texas_a_m__171,technical_skills-1
texas_a_m,texas_a_m__172,sustainability_and_policy-4
texas_a_m,texas_a_m__173,technical_skills-1
texas_a_m,texas_a_m__174,technical_skills-1
texas_a_m,texas_a_m__175,engineering_capabilities-2
texas_a_m,texas_a_m__176,technical_skills-1
texas_a_m,texas_a_m__177,technical_skills-1
texas_a_m,texas_a_m__178,technical_skills-1
texas_a_m,texas_a_m__179,engineering_capabilities-2
texas_a_m,texas_a_m__179,clean_energy_markets-4
texas_a_m,texas_a_m__180,technical_skills-1
texas_a_m,texas_a_m__181,clean_energy_markets-4
texas_a_m,texas_a_m__182,engineering_capabilities-2
texas_a_m,texas_a_m__183,technical_skills-1
texas_a_m,texas_a_m__184,engineering_capabilities-2
texas_a_m,texas_a_m__185,technical_skills-1
texas_a_m,texas_a_m__186,delivery_and_storage-3
texas_a_m,texas_a_m__187,sustainability_and_policy-4
texas_a_m,texas_a_m__188,technical_skills-1
texas_a_m,texas_a_m__189,sustainability_and_policy-4
texas_a_m,texas_a_m__190,sustainability_and_policy-4
texas_a_m,texas_a_m__191,hydrogen_phrases-5
texas_a_m,texas_a_m__192,technical_skills-1
texas_a_m,texas_a_m__193,sustainability_and_policy-4
texas_a_m,texas_a_m__194,engineering_capabilities-2
texas_a_m,texas_a_m__195,engineering_capabilities-2
texas_a_m,texas_a_m__196,engineering_capabilities-2
texas_a_m,texas_a_m__197,technical_skills-1
texas_a_m,texas_a_m__198,sustainability_and_policy-4
texas_a_m,texas_a_m__198,clean_energy_markets-4
texas_a_m,texas_a_m__199,hydrogen_phrases-5
texas_a_m,texas_a_m__200,production-3
texas_a_m,texas_a_m__201,technical_skills-1
texas_a_m,texas_a_m__202,technical_skills-1
texas_a_m,texas_a_m__203,sustainability_and_policy-4
texas_a_m,texas_a_m__204,engineering_capabilities-2
texas_a_m,texas_a_m__205,sustainability_and_policy-4
texas_a_m,texas_a_m__206,sustainability_and_policy-4
texas_a_m,texas_a_m__207,engineering_capabilities-2
texas_a_m,texas_a_m__208,sustainability_and_policy-4
texas_a_m,texas_a_m__209,sustainability_and_policy-4
texas_a_m,texas_a_m__210,delivery_and_storage-3
texas_a_m,texas_a_m__211,engineering_capabilities-2
texas_a_m,texas_a_m__212,sustainability_and_policy-4
texas_a_m,texas_a_m__213,engineering_capabilities-2
texas_a_m,texas_a_m__214,technical_skills-1
texas_a_m,texas_a_m__215,engineering_capabilities-2
texas_a_m,texas_a_m__216,engineering_capabilities-2
texas_a_m,texas_a_m__217,technical_skills-1
texas_a_m,texas_a_m__218,technical_skills-1
texas_a_m,texas_a_m__219,technical_skills-1
texas_a_m,texas_a_m__219,sustainability_and_policy-4
texas_a_m,texas_a_m__220,technical_skills-1
texas_a_m,texas_a_m__221,technical_skills-1
texas_a_m,texas_a_m__221,delivery_and_storage-3
texas_a_m,texas_a_m__222,technical_skills-1
texas_a_m,texas_a_m__223,technical_skills-1
texas_a_m,texas_a_m__223,delivery_and_storage-3
texas_a_m,texas_a_m__224,technical_skills-1
texas_a_m,texas_a_m__225,sustainability_and_policy-4
texas_a_m,texas_a_m__226,technical_skills-1
texas_a_m,texas_a_m__227,technical_skills-1
texas_a_m,texas_a_m__228,technical_skills-1
texas_a_m,texas_a_m__229,technical_skills-1
texas_a_m,texas_a_m__230,sustainability_and_policy-4
texas_a_m,texas_a_m__231,technical_skills-1
texas_a_m,texas_a_m__232,sustainability_and_policy-4
texas_a_m,texas_a_m__233,technical_skills-1
texas_a_m,texas_a_m__234,use-3
texas_a_m,texas_a_m__234,sustainability_and_policy-4
texas_a_m,texas_a_m__235,technical_skills-1
texas_a_m,texas_a_m__236,technical_skills-1
texas_a_m,texas_a_m__237,technical_skills-1
texas_a_m,texas_a_m__238,technical_skills-1
texas_a_m,texas_a_m__239,technical_skills-1
texas_a_m,texas_a_m__240,engineering_capabilities-2
texas_a_m,texas_a_m__241,sustainability_and_policy-4
texas_a_m,texas_a_m__242,technical_skills-1
texas_a_m,texas_a_m__242,engineering_capabilities-2
texas_a_m,texas_a_m__243,engineering_capabilities-2
texas_a_m,texas_a_m__244,technical_skills-1
texas_a_m,texas_a_m__245,technical_skills-1
texas_a_m,texas_a_m__246,engineering_capabilities-2
texas_a_m,texas_a_m__247,technical_skills-1
texas_a_m,texas_a_m__248,technical_skills-1
texas_a_m,texas_a_m__249,technical_skills-1
texas_a_m,texas_a_m__250,technical_skills-1
texas_a_m,texas_a_m__251,technical_skills-1
texas_a_m,texas_a_m__252,technical_skills-1
texas_a_m,texas_a_m__253,technical_skills-1
texas_a_m,texas_a_m__254,delivery_and_storage-3
texas_a_m,texas_a_m__255,technical_skills-1
texas_a_m,texas_a_m__256,engineering_capabilities-2
texas_a_m,texas_a_m__257,delivery_and_storage-3
texas_a_m,texas_a_m__258,technical_skills-1
texas_a_m,texas_a_m__259,technical_skills-1
texas_a_m,texas_a_m__260,technical_skills-1
texas_a_m,texas_a_m__261,engineering_capabilities-2
texas_a_m,texas_a_m__262,technical_skills-1
texas_a_m,texas_a_m__263,delivery_and_storage-3
texas_a_m,texas_a_m__264,technical_skills-1
texas_a_m,texas_a_m__265,use-3
texas_a_m,texas_a_m__266,technical_skills-1
texas_a_m,texas_a_m__267,technical_skills-1
texas_a_m,texas_a_m__267,engineering_capabilities-2
texas_a_m,texas_a_m__267,delivery_and_storage-3
texas_a_m,texas_a_m__268,engineering_capabilities-2
texas_a_m,texas_a_m__269,technical_skills-1
texas_a_m,texas_a_m__270,delivery_and_storage-3
texas_a_m,texas_a_m__271,engineering_capabilities-2
texas_a_m,texas_a_m__272,technical_skills-1
texas_a_m,texas_a_m__272,engineering_capabilities-2
texas_a_m,texas_a_m__273,engineering_capabilities-2
texas_a_m,texas_a_m__273,use-3
texas_a_m,texas_a_m__274,engineering_capabilities-2
texas_a_m,texas_a_m__275,use-3
texas_a_m,texas_a_m__276,technical_skills-1
texas_a_m,texas_a_m__277,engineering_capabilities-2
texas_a_m,texas_a_m__278,technical_skills-1
texas_a_m,texas_a_m__279,use-3
texas_a_m,texas_a_m__280,technical_skills-1
texas_a_m,texas_a_m__281,engineering_capabilities-2
texas_a_m,texas_a_m__282,sustainability_and_policy-4
texas_a_m,texas_a_m__283,technical_skills-1
texas_a_m,texas_a_m__284,technical_skills-1
texas_a_m,texas_a_m__285,technical_skills-1
texas_a_m,texas_a_m__286,use-3
texas_a_m,texas_a_m__287,sustainability_and_policy-4
texas_a_m,texas_a_m__288,delivery_and_storage-3
texas_a_m,texas_a_m__289,technical_skills-1
texas_a_m,texas_a_m__290,delivery_and_storage-3
texas_a_m,texas_a_m__291,technical_skills-1
texas_a_m,texas_a_m__292,engineering_capabilities-2
texas_a_m,texas_a_m__293,use-3
texas_a_m,texas_a_m__294,technical_skills-1
texas_a_m,texas_a_m__295,engineering_capabilities-2
texas_a_m,texas_a_m__296,technical_skills-1
texas_a_m,texas_a_m__297,engineering_capabilities-2
texas_a_m,texas_a_m__298,delivery_and_storage-3
texas_a_m,texas_a_m__299,engineering_capabilities-2
texas_a_m,texas_a_m__300,delivery_and_storage-3
texas_a_m,texas_a_m__301,technical_skills-1
texas_a_m,texas_a_m__301,delivery_and_storage-3
texas_a_m,texas_a_m__302,delivery_and_storage-3
texas_a_m,texas_a_m__303,delivery_and_storage-3
texas_a_m,texas_a_m__304,sustainability_and_policy-4
texas_a_m,texas_a_m__305,sustainability_and_policy-4
texas_a_m,texas_a_m__306,engineering_capabilities-2
texas_a_m,texas_a_m__307,engineering_capabilities-2
texas_a_m,texas_a_m__308,technical_skills-1
texas_a_m,texas_a_m__308,engineering_capabilities-2
texas_a_m,texas_a_m__309,engineering_capabilities-2
texas_a_m,texas_a_m__310,sustainability_and_policy-4
texas_a_m,texas_a_m__311,delivery_and_storage-3
texas_a_m,texas_a_m__312,sustainability_and_policy-4
texas_a_m,texas_a_m__312,hydrogen_phrases-5
texas_a_m,texas_a_m__313,engineering_capabilities-2
texas_a_m,texas_a_m__314,engineering_capabilities-2
texas_a_m,texas_a_m__315,engineering_capabilities-2
texas_a_m,texas_a_m__316,engineering_capabilities-2
texas_a_m,texas_a_m__317,engineering_capabilities-2
texas_a_m,texas_a_m__318,engineering_capabilities-2
texas_a_m,texas_a_m__319,engineering_capabilities-2
texas_a_m,texas_a_m__320,engineering_capabilities-2
texas_a_m,texas_a_m__321,engineering_capabilities-2
texas_a_m,texas_a_m__322,technical_skills-1
texas_a_m,texas_a_m__322,engineering_capabilities-2
texas_a_m,texas_a_m__323,engineering_capabilities-2
texas_a_m,texas_a_m__324,engineering_capabilities-2
texas_a_m,texas_a_m__325,technical_skills-1
texas_a_m,texas_a_m__325,engineering_capabilities-2
texas_a_m,texas_a_m__326,technical_skills-1
texas_a_m,texas_a_m__326,engineering_capabilities-2
texas_a_m,texas_a_m__327,technical_skills-1
texas_a_m,texas_a_m__328,engineering_capabilities-2
texas_a_m,texas_a_m__329,engineering_capabilities-2
texas_a_m,texas_a_m__330,engineering_capabilities-2
texas_a_m,texas_a_m__331,engineering_capabilities-2
texas_a_m,texas_a_m__332,engineering_capabilities-2
texas_a_m,texas_a_m__333,engineering_capabilities-2
texas_a_m,texas_a_m__334,technical_skills-1
texas_a_m,texas_a_m__335,technical_skills-1
texas_a_m,texas_a_m__336,technical_skills-1
texas_a_m,texas_a_m__336,engineering_capabilities-2
texas_a_m,texas_a_m__337,engineering_capabilities-2
texas_a_m,texas_a_m__338,technical_skills-1
texas_a_m,texas_a_m__339,engineering_capabilities-2
texas_a_m,texas_a_m__340,technical_skills-1
texas_a_m,texas_a_m__341,delivery_and_storage-3
texas_a_m,texas_a_m__342,technical_skills-1
texas_a_m,texas_a_m__343,technical_skills-1
texas_a_m,texas_a_m__344,technical_skills-1
texas_a_m,texas_a_m__345,technical_skills-1
texas_a_m,texas_a_m__346,technical_skills-1
texas_a_m,texas_a_m__347,use-3
texas_a_m,texas_a_m__348,technical_skills-1
texas_a_m,texas_a_m__349,technical_skills-1
texas_a_m,texas_a_m__350,technical_skills-1
texas_a_m,texas_a_m__351,technical_skills-1
texas_a_m,texas_a_m__352,engineering_capabilities-2
texas_a_m,texas_a_m__353,technical_skills-1
texas_a_m,texas_a_m__354,engineering_capabilities-2
texas_a_m,texas_a_m__355,engineering_capabilities-2
texas_a_m,texas_a_m__356,engineering_capabilities-2
texas_a_m,texas_a_m__357,engineering_capabilities-2
texas_a_m,texas_a_m__358,engineering_capabilities-2
texas_a_m,texas_a_m__359,engineering_capabilities-2
texas_a_m,texas_a_m__359,use-3
texas_a_m,texas_a_m__360,engineering_capabilities-2
texas_a_m,texas_a_m__361,engineering_capabilities-2
texas_a_m,texas_a_m__362,engineering_capabilities-2
texas_a_m,texas_a_m__363,engineering_capabilities-2
texas_a_m,texas_a_m__364,engineering_capabilities-2
texas_a_m,texas_a_m__365,engineering_capabilities-2
texas_a_m,texas_a_m__366,engineering_capabilities-2
texas_a_m,texas_a_m__367,engineering_capabilities-2
texas_a_m,texas_a_m__368,engineering_capabilities-2
texas_a_m,texas_a_m__369,engineering_capabilities-2
texas_a_m,texas_a_m__370,engineering_capabilities-2
texas_a_m,texas_a_m__371,technical_skills-1
texas_a_m,texas_a_m__372,engineering_capabilities-2
texas_a_m,texas_a_m__373,engineering_capabilities-2
texas_a_m,texas_a_m__374,engineering_capabilities-2
texas_a_m,texas_a_m__375,technical_skills-1
texas_a_m,texas_a_m__376,engineering_capabilities-2
texas_a_m,texas_a_m__377,engineering_capabilities-2
texas_a_m,texas_a_m__378,engineering_capabilities-2
texas_a_m,texas_a_m__379,engineering_capabilities-2
texas_a_m,texas_a_m__380,technical_skills-1
texas_a_m,texas_a_m__380,engineering_capabilities-2
texas_a_m,texas_a_m__381,engineering_capabilities-2
texas_a_m,texas_a_m__382,engineering_capabilities-2
texas_a_m,texas_a_m__383,technical_skills-1
texas_a_m,texas_a_m__384,technical_skills-1
texas_a_m,texas_a_m__385,technical_skills-1
texas_a_m,texas_a_m__385,delivery_and_storage-3
texas_a_m,texas_a_m__386,engineering_capabilities-2
texas_a_m,texas_a_m__387,delivery_and_storage-3
texas_a_m,texas_a_m__388,technical_skills-1
texas_a_m,texas_a_m__389,delivery_and_storage-3
texas_a_m,texas_a_m__390,technical_skills-1
texas_a_m,texas_a_m__391,delivery_and_storage-3
texas_a_m,texas_a_m__392,technical_skills-1
texas_a_m,texas_a_m__393,engineering_capabilities-2
texas_a_m,texas_a_m__394,technical_skills-1
texas_a_m,texas_a_m__395,technical_skills-1
texas_a_m,texas_a_m__396,technical_skills-1
texas_a_m,texas_a_m__397,delivery_and_storage-3
texas_a_m,texas_a_m__398,technical_skills-1
texas_a_m,texas_a_m__399,technical_skills-1
texas_a_m,texas_a_m__400,technical_skills-1
texas_a_m,texas_a_m__400,engineering_capabilities-2
texas_a_m,texas_a_m__401,delivery_and_storage-3
texas_a_m,texas_a_m__402,delivery_and_storage-3
texas_a_m,texas_a_m__403,technical_skills-1
texas_a_m,texas_a_m__404,technical_skills-1
texas_a_m,texas_a_m__405,delivery_and_storage-3
texas_a_m,texas_a_m__406,engineering_capabilities-2
texas_a_m,texas_a_m__407,sustainability_and_policy-4
texas_a_m,texas_a_m__408,engineering_capabilities-2
texas_a_m,texas_a_m__409,engineering_capabilities-2
texas_a_m,texas_a_m__410,engineering_capabilities-2
texas_a_m,texas_a_m__411,engineering_capabilities-2
texas_a_m,texas_a_m__412,engineering_capabilities-2
texas_a_m,texas_a_m__413,engineering_capabilities-2
texas_a_m,texas_a_m__414,engineering_capabilities-2
texas_a_m,texas_a_m__415,engineering_capabilities-2
texas_a_m,texas_a_m__416,engineering_capabilities-2
texas_a_m,texas_a_m__417,technical_skills-1
texas_a_m,texas_a_m__417,engineering_capabilities-2
texas_a_m,texas_a_m__418,engineering_capabilities-2
texas_a_m,texas_a_m__419,engineering_capabilities-2
texas_a_m,texas_a_m__420,engineering_capabilities-2
texas_a_m,texas_a_m__420,sustainability_and_policy-4
texas_a_m,texas_a_m__421,technical_skills-1
texas_a_m,texas_a_m__421,engineering_capabilities-2
texas_a_m,texas_a_m__422,engineering_capabilities-2
texas_a_m,texas_a_m__423,technical_skills-1
texas_a_m,texas_a_m__424,engineering_capabilities-2
texas_a_m,texas_a_m__425,engineering_capabilities-2
texas_a_m,texas_a_m__426,engineering_capabilities-2
texas_a_m,texas_a_m__427,engineering_capabilities-2
texas_a_m,texas_a_m__428,engineering_capabilities-2
texas_a_m,texas_a_m__429,technical_skills-1
texas_a_m,texas_a_m__429,sustainability_and_policy-4
texas_a_m,texas_a_m__430,technical_skills-1
texas_a_m,texas_a_m__431,technical_skills-1
texas_a_m,texas_a_m__432,delivery_and_storage-3
texas_a_m,texas_a_m__433,technical_skills-1
texas_a_m,texas_a_m__433,sustainability_and_policy-4
texas_a_m,texas_a_m__434,technical_skills-1
texas_a_m,texas_a_m__435,technical_skills-1
texas_a_m,texas_a_m__435,sustainability_and_policy-4
texas_a_m,texas_a_m__436,technical_skills-1
texas_a_m,texas_a_m__437,engineering_capabilities-2
texas_a_m,texas_a_m__438,engineering_capabilities-2
texas_a_m,texas_a_m__439,technical_skills-1
texas_a_m,texas_a_m__439,engineering_capabilities-2
texas_a_m,texas_a_m__440,technical_skills-1
texas_a_m,texas_a_m__441,technical_skills-1
texas_a_m,texas_a_m__441,delivery_and_storage-3
texas_a_m,texas_a_m__442,technical_skills-1
texas_a_m,texas_a_m__443,engineering_capabilities-2
texas_a_m,texas_a_m__443,sustainability_and_policy-4
texas_a_m,texas_a_m__444,engineering_capabilities-2
texas_a_m,texas_a_m__445,engineering_capabilities-2
texas_a_m,texas_a_m__446,engineering_capabilities-2
texas_a_m,texas_a_m__447,engineering_capabilities-2
texas_a_m,texas_a_m__448,production-3
texas_a_m,texas_a_m__449,production-3
texas_a_m,texas_a_m__450,engineering_capabilities-2
texas_a_m,texas_a_m__451,production-3
texas_a_m,texas_a_m__451,engineering_capabilities-2
texas_a_m,texas_a_m__452,engineering_capabilities-2
texas_a_m,texas_a_m__453,engineering_capabilities-2
texas_a_m,texas_a_m__454,engineering_capabilities-2
texas_a_m,texas_a_m__455,engineering_capabilities-2
texas_a_m,texas_a_m__456,technical_skills-1
texas_a_m,texas_a_m__457,delivery_and_storage-3
texas_a_m,texas_a_m__458,technical_skills-1
texas_a_m,texas_a_m__458,sustainability_and_policy-4
texas_a_m,texas_a_m__459,sustainability_and_policy-4
texas_a_m,texas_a_m__460,technical_skills-1
texas_a_m,texas_a_m__460,engineering_capabilities-2
texas_a_m,texas_a_m__461,engineering_capabilities-2
texas_a_m,texas_a_m__462,engineering_capabilities-2
texas_a_m,texas_a_m__463,delivery_and_storage-3
texas_a_m,texas_a_m__464,technical_skills-1
texas_a_m,texas_a_m__464,engineering_capabilities-2
texas_a_m,texas_a_m__465,technical_skills-1
texas_a_m,texas_a_m__466,technical_skills-1
texas_a_m,texas_a_m__467,engineering_capabilities-2
texas_a_m,texas_a_m__468,technical_skills-1
texas_a_m,texas_a_m__469,engineering_capabilities-2
texas_a_m,texas_a_m__470,engineering_capabilities-2
texas_a_m,texas_a_m__471,technical_skills-1
texas_a_m,texas_a_m__472,technical_skills-1
texas_a_m,texas_a_m__473,clean_energy_markets-4
texas_a_m,texas_a_m__474,technical_skills-1
texas_a_m,texas_a_m__475,technical_skills-1
texas_a_m,texas_a_m__476,technical_skills-1
texas_a_m,texas_a_m__477,engineering_capabilities-2
texas_a_m,texas_a_m__478,technical_skills-1
texas_a_m,texas_a_m__479,technical_skills-1
texas_a_m,texas_a_m__480,technical_skills-1
texas_a_m,texas_a_m__481,hydrogen_phrases-5
texas_a_m,texas_a_m__482,engineering_capabilities-2
texas_a_m,texas_a_m__483,sustainability_and_policy-4
texas_a_m,texas_a_m__484,technical_skills-1
texas_a_m,texas_a_m__485,sustainability_and_policy-4
texas_a_m,texas_a_m__486,sustainability_and_policy-4
texas_a_m,texas_a_m__487,sustainability_and_policy-4
texas_a_m,texas_a_m__488,engineering_capabilities-2
texas_a_m,texas_a_m__489,engineering_capabilities-2
texas_a_m,texas_a_m__490,sustainability_and_policy-4
texas_a_m,texas_a_m__491,engineering_capabilities-2
texas_a_m,texas_a_m__492,engineering_capabilities-2
texas_a_m,texas_a_m__493,engineering_capabilities-2
texas_a_m,texas_a_m__494,technical_skills-1
texas_a_m,texas_a_m__495,sustainability_and_policy-4
texas_a_m,texas_a_m__496,engineering_capabilities-2
texas_a_m,texas_a_m__497,engineering_capabilities-2
texas_a_m,texas_a_m__498,sustainability_and_policy-4
texas_a_m,texas_a_m__498,clean_energy_markets-4
texas_a_m,texas_a_m__499,technical_skills-1
texas_a_m,texas_a_m__500,technical_skills-1
texas_a_m,texas_a_m__501,sustainability_and_policy-4
texas_a_m,texas_a_m__502,delivery_and_storage-3
texas_a_m,texas_a_m__503,sustainability_and_policy-4
texas_a_m,texas_a_m__504,sustainability_and_policy-4
texas_a_m,texas_a_m__505,sustainability_and_policy-4
texas_a_m,texas_a_m__506,engineering_capabilities-2
texas_a_m,texas_a_m__507,sustainability_and_policy-4
texas_a_m,texas_a_m__508,sustainability_and_policy-4
texas_a_m,texas_a_m__509,sustainability_and_policy-4
texas_a_m,texas_a_m__510,sustainability_and_policy-4
texas_a_m,texas_a_m__511,technical_skills-1
texas_a_m,texas_a_m__512,technical_skills-1
texas_a_m,texas_a_m__512,sustainability_and_policy-4
texas_a_m,texas_a_m__513,technical_skills-1
texas_a_m,texas_a_m__514,technical_skills-1
texas_a_m,texas_a_m__515,technical_skills-1
texas_a_m,texas_a_m__515,sustainability_and_policy-4
texas_a_m,texas_a_m__516,technical_skills-1
texas_a_m,texas_a_m__517,technical_skills-1
texas_a_m,texas_a_m__518,engineering_capabilities-2
texas_a_m,texas_a_m__519,engineering_capabilities-2
texas_a_m,texas_a_m__520,engineering_capabilities-2
texas_a_m,texas_a_m__521,engineering_capabilities-2
texas_a_m,texas_a_m__522,engineering_capabilities-2
texas_a_m,texas_a_m__523,engineering_capabilities-2
texas_a_m,texas_a_m__524,engineering_capabilities-2
texas_a_m,texas_a_m__525,engineering_capabilities-2
texas_a_m,texas_a_m__526,engineering_capabilities-2
texas_a_m,texas_a_m__527,technical_skills-1
texas_a_m,texas_a_m__528,sustainability_and_policy-4
texas_a_m,texas_a_m__529,technical_skills-1
texas_a_m,texas_a_m__529,sustainability_and_policy-4
texas_a_m,texas_a_m__530,technical_skills-1
texas_a_m,texas_a_m__530,engineering_capabilities-2
texas_a_m,texas_a_m__531,technical_skills-1
texas_a_m,texas_a_m__532,sustainability_and_policy-4
texas_a_m,texas_a_m__533,technical_skills-1
texas_a_m,texas_a_m__534,sustainability_and_policy-4
texas_a_m,texas_a_m__535,use-3
texas_a_m,texas_a_m__535,sustainability_and_policy-4
texas_a_m,texas_a_m__536,technical_skills-1
texas_a_m,texas_a_m__536,sustainability_and_policy-4
texas_a_m,texas_a_m__537,engineering_capabilities-2
texas_a_m,texas_a_m__538,sustainability_and_policy-4
texas_a_m,texas_a_m__539,sustainability_and_policy-4
texas_a_m,texas_a_m__540,sustainability_and_policy-4
texas_a_m,texas_a_m__541,technical_skills-1
texas_a_m,texas_a_m__542,sustainability_and_policy-4
texas_a_m,texas_a_m__543,sustainability_and_policy-4
texas_a_m,texas_a_m__544,technical_skills-1
texas_a_m,texas_a_m__544,engineering_capabilities-2
texas_a_m,texas_a_m__545,engineering_capabilities-2
texas_a_m,texas_a_m__546,technical_skills-1
texas_a_m,texas_a_m__547,technical_skills-1
texas_a_m,texas_a_m__547,engineering_capabilities-2
texas_a_m,texas_a_m__548,engineering_capabilities-2
texas_a_m,texas_a_m__549,technical_skills-1
texas_a_m,texas_a_m__549,engineering_capabilities-2
texas_a_m,texas_a_m__550,engineering_capabilities-2
texas_a_m,texas_a_m__551,technical_skills-1
texas_a_m,texas_a_m__551,engineering_capabilities-2
texas_a_m,texas_a_m__552,technical_skills-1
texas_a_m,texas_a_m__553,engineering_capabilities-2
texas_a_m,texas_a_m__554,sustainability_and_policy-4
texas_a_m,texas_a_m__555,engineering_capabilities-2
texas_a_m,texas_a_m__556,technical_skills-1
texas_a_m,texas_a_m__557,delivery_and_storage-3
texas_a_m,texas_a_m__558,sustainability_and_policy-4
texas_a_m,texas_a_m__559,technical_skills-1
texas_a_m,texas_a_m__559,engineering_capabilities-2
texas_a_m,texas_a_m__560,engineering_capabilities-2
texas_a_m,texas_a_m__561,delivery_and_storage-3
texas_a_m,texas_a_m__562,technical_skills-1
texas_a_m,texas_a_m__563,technical_skills-1
texas_a_m,texas_a_m__564,technical_skills-1
texas_a_m,texas_a_m__565,delivery_and_storage-3
tuskegee_university,tuskegee_university__0,engineering_capabilities-2
tuskegee_university,tuskegee_university__1,production-3
tuskegee_university,tuskegee_university__2,sustainability_and_policy-4
tuskegee_university,tuskegee_university__3,technical_skills-1
tuskegee_university,tuskegee_university__4,technical_skills-1
tuskegee_university,tuskegee_university__5,engineering_capabilities-2
tuskegee_university,tuskegee_university__6,technical_skills-1
tuskegee_university,tuskegee_university__7,engineering_capabilities-2
tuskegee_university,tuskegee_university__8,engineering_capabilities-2
tuskegee_university,tuskegee_university__9,engineering_capabilities-2
tuskegee_university,tuskegee_university__9,delivery_and_storage-3
tuskegee_university,tuskegee_university__10,engineering_capabilities-2
tuskegee_university,tuskegee_university__11,production-3
tuskegee_university,tuskegee_university__11,technical_skills-1
tuskegee_university,tuskegee_university__12,engineering_capabilities-2
tuskegee_university,tuskegee_university__13,engineering_capabilities-2
tuskegee_university,tuskegee_university__14,technical_skills-1
tuskegee_university,tuskegee_university__15,technical_skills-1
tuskegee_university,tuskegee_university__16,engineering_capabilities-2
tuskegee_university,tuskegee_university__17,engineering_capabilities-2
tuskegee_university,tuskegee_university__18,technical_skills-1
tuskegee_university,tuskegee_university__19,technical_skills-1
tuskegee_university,tuskegee_university__20,engineering_capabilities-2
tuskegee_university,tuskegee_university__21,engineering_capabilities-2
tuskegee_university,tuskegee_university__22,engineering_capabilities-2
tuskegee_university,tuskegee_university__23,technical_skills-1
tuskegee_university,tuskegee_university__24,technical_skills-1
tuskegee_university,tuskegee_university__25,engineering_capabilities-2
tuskegee_university,tuskegee_university__25,delivery_and_storage-3
tuskegee_university,tuskegee_university__26,engineering_capabilities-2
tuskegee_university,tuskegee_university__27,technical_skills-1
tuskegee_university,tuskegee_university__28,delivery_and_storage-3
tuskegee_university,tuskegee_university__29,engineering_capabilities-2
tuskegee_university,tuskegee_university__30,engineering_capabilities-2
tuskegee_university,tuskegee_university__31,engineering_capabilities-2
tuskegee_university,tuskegee_university__31,technical_skills-1
tuskegee_university,tuskegee_university__32,technical_skills-1
tuskegee_university,tuskegee_university__33,engineering_capabilities-2
tuskegee_university,tuskegee_university__34,engineering_capabilities-2
tuskegee_university,tuskegee_university__35,engineering_capabilities-2
tuskegee_university,tuskegee_university__36,engineering_capabilities-2
tuskegee_university,tuskegee_university__37,engineering_capabilities-2
tuskegee_university,tuskegee_university__38,engineering_capabilities-2
tuskegee_university,tuskegee_university__39,engineering_capabilities-2
tuskegee_university,tuskegee_university__40,technical_skills-1
tuskegee_university,tuskegee_university__41,technical_skills-1
tuskegee_university,tuskegee_university__42,engineering_capabilities-2
tuskegee_university,tuskegee_university__43,delivery_and_storage-3
tuskegee_university,tuskegee_university__44,technical_skills-1
tuskegee_university,tuskegee_university__45,engineering_capabilities-2
tuskegee_university,tuskegee_university__46,engineering_capabilities-2
tuskegee_university,tuskegee_university__47,engineering_capabilities-2
tuskegee_university,tuskegee_university__48,engineering_capabilities-2
tuskegee_university,tuskegee_university__49,technical_skills-1
tuskegee_university,tuskegee_university__50,sustainability_and_policy-4
tuskegee_university,tuskegee_university__51,production-3
tuskegee_university,tuskegee_university__52,sustainability_and_policy-4
tuskegee_university,tuskegee_university__52,use-3
tuskegee_university,tuskegee_university__53,technical_skills-1
tuskegee_university,tuskegee_university__54,technical_skills-1
tuskegee_university,tuskegee_university__55,technical_skills-1
tuskegee_university,tuskegee_university__56,technical_skills-1
tuskegee_university,tuskegee_university__57,technical_skills-1
tuskegee_university,tuskegee_university__58,engineering_capabilities-2
tuskegee_university,tuskegee_university__59,engineering_capabilities-2
tuskegee_university,tuskegee_university__60,technical_skills-1
tuskegee_university,tuskegee_university__61,sustainability_and_policy-4
tuskegee_university,tuskegee_university__62,engineering_capabilities-2
tuskegee_university,tuskegee_university__63,technical_skills-1
tuskegee_university,tuskegee_university__64,technical_skills-1
tuskegee_university,tuskegee_university__65,technical_skills-1
tuskegee_university,tuskegee_university__66,technical_skills-1
tuskegee_university,tuskegee_university__67,technical_skills-1
tuskegee_university,tuskegee_university__68,technical_skills-1
tuskegee_university,tuskegee_university__69,technical_skills-1
tuskegee_university,tuskegee_university__69,delivery_and_storage-3
tuskegee_university,tuskegee_university__70,technical_skills-1
tuskegee_university,tuskegee_university__71,technical_skills-1
tuskegee_university,tuskegee_university__72,engineering_capabilities-2
tuskegee_university,tuskegee_university__73,technical_skills-1
tuskegee_university,tuskegee_university__74,technical_skills-1
tuskegee_university,tuskegee_university__75,engineering_capabilities-2
tuskegee_university,tuskegee_university__76,sustainability_and_policy-4
tuskegee_university,tuskegee_university__77,engineering_capabilities-2
tuskegee_university,tuskegee_university__78,engineering_capabilities-2
tuskegee_university,tuskegee_university__79,delivery_and_storage-3
tuskegee_university,tuskegee_university__80,delivery_and_storage-3
tuskegee_university,tuskegee_university__81,technical_skills-1
tuskegee_university,tuskegee_university__82,sustainability_and_policy-4
tuskegee_university,tuskegee_university__83,technical_skills-1
tuskegee_university,tuskegee_university__84,technical_skills-1
tuskegee_university,tuskegee_university__85,technical_skills-1
tuskegee_university,tuskegee_university__86,engineering_capabilities-2
tuskegee_university,tuskegee_university__87,engineering_capabilities-2
tuskegee_university,tuskegee_university__87,delivery_and_storage-3
tuskegee_university,tuskegee_university__88,engineering_capabilities-2
tuskegee_university,tuskegee_university__89,sustainability_and_policy-4
tuskegee_university,tuskegee_university__90,engineering_capabilities-2
tuskegee_university,tuskegee_university__91,technical_skills-1
tuskegee_university,tuskegee_university__92,engineering_capabilities-2
tuskegee_university,tuskegee_university__93,engineering_capabilities-2
tuskegee_university,tuskegee_university__94,engineering_capabilities-2
tuskegee_university,tuskegee_university__95,engineering_capabilities-2
tuskegee_university,tuskegee_university__96,engineering_capabilities-2
tuskegee_university,tuskegee_university__97,engineering_capabilities-2
tuskegee_university,tuskegee_university__98,engineering_capabilities-2
tuskegee_university,tuskegee_university__99,engineering_capabilities-2
tuskegee_university,tuskegee_university__100,engineering_capabilities-2
tuskegee_university,tuskegee_university__101,engineering_capabilities-2
tuskegee_university,tuskegee_university__102,engineering_capabilities-2
tuskegee_university,tuskegee_university__103,technical_skills-1
tuskegee_university,tuskegee_university__104,sustainability_and_policy-4
tuskegee_university,tuskegee_university__105,technical_skills-1
tuskegee_university,tuskegee_university__106,production-3
tuskegee_university,tuskegee_university__107,technical_skills-1
tuskegee_university,tuskegee_university__108,engineering_capabilities-2
tuskegee_university,tuskegee_university__109,technical_skills-1
tuskegee_university,tuskegee_university__110,engineering_capabilities-2
tuskegee_university,tuskegee_university__111,engineering_capabilities-2
tuskegee_university,tuskegee_university__112,delivery_and_storage-3
university_of_florida,university_of_florida__0,engineering_capabilities-2
university_of_florida,university_of_florida__1,engineering_capabilities-2
university_of_florida,university_of_florida__2,engineering_capabilities-2
university_of_florida,university_of_florida__3,engineering_capabilities-2
university_of_florida,university_of_florida__4,engineering_capabilities-2
university_of_florida,university_of_florida__5,engineering_capabilities-2
university_of_florida,university_of_florida__6,engineering_capabilities-2
university_of_florida,university_of_florida__7,production-3
university_of_florida,university_of_florida__8,engineering_capabilities-2
university_of_florida,university_of_florida__9,production-3
university_of_florida,university_of_florida__10,engineering_capabilities-2
university_of_florida,university_of_florida__11,engineering_capabilities-2
university_of_florida,university_of_florida__12,sustainability_and_policy-4
university_of_florida,university_of_florida__13,technical_skills-1
university_of_florida,university_of_florida__14,technical_skills-1
university_of_florida,university_of_florida__14,engineering_capabilities-2
university_of_florida,university_of_florida__15,technical_skills-1
university_of_florida,university_of_florida__16,production-3
university_of_florida,university_of_florida__17,production-3
university_of_florida,university_of_florida__18,sustainability_and_policy-4
university_of_florida,university_of_florida__19,sustainability_and_policy-4
university_of_florida,university_of_florida__20,engineering_capabilities-2
university_of_florida,university_of_florida__21,technical_skills-1
university_of_florida,university_of_florida__21,engineering_capabilities-2
university_of_florida,university_of_florida__22,engineering_capabilities-2
university_of_florida,university_of_florida__23,engineering_capabilities-2
university_of_florida,university_of_florida__24,engineering_capabilities-2
university_of_florida,university_of_florida__25,engineering_capabilities-2
university_of_florida,university_of_florida__26,engineering_capabilities-2
university_of_florida,university_of_florida__27,technical_skills-1
university_of_florida,university_of_florida__28,technical_skills-1
university_of_florida,university_of_florida__29,sustainability_and_policy-4
university_of_florida,university_of_florida__30,engineering_capabilities-2
university_of_florida,university_of_florida__31,technical_skills-1
university_of_florida,university_of_florida__31,engineering_capabilities-2
university_of_florida,university_of_florida__32,sustainability_and_policy-4
university_of_florida,university_of_florida__33,sustainability_and_policy-4
university_of_florida,university_of_florida__34,technical_skills-1
university_of_florida,university_of_florida__35,technical_skills-1
university_of_florida,university_of_florida__36,technical_skills-1
university_of_florida,university_of_florida__37,sustainability_and_policy-4
university_of_florida,university_of_florida__38,production-3
university_of_florida,university_of_florida__39,technical_skills-1
university_of_florida,university_of_florida__40,engineering_capabilities-2
university_of_florida,university_of_florida__41,production-3
university_of_florida,university_of_florida__42,sustainability_and_policy-4
university_of_florida,university_of_florida__43,engineering_capabilities-2
university_of_florida,university_of_florida__44,engineering_capabilities-2
university_of_florida,university_of_florida__45,technical_skills-1
university_of_florida,university_of_florida__46,technical_skills-1
university_of_florida,university_of_florida__47,technical_skills-1
university_of_florida,university_of_florida__48,delivery_and_storage-3
university_of_florida,university_of_florida__48,technical_skills-1
university_of_florida,university_of_florida__49,engineering_capabilities-2
university_of_florida,university_of_florida__50,engineering_capabilities-2
university_of_florida,university_of_florida__51,sustainability_and_policy-4
university_of_florida,university_of_florida__52,sustainability_and_policy-4
university_of_florida,university_of_florida__53,technical_skills-1
university_of_florida,university_of_florida__54,sustainability_and_policy-4
university_of_florida,university_of_florida__55,engineering_capabilities-2
university_of_florida,university_of_florida__56,sustainability_and_policy-4
university_of_florida,university_of_florida__57,technical_skills-1
university_of_florida,university_of_florida__58,sustainability_and_policy-4
university_of_florida,university_of_florida__59,technical_skills-1
university_of_florida,university_of_florida__60,technical_skills-1
university_of_florida,university_of_florida__61,technical_skills-1
university_of_florida,university_of_florida__62,sustainability_and_policy-4
university_of_florida,university_of_florida__63,technical_skills-1
university_of_florida,university_of_florida__64,technical_skills-1
university_of_florida,university_of_florida__65,sustainability_and_policy-4
university_of_florida,university_of_florida__66,use-3
university_of_florida,university_of_florida__67,engineering_capabilities-2
university_of_florida,university_of_florida__68,technical_skills-1
university_of_florida,university_of_florida__69,delivery_and_storage-3
university_of_florida,university_of_florida__70,technical_skills-1
university_of_florida,university_of_florida__71,production-3
university_of_florida,university_of_florida__72,technical_skills-1
university_of_florida,university_of_florida__73,technical_skills-1
university_of_florida,university_of_florida__74,technical_skills-1
university_of_florida,university_of_florida__75,technical_skills-1
university_of_florida,university_of_florida__76,engineering_capabilities-2
university_of_florida,university_of_florida__77,engineering_capabilities-2
university_of_florida,university_of_florida__78,engineering_capabilities-2
university_of_florida,university_of_florida__79,technical_skills-1
university_of_florida,university_of_florida__80,engineering_capabilities-2
university_of_florida,university_of_florida__81,technical_skills-1
university_of_florida,university_of_florida__82,use-3
university_of_florida,university_of_florida__82,hydrogen_phrases-5
university_of_florida,university_of_florida__82,engineering_capabilities-2
university_of_florida,university_of_florida__83,technical_skills-1
university_of_florida,university_of_florida__84,technical_skills-1
university_of_florida,university_of_florida__85,technical_skills-1
university_of_florida,university_of_florida__86,sustainability_and_policy-4
university_of_florida,university_of_florida__87,sustainability_and_policy-4
university_of_florida,university_of_florida__88,technical_skills-1
university_of_florida,university_of_florida__89,technical_skills-1
university_of_florida,university_of_florida__89,use-3
university_of_florida,university_of_florida__89,engineering_capabilities-2
university_of_florida,university_of_florida__90,engineering_capabilities-2
university_of_florida,university_of_florida__91,sustainability_and_policy-4
university_of_florida,university_of_florida__92,engineering_capabilities-2
university_of_florida,university_of_florida__93,production-3
university_of_florida,university_of_florida__94,engineering_capabilities-2
university_of_florida,university_of_florida__95,engineering_capabilities-2
university_of_florida,university_of_florida__96,engineering_capabilities-2
university_of_florida,university_of_florida__97,engineering_capabilities-2
university_of_florida,university_of_florida__98,engineering_capabilities-2
university_of_florida,university_of_florida__99,engineering_capabilities-2
university_of_florida,university_of_florida__100,engineering_capabilities-2
university_of_florida,university_of_florida__101,delivery_and_storage-3
university_of_florida,university_of_florida__102,engineering_capabilities-2
university_of_florida,university_of_florida__103,sustainability_and_policy-4
university_of_florida,university_of_florida__104,sustainability_and_policy-4
university_of_florida,university_of_florida__105,sustainability_and_policy-4
university_of_florida,university_of_florida__106,technical_skills-1
university_of_florida,university_of_florida__106,engineering_capabilities-2
university_of_florida,university_of_florida__107,engineering_capabilities-2
university_of_florida,university_of_florida__108,sustainability_and_policy-4
university_of_florida,university_of_florida__109,technical_skills-1
university_of_florida,university_of_florida__110,technical_skills-1
university_of_florida,university_of_florida__111,technical_skills-1
university_of_florida,university_of_florida__112,sustainability_and_policy-4
university_of_florida,university_of_florida__113,sustainability_and_policy-4
university_of_florida,university_of_florida__114,technical_skills-1
university_of_florida,university_of_florida__114,engineering_capabilities-2
university_of_florida,university_of_florida__115,technical_skills-1
university_of_florida,university_of_florida__116,technical_skills-1
university_of_florida,university_of_florida__117,sustainability_and_policy-4
university_of_florida,university_of_florida__118,technical_skills-1
university_of_florida,university_of_florida__119,technical_skills-1
university_of_florida,university_of_florida__120,engineering_capabilities-2
university_of_florida,university_of_florida__121,technical_skills-1
university_of_florida,university_of_florida__122,technical_skills-1
university_of_florida,university_of_florida__123,sustainability_and_policy-4
university_of_florida,university_of_florida__124,technical_skills-1
university_of_florida,university_of_florida__125,engineering_capabilities-2
university_of_florida,university_of_florida__126,technical_skills-1
university_of_florida,university_of_florida__127,production-3
university_of_florida,university_of_florida__128,engineering_capabilities-2
university_of_florida,university_of_florida__129,engineering_capabilities-2
university_of_florida,university_of_florida__130,engineering_capabilities-2
university_of_florida,university_of_florida__131,technical_skills-1
university_of_florida,university_of_florida__132,sustainability_and_policy-4
university_of_florida,university_of_florida__133,delivery_and_storage-3
university_of_florida,university_of_florida__134,engineering_capabilities-2
university_of_florida,university_of_florida__135,production-3
university_of_florida,university_of_florida__136,sustainability_and_policy-4
university_of_florida,university_of_florida__137,delivery_and_storage-3
university_of_florida,university_of_florida__138,delivery_and_storage-3
university_of_florida,university_of_florida__139,engineering_capabilities-2
university_of_florida,university_of_florida__140,engineering_capabilities-2
university_of_florida,university_of_florida__141,engineering_capabilities-2
university_of_florida,university_of_florida__142,sustainability_and_policy-4
university_of_florida,university_of_florida__143,delivery_and_storage-3
university_of_florida,university_of_florida__144,engineering_capabilities-2
university_of_florida,university_of_florida__145,sustainability_and_policy-4
university_of_florida,university_of_florida__146,sustainability_and_policy-4
university_of_florida,university_of_florida__147,engineering_capabilities-2
university_of_florida,university_of_florida__148,engineering_capabilities-2
university_of_florida,university_of_florida__149,engineering_capabilities-2
university_of_florida,university_of_florida__150,sustainability_and_policy-4
university_of_florida,university_of_florida__151,engineering_capabilities-2
university_of_florida,university_of_florida__152,technical_skills-1
university_of_florida,university_of_florida__152,engineering_capabilities-2
university_of_florida,university_of_florida__153,engineering_capabilities-2
university_of_florida,university_of_florida__154,technical_skills-1
university_of_florida,university_of_florida__155,engineering_capabilities-2
university_of_florida,university_of_florida__156,delivery_and_storage-3
university_of_florida,university_of_florida__157,engineering_capabilities-2
university_of_florida,university_of_florida__158,engineering_capabilities-2
university_of_florida,university_of_florida__159,delivery_and_storage-3
university_of_florida,university_of_florida__160,engineering_capabilities-2
university_of_florida,university_of_florida__161,sustainability_and_policy-4
university_of_florida,university_of_florida__162,sustainability_and_policy-4
university_of_florida,university_of_florida__163,sustainability_and_policy-4
university_of_florida,university_of_florida__164,engineering_capabilities-2
university_of_florida,university_of_florida__165,use-3
university_of_florida,university_of_florida__166,technical_skills-1
university_of_florida,university_of_florida__167,technical_skills-1
university_of_florida,university_of_florida__168,technical_skills-1
university_of_florida,university_of_florida__169,engineering_capabilities-2
university_of_florida,university_of_florida__170,engineering_capabilities-2
university_of_florida,university_of_florida__171,sustainability_and_policy-4
university_of_florida,university_of_florida__172,technical_skills-1
university_of_florida,university_of_florida__173,sustainability_and_policy-4
university_of_florida,university_of_florida__174,engineering_capabilities-2
university_of_florida,university_of_florida__175,technical_skills-1
university_of_florida,university_of_florida__176,technical_skills-1
university_of_florida,university_of_florida__177,technical_skills-1
university_of_florida,university_of_florida__178,technical_skills-1
university_of_florida,university_of_florida__179,technical_skills-1
university_of_florida,university_of_florida__180,engineering_capabilities-2
university_of_houston,university_of_houston__0,sustainability_and_policy-4
university_of_houston,university_of_houston__1,engineering_capabilities-2
university_of_houston,university_of_houston__2,engineering_capabilities-2
university_of_houston,university_of_houston__3,sustainability_and_policy-4
university_of_houston,university_of_houston__4,engineering_capabilities-2
university_of_houston,university_of_houston__5,technical_skills-1
university_of_houston,university_of_houston__6,engineering_capabilities-2
university_of_houston,university_of_houston__7,engineering_capabilities-2
university_of_houston,university_of_houston__8,engineering_capabilities-2
university_of_houston,university_of_houston__9,technical_skills-1
university_of_houston,university_of_houston__10,sustainability_and_policy-4
university_of_houston,university_of_houston__10,technical_skills-1
university_of_houston,university_of_houston__11,engineering_capabilities-2
university_of_houston,university_of_houston__12,engineering_capabilities-2
university_of_houston,university_of_houston__13,engineering_capabilities-2
university_of_houston,university_of_houston__14,engineering_capabilities-2
university_of_houston,university_of_houston__15,technical_skills-1
university_of_houston,university_of_houston__16,technical_skills-1
university_of_houston,university_of_houston__17,technical_skills-1
university_of_houston,university_of_houston__18,engineering_capabilities-2
university_of_houston,university_of_houston__19,technical_skills-1
university_of_houston,university_of_houston__20,engineering_capabilities-2
university_of_houston,university_of_houston__21,technical_skills-1
university_of_houston,university_of_houston__22,technical_skills-1
university_of_houston,university_of_houston__23,technical_skills-1
university_of_houston,university_of_houston__24,technical_skills-1
university_of_houston,university_of_houston__25,engineering_capabilities-2
university_of_houston,university_of_houston__26,technical_skills-1
university_of_houston,university_of_houston__27,technical_skills-1
university_of_houston,university_of_houston__28,technical_skills-1
university_of_houston,university_of_houston__29,sustainability_and_policy-4
university_of_houston,university_of_houston__30,sustainability_and_policy-4
university_of_houston,university_of_houston__30,use-3
university_of_houston,university_of_houston__31,technical_skills-1
university_of_houston,university_of_houston__32,engineering_capabilities-2
university_of_houston,university_of_houston__33,technical_skills-1
university_of_houston,university_of_houston__34,engineering_capabilities-2
university_of_houston,university_of_houston__35,technical_skills-1
university_of_houston,university_of_houston__36,technical_skills-1
university_of_houston,university_of_houston__37,sustainability_and_policy-4
university_of_houston,university_of_houston__38,sustainability_and_policy-4
university_of_houston,university_of_houston__39,clean_energy_markets-4
university_of_houston,university_of_houston__40,sustainability_and_policy-4
university_of_houston,university_of_houston__41,sustainability_and_policy-4
university_of_houston,university_of_houston__42,sustainability_and_policy-4
university_of_houston,university_of_houston__43,sustainability_and_policy-4
university_of_houston,university_of_houston__44,sustainability_and_policy-4
university_of_houston,university_of_houston__45,use-3
university_of_houston,university_of_houston__46,production-3
university_of_houston,university_of_houston__47,technical_skills-1
university_of_houston,university_of_houston__48,use-3
university_of_houston,university_of_houston__49,technical_skills-1
university_of_houston,university_of_houston__50,engineering_capabilities-2
university_of_houston,university_of_houston__51,engineering_capabilities-2
university_of_houston,university_of_houston__52,technical_skills-1
university_of_houston,university_of_houston__53,technical_skills-1
university_of_houston,university_of_houston__54,technical_skills-1
university_of_houston,university_of_houston__55,engineering_capabilities-2
university_of_houston,university_of_houston__56,engineering_capabilities-2
university_of_houston,university_of_houston__57,technical_skills-1
university_of_houston,university_of_houston__58,sustainability_and_policy-4
university_of_houston,university_of_houston__59,technical_skills-1
university_of_houston,university_of_houston__60,engineering_capabilities-2
university_of_houston,university_of_houston__61,engineering_capabilities-2
university_of_houston,university_of_houston__62,engineering_capabilities-2
university_of_houston,university_of_houston__63,sustainability_and_policy-4
university_of_houston,university_of_houston__64,production-3
university_of_houston,university_of_houston__65,sustainability_and_policy-4
university_of_houston,university_of_houston__66,technical_skills-1
university_of_houston,university_of_houston__67,engineering_capabilities-2
university_of_houston,university_of_houston__68,sustainability_and_policy-4
university_of_houston,university_of_houston__69,technical_skills-1
university_of_houston,university_of_houston__70,sustainability_and_policy-4
university_of_houston,university_of_houston__71,sustainability_and_policy-4
university_of_houston,university_of_houston__72,technical_skills-1
university_of_houston,university_of_houston__73,clean_energy_markets-4
university_of_houston,university_of_houston__74,sustainability_and_policy-4
university_of_houston,university_of_houston__75,sustainability_and_policy-4
university_of_houston,university_of_houston__76,sustainability_and_policy-4
university_of_houston,university_of_houston__77,sustainability_and_policy-4
university_of_houston,university_of_houston__78,sustainability_and_policy-4
university_of_houston,university_of_houston__79,sustainability_and_policy-4
university_of_houston,university_of_houston__80,delivery_and_storage-3
university_of_houston,university_of_houston__81,engineering_capabilities-2
university_of_houston,university_of_houston__82,production-3
university_of_houston,university_of_houston__83,engineering_capabilities-2
university_of_houston,university_of_houston__84,use-3
university_of_houston,university_of_houston__85,sustainability_and_policy-4
university_of_houston,university_of_houston__85,use-3
university_of_houston,university_of_houston__86,technical_skills-1
university_of_houston,university_of_houston__87,technical_skills-1
university_of_houston,university_of_houston__88,technical_skills-1
university_of_houston,university_of_houston__88,delivery_and_storage-3
university_of_houston,university_of_houston__89,delivery_and_storage-3
university_of_houston,university_of_houston__90,technical_skills-1
university_of_houston,university_of_houston__91,sustainability_and_policy-4
university_of_houston,university_of_houston__91,use-3
university_of_houston,university_of_houston__92,production-3
university_of_houston,university_of_houston__93,technical_skills-1
university_of_houston,university_of_houston__94,sustainability_and_policy-4
university_of_houston,university_of_houston__95,engineering_capabilities-2
university_of_houston,university_of_houston__96,engineering_capabilities-2
university_of_houston,university_of_houston__97,engineering_capabilities-2
university_of_houston,university_of_houston__98,engineering_capabilities-2
university_of_houston,university_of_houston__99,engineering_capabilities-2
university_of_houston,university_of_houston__100,engineering_capabilities-2
university_of_houston,university_of_houston__101,engineering_capabilities-2
university_of_houston,university_of_houston__102,sustainability_and_policy-4
university_of_houston,university_of_houston__103,technical_skills-1
university_of_houston,university_of_houston__104,engineering_capabilities-2
university_of_houston,university_of_houston__105,clean_energy_markets-4
university_of_houston,university_of_houston__106,sustainability_and_policy-4
university_of_houston,university_of_houston__107,technical_skills-1
university_of_houston,university_of_houston__108,engineering_capabilities-2
university_of_houston,university_of_houston__109,technical_skills-1
university_of_houston,university_of_houston__110,engineering_capabilities-2
university_of_houston,university_of_houston__111,delivery_and_storage-3
university_of_houston,university_of_houston__112,engineering_capabilities-2
university_of_houston,university_of_houston__113,engineering_capabilities-2
university_of_houston,university_of_houston__114,engineering_capabilities-2
university_of_houston,university_of_houston__115,engineering_capabilities-2
university_of_houston,university_of_houston__116,engineering_capabilities-2
university_of_houston,university_of_houston__117,technical_skills-1
university_of_houston,university_of_houston__118,technical_skills-1
university_of_houston,university_of_houston__119,technical_skills-1
university_of_houston,university_of_houston__120,engineering_capabilities-2
university_of_houston,university_of_houston__121,production-3
university_of_houston,university_of_houston__122,production-3
university_of_houston,university_of_houston__123,production-3
university_of_houston,university_of_houston__124,production-3
university_of_houston,university_of_houston__125,production-3
university_of_houston,university_of_houston__126,hydrogen_phrases-5
university_of_houston,university_of_houston__126,use-3
university_of_houston,university_of_houston__127,production-3
university_of_houston,university_of_houston__128,engineering_capabilities-2
university_of_houston,university_of_houston__129,engineering_capabilities-2
university_of_houston,university_of_houston__129,technical_skills-1
university_of_houston,university_of_houston__130,sustainability_and_policy-4
university_of_houston,university_of_houston__131,production-3
university_of_houston,university_of_houston__132,technical_skills-1
university_of_houston,university_of_houston__133,engineering_capabilities-2
university_of_houston,university_of_houston__134,engineering_capabilities-2
university_of_houston,university_of_houston__135,engineering_capabilities-2
university_of_houston,university_of_houston__136,engineering_capabilities-2
university_of_houston,university_of_houston__137,engineering_capabilities-2
university_of_houston,university_of_houston__138,engineering_capabilities-2
university_of_houston,university_of_houston__138,technical_skills-1
university_of_houston,university_of_houston__139,engineering_capabilities-2
university_of_houston,university_of_houston__140,engineering_capabilities-2
university_of_houston,university_of_houston__141,engineering_capabilities-2
university_of_houston,university_of_houston__141,technical_skills-1
university_of_houston,university_of_houston__142,engineering_capabilities-2
university_of_houston,university_of_houston__143,engineering_capabilities-2
university_of_houston,university_of_houston__144,engineering_capabilities-2
university_of_houston,university_of_houston__145,engineering_capabilities-2
university_of_houston,university_of_houston__146,delivery_and_storage-3
western_michigan_university,western_michigan_university__0,sustainability_and_policy-4
western_michigan_university,western_michigan_university__1,engineering_capabilities-2
western_michigan_university,western_michigan_university__2,sustainability_and_policy-4
western_michigan_university,western_michigan_university__2,use-3
western_michigan_university,western_michigan_university__3,use-3
western_michigan_university,western_michigan_university__3,engineering_capabilities-2
western_michigan_university,western_michigan_university__4,technical_skills-1
western_michigan_university,western_michigan_university__5,engineering_capabilities-2
western_michigan_university,western_michigan_university__6,sustainability_and_policy-4
western_michigan_university,western_michigan_university__7,sustainability_and_policy-4
western_michigan_university,western_michigan_university__8,sustainability_and_policy-4
western_michigan_university,western_michigan_university__9,technical_skills-1
western_michigan_university,western_michigan_university__10,engineering_capabilities-2
western_michigan_university,western_michigan_university__11,engineering_capabilities-2
western_michigan_university,western_michigan_university__12,sustainability_and_policy-4
western_michigan_university,western_michigan_university__12,engineering_capabilities-2
western_michigan_university,western_michigan_university__13,sustainability_and_policy-4
western_michigan_university,western_michigan_university__14,sustainability_and_policy-4
western_michigan_university,western_michigan_university__15,sustainability_and_policy-4
western_michigan_university,western_michigan_university__16,sustainability_and_policy-4
western_michigan_university,western_michigan_university__17,sustainability_and_policy-4
western_michigan_university,western_michigan_university__17,engineering_capabilities-2
western_michigan_university,western_michigan_university__18,technical_skills-1
western_michigan_university,western_michigan_university__19,production-3
western_michigan_university,western_michigan_university__20,sustainability_and_policy-4
western_michigan_university,western_michigan_university__21,engineering_capabilities-2
western_michigan_university,western_michigan_university__21,technical_skills-1
western_michigan_university,western_michigan_university__22,engineering_capabilities-2
western_michigan_university,western_michigan_university__23,engineering_capabilities-2
western_michigan_university,western_michigan_university__24,engineering_capabilities-2
western_michigan_university,western_michigan_university__24,technical_skills-1
western_michigan_university,western_michigan_university__25,engineering_capabilities-2
western_michigan_university,western_michigan_university__26,engineering_capabilities-2
western_michigan_university,western_michigan_university__27,engineering_capabilities-2
western_michigan_university,western_michigan_university__28,engineering_capabilities-2
western_michigan_university,western_michigan_university__29,engineering_capabilities-2
western_michigan_university,western_michigan_university__29,technical_skills-1
western_michigan_university,western_michigan_university__30,engineering_capabilities-2
western_michigan_university,western_michigan_university__31,sustainability_and_policy-4
western_michigan_university,western_michigan_university__32,engineering_capabilities-2
western_michigan_university,western_michigan_university__33,engineering_capabilities-2
western_michigan_university,western_michigan_university__33,technical_skills-1
western_michigan_university,western_michigan_university__34,sustainability_and_policy-4
western_michigan_university,western_michigan_university__35,production-3
western_michigan_university,western_michigan_university__36,sustainability_and_policy-4
western_michigan_university,western_michigan_university__37,delivery_and_storage-3
western_michigan_university,western_michigan_university__38,sustainability_and_policy-4
western_michigan_university,western_michigan_university__39,engineering_capabilities-2
western_michigan_university,western_michigan_university__40,use-3
western_michigan_university,western_michigan_university__41,use-3
western_michigan_university,western_michigan_university__42,technical_skills-1
western_michigan_university,western_michigan_university__43,technical_skills-1
western_michigan_university,western_michigan_university__44,delivery_and_storage-3
western_michigan_university,western_michigan_university__45,engineering_capabilities-2
western_michigan_university,western_michigan_university__46,technical_skills-1
western_michigan_university,western_michigan_university__47,technical_skills-1
western_michigan_university,western_michigan_university__48,technical_skills-1
western_michigan_university,western_michigan_university__49,use-3
western_michigan_university,western_michigan_university__50,use-3
western_michigan_university,western_michigan_university__51,engineering_capabilities-2
western_michigan_university,western_michigan_university__52,technical_skills-1
western_michigan_university,western_michigan_university__53,engineering_capabilities-2
western_michigan_university,western_michigan_university__54,sustainability_and_policy-4
western_michigan_university,western_michigan_university__54,engineering_capabilities-2
western_michigan_university,western_michigan_university__55,engineering_capabilities-2
western_michigan_university,western_michigan_university__56,engineering_capabilities-2
western_michigan_university,western_michigan_university__57,engineering_capabilities-2
western_michigan_university,western_michigan_university__58,sustainability_and_policy-4
western_michigan_university,western_michigan_university__59,engineering_capabilities-2
western_michigan_university,western_michigan_university__60,engineering_capabilities-2
western_michigan_university,western_michigan_university__61,sustainability_and_policy-4
western_michigan_university,western_michigan_university__62,sustainability_and_policy-4
western_michigan_university,western_michigan_university__63,engineering_capabilities-2
western_michigan_university,western_michigan_university__64,technical_skills-1
western_michigan_university,western_michigan_university__65,engineering_capabilities-2
western_michigan_university,western_michigan_university__66,sustainability_and_policy-4
western_michigan_university,western_michigan_university__66,technical_skills-1
western_michigan_university,western_michigan_university__67,technical_skills-1
western_michigan_university,western_michigan_university__68,delivery_and_storage-3
western_michigan_university,western_michigan_university__69,technical_skills-1
western_michigan_university,western_michigan_university__70,technical_skills-1
western_michigan_university,western_michigan_university__71,technical_skills-1
western_michigan_university,western_michigan_university__72,technical_skills-1
western_michigan_university,western_michigan_university__73,use-3
western_michigan_university,western_michigan_university__74,technical_skills-1
western_michigan_university,western_michigan_university__75,use-3
western_michigan_university,western_michigan_university__75,engineering_capabilities-2
western_michigan_university,western_michigan_university__76,engineering_capabilities-2
western_michigan_university,western_michigan_university__77,technical_skills-1
western_michigan_university,western_michigan_university__78,engineering_capabilities-2
western_michigan_university,western_michigan_university__79,production-3
western_michigan_university,western_michigan_university__80,engineering_capabilities-2
western_michigan_university,western_michigan_university__81,engineering_capabilities-2
western_michigan_university,western_michigan_university__82,sustainability_and_policy-4
western_michigan_university,western_michigan_university__83,sustainability_and_policy-4
western_michigan_university,western_michigan_university__84,sustainability_and_policy-4
western_michigan_university,western_michigan_university__85,sustainability_and_policy-4
western_michigan_university,western_michigan_university__86,sustainability_and_policy-4
western_michigan_university,western_michigan_university__87,sustainability_and_policy-4
western_michigan_university,western_michigan_university__88,sustainability_and_policy-4
western_michigan_university,western_michigan_university__89,sustainability_and_policy-4
western_michigan_university,western_michigan_university__90,sustainability_and_policy-4
western_michigan_university,western_michigan_university__91,sustainability_and_policy-4
western_michigan_university,western_michigan_university__92,sustainability_and_policy-4
western_michigan_university,western_michigan_university__93,technical_skills-1
western_michigan_university,western_michigan_university__94,sustainability_and_policy-4
western_michigan_university,western_michigan_university__95,sustainability_and_policy-4
western_michigan_university,western_michigan_university__96,technical_skills-1
western_michigan_university,western_michigan_university__97,sustainability_and_policy-4
western_michigan_university,western_michigan_university__98,hydrogen_phrases-5
western_michigan_university,western_michigan_university__99,sustainability_and_policy-4
western_michigan_university,western_michigan_university__100,technical_skills-1
western_michigan_university,western_michigan_university__101,engineering_capabilities-2
western_michigan_university,western_michigan_university__102,sustainability_and_policy-4
western_michigan_university,western_michigan_university__103,engineering_capabilities-2
western_michigan_university,western_michigan_university__104,technical_skills-1
western_michigan_university,western_michigan_university__105,sustainability_and_policy-4
western_michigan_university,western_michigan_university__106,sustainability_and_policy-4
western_michigan_university,western_michigan_university__107,sustainability_and_policy-4
western_michigan_university,western_michigan_university__108,sustainability_and_policy-4
western_michigan_university,western_michigan_university__108,technical_skills-1
western_michigan_university,western_michigan_university__109,sustainability_and_policy-4
western_michigan_university,western_michigan_university__110,sustainability_and_policy-4
western_michigan_university,western_michigan_university__110,engineering_capabilities-2
western_michigan_university,western_michigan_university__111,sustainability_and_policy-4
western_michigan_university,western_michigan_university__112,sustainability_and_policy-4
western_michigan_university,western_michigan_university__112,engineering_capabilities-2
western_michigan_university,western_michigan_university__113,sustainability_and_policy-4
western_michigan_university,western_michigan_university__114,sustainability_and_policy-4
western_michigan_university,western_michigan_university__115,sustainability_and_policy-4
western_michigan_university,western_michigan_university__116,sustainability_and_policy-4
western_michigan_university,western_michigan_university__117,sustainability_and_policy-4
western_michigan_university,western_michigan_university__118,sustainability_and_policy-4
western_michigan_university,western_michigan_university__119,engineering_capabilities-2
western_michigan_university,western_michigan_university__120,technical_skills-1
western_michigan_university,western_michigan_university__121,sustainability_and_policy-4
western_michigan_university,western_michigan_university__122,delivery_and_storage-3
western_michigan_university,western_michigan_university__123,technical_skills-1
western_michigan_university,western_michigan_university__124,technical_skills-1
western_michigan_university,western_michigan_university__125,engineering_capabilities-2
western_michigan_university,western_michigan_university__126,delivery_and_storage-3
western_michigan_university,western_michigan_university__127,sustainability_and_policy-4
western_michigan_university,western_michigan_university__128,engineering_capabilities-2
western_michigan_university,western_michigan_university__129,technical_skills-1
western_michigan_university,western_michigan_university__130,technical_skills-1
western_michigan_university,western_michigan_university__131,technical_skills-1
western_michigan_university,western_michigan_university__132,sustainability_and_policy-4
western_michigan_university,western_michigan_university__133,sustainability_and_policy-4
western_michigan_university,western_michigan_university__134,clean_energy_markets-4
western_michigan_university,western_michigan_university__135,sustainability_and_policy-4
western_michigan_university,western_michigan_university__136,technical_skills-1
western_michigan_university,western_michigan_university__137,technical_skills-1
western_michigan_university,western_michigan_university__138,engineering_capabilities-2
western_michigan_university,western_michigan_university__138,technical_skills-1
western_michigan_university,western_michigan_university__139,technical_skills-1
western_michigan_university,western_michigan_university__140,sustainability_and_policy-4
western_michigan_university,western_michigan_university__141,engineering_capabilities-2
western_michigan_university,western_michigan_university__142,technical_skills-1
western_michigan_university,western_michigan_university__143,engineering_capabilities-2
western_michigan_university,western_michigan_university__144,use-3
western_michigan_university,western_michigan_university__144,engineering_capabilities-2
western_michigan_university,western_michigan_university__144,technical_skills-1
western_michigan_university,western_michigan_university__145,engineering_capabilities-2
western_michigan_university,western_michigan_university__146,engineering_capabilities-2
western_michigan_university,western_michigan_university__147,technical_skills-1
western_michigan_university,western_michigan_university__148,engineering_capabilities-2
western_michigan_university,western_michigan_university__149,technical_skills-1
western_michigan_university,western_michigan_university__150,engineering_capabilities-2
western_michigan_university,western_michigan_university__151,technical_skills-1
western_michigan_university,western_michigan_university__152,sustainability_and_policy-4
western_michigan_university,western_michigan_university__153,technical_skills-1
western_michigan_university,western_michigan_university__154,hydrogen_phrases-5
western_michigan_university,western_michigan_university__154,use-3
western_michigan_university,western_michigan_university__154,engineering_capabilities-2
western_michigan_university,western_michigan_university__155,technical_skills-1
western_michigan_university,western_michigan_university__156,technical_skills-1
western_michigan_university,western_michigan_university__157,technical_skills-1
western_michigan_university,western_michigan_university__158,engineering_capabilities-2
western_michigan_university,western_michigan_university__159,sustainability_and_policy-4
western_michigan_university,western_michigan_university__160,engineering_capabilities-2
western_michigan_university,western_michigan_university__161,technical_skills-1
western_michigan_university,western_michigan_university__162,engineering_capabilities-2
western_michigan_university,western_michigan_university__163,engineering_capabilities-2
western_michigan_university,western_michigan_university__164,sustainability_and_policy-4
western_michigan_university,western_michigan_university__165,sustainability_and_policy-4
western_michigan_university,western_michigan_university__166,sustainability_and_policy-4
western_michigan_university,western_michigan_university__167,sustainability_and_policy-4
western_michigan_university,western_michigan_university__168,sustainability_and_policy-4
western_michigan_university,western_michigan_university__169,hydrogen_phrases-5
western_michigan_university,western_michigan_university__170,technical_skills-1
western_michigan_university,western_michigan_university__171,sustainability_and_policy-4
western_michigan_university,western_michigan_university__172,sustainability_and_policy-4
western_michigan_university,western_michigan_university__173,sustainability_and_policy-4
western_michigan_university,western_michigan_university__174,sustainability_and_policy-4
western_michigan_university,western_michigan_university__175,sustainability_and_policy-4
western_michigan_university,western_michigan_university__176,sustainability_and_policy-4
western_michigan_university,western_michigan_university__177,technical_skills-1
western_michigan_university,western_michigan_university__178,engineering_capabilities-2
western_michigan_university,western_michigan_university__179,sustainability_and_policy-4
western_michigan_university,western_michigan_university__180,sustainability_and_policy-4
western_michigan_university,western_michigan_university__181,sustainability_and_policy-4
western_michigan_university,western_michigan_university__182,sustainability_and_policy-4
western_michigan_university,western_michigan_university__183,sustainability_and_policy-4
western_michigan_university,western_michigan_university__184,sustainability_and_policy-4
western_michigan_university,western_michigan_university__185,sustainability_and_policy-4
western_michigan_university,western_michigan_university__186,engineering_capabilities-2
western_michigan_university,western_michigan_university__187,engineering_capabilities-2
western_michigan_university,western_michigan_university__188,engineering_capabilities-2
western_michigan_university,western_michigan_university__189,sustainability_and_policy-4
western_michigan_university,western_michigan_university__190,sustainability_and_policy-4
western_michigan_university,western_michigan_university__191,sustainability_and_policy-4
western_michigan_university,western_michigan_university__192,sustainability_and_policy-4
western_michigan_university,western_michigan_university__193,sustainability_and_policy-4
western_michigan_university,western_michigan_university__194,technical_skills-1
western_michigan_university,western_michigan_university__195,delivery_and_storage-3
western_michigan_university,western_michigan_university__196,sustainability_and_policy-4
western_michigan_university,western_michigan_university__197,sustainability_and_policy-4
western_michigan_university,western_michigan_university__198,technical_skills-1
