school,course_id,keyword,count
appalachian_state_university,appalachian_state_university__0,resource management,1
appalachian_state_university,appalachian_state_university__1,resource management,1
appalachian_state_university,appalachian_state_university__2,resource management,1
appalachian_state_university,appalachian_state_university__3,resource management,1
appalachian_state_university,appalachian_state_university__4,resource management,1
appalachian_state_university,appalachian_state_university__5,control systems,1
appalachian_state_university,appalachian_state_university__6,syngas,1
appalachian_state_university,appalachian_state_university__6,life cycle assessment,1
appalachian_state_university,appalachian_state_university__7,renewable energy,2
appalachian_state_university,appalachian_state_university__7,project development,1
appalachian_state_university,appalachian_state_university__8,renewable energy,1
appalachian_state_university,appalachian_state_university__8,clean energy,1
appalachian_state_university,appalachian_state_university__8,energy policy,3
appalachian_state_university,appalachian_state_university__8,energy market,1
appalachian_state_university,appalachian_state_university__9,renewable energy,2
appalachian_state_university,appalachian_state_university__10,renewable energy,2
appalachian_state_university,appalachian_state_university__11,water quality,2
appalachian_state_university,appalachian_state_university__12,resource management,2
appalachian_state_university,appalachian_state_university__13,hydrogen,1
appalachian_state_university,appalachian_state_university__14,renewable energy,1
appalachian_state_university,appalachian_state_university__15,sustainability,1
appalachian_state_university,appalachian_state_university__16,sustainability,1
appalachian_state_university,appalachian_state_university__17,environmental protection,1
appalachian_state_university,appalachian_state_university__18,sustainability,2
appalachian_state_university,appalachian_state_university__19,sustainability,2
appalachian_state_university,appalachian_state_university__20,greenhouse gas emissions,1
appalachian_state_university,appalachian_state_university__21,sustainability,1
appalachian_state_university,appalachian_state_university__22,sustainability,1
appalachian_state_university,appalachian_state_university__23,sustainability,1
appalachian_state_university,appalachian_state_university__24,sustainability,1
appalachian_state_university,appalachian_state_university__25,process control,1
appalachian_state_university,appalachian_state_university__25,quality assurance,1
appalachian_state_university,appalachian_state_university__26,environmental regulation,3
appalachian_state_university,appalachian_state_university__27,sustainability,1
appalachian_state_university,appalachian_state_university__28,geographic information systems,1
appalachian_state_university,appalachian_state_university__29,geographic information systems,2
appalachian_state_university,appalachian_state_university__30,sustainability,1
appalachian_state_university,appalachian_state_university__31,geographic information systems,1
appalachian_state_university,appalachian_state_university__32,sustainability,1
appalachian_state_university,appalachian_state_university__33,sustainability,1
appalachian_state_university,appalachian_state_university__34,sustainability,2
appalachian_state_university,appalachian_state_university__35,control systems,1
appalachian_state_university,appalachian_state_university__36,welding,4
appalachian_state_university,appalachian_state_university__37,sustainability,1
appalachian_state_university,appalachian_state_university__38,sustainability,1
appalachian_state_university,appalachian_state_university__39,sustainability,1
appalachian_state_university,appalachian_state_university__40,automation,1
appalachian_state_university,appalachian_state_university__41,resource management,3
appalachian_state_university,appalachian_state_university__42,sustainability,1
appalachian_state_university,appalachian_state_university__43,resource management,1
appalachian_state_university,appalachian_state_university__44,resource management,2
appalachian_state_university,appalachian_state_university__45,resource management,1
appalachian_state_university,appalachian_state_university__46,sustainability,1
appalachian_state_university,appalachian_state_university__47,sustainability,2
appalachian_state_university,appalachian_state_university__48,resource management,4
appalachian_state_university,appalachian_state_university__49,process control,1
appalachian_state_university,appalachian_state_university__50,project management,1
appalachian_state_university,appalachian_state_university__51,sustainability,1
appalachian_state_university,appalachian_state_university__52,project management,1
appalachian_state_university,appalachian_state_university__53,sustainability,1
appalachian_state_university,appalachian_state_university__54,sustainability,1
appalachian_state_university,appalachian_state_university__55,material selection,1
appalachian_state_university,appalachian_state_university__56,welding,1
appalachian_state_university,appalachian_state_university__57,sustainability,2
appalachian_state_university,appalachian_state_university__58,sustainability,1
appalachian_state_university,appalachian_state_university__59,resource management,1
appalachian_state_university,appalachian_state_university__60,construction management,1
appalachian_state_university,appalachian_state_university__61,material selection,1
appalachian_state_university,appalachian_state_university__62,construction management,1
appalachian_state_university,appalachian_state_university__63,construction management,1
appalachian_state_university,appalachian_state_university__63,project management,1
appalachian_state_university,appalachian_state_university__64,corrosion,1
appalachian_state_university,appalachian_state_university__65,construction management,1
appalachian_state_university,appalachian_state_university__65,project management,1
appalachian_state_university,appalachian_state_university__66,resource management,1
appalachian_state_university,appalachian_state_university__67,risk assessment,1
appalachian_state_university,appalachian_state_university__68,environmental protection,1
appalachian_state_university,appalachian_state_university__69,geographic information systems,1
appalachian_state_university,appalachian_state_university__70,resource management,1
appalachian_state_university,appalachian_state_university__71,sustainability,3
appalachian_state_university,appalachian_state_university__72,risk assessment,1
appalachian_state_university,appalachian_state_university__73,automation,1
appalachian_state_university,appalachian_state_university__74,environmental protection,2
appalachian_state_university,appalachian_state_university__75,heat transfer,1
appalachian_state_university,appalachian_state_university__76,sustainability,1
appalachian_state_university,appalachian_state_university__77,renewable energy,1
appalachian_state_university,appalachian_state_university__78,project development,1
appalachian_state_university,appalachian_state_university__79,project management,1
appalachian_state_university,appalachian_state_university__80,project development,1
appalachian_state_university,appalachian_state_university__81,automation,1
appalachian_state_university,appalachian_state_university__82,project management,1
appalachian_state_university,appalachian_state_university__82,quality assurance,1
appalachian_state_university,appalachian_state_university__83,project management,1
appalachian_state_university,appalachian_state_university__84,project management,3
appalachian_state_university,appalachian_state_university__84,resource management,1
appalachian_state_university,appalachian_state_university__85,renewable energy,1
appalachian_state_university,appalachian_state_university__86,electrochemical,1
appalachian_state_university,appalachian_state_university__87,electrochemistry,1
appalachian_state_university,appalachian_state_university__88,control systems,1
appalachian_state_university,appalachian_state_university__89,process control,1
appalachian_state_university,appalachian_state_university__89,quality assurance,1
appalachian_state_university,appalachian_state_university__90,biofuels,1
appalachian_state_university,appalachian_state_university__91,resource management,1
appalachian_state_university,appalachian_state_university__92,quality assurance,1
appalachian_state_university,appalachian_state_university__93,sustainability,2
appalachian_state_university,appalachian_state_university__94,esg,1
appalachian_state_university,appalachian_state_university__95,sustainability,5
appalachian_state_university,appalachian_state_university__95,resource management,1
california_institute_of_technology,california_institute_of_technology__0,control systems,2
california_institute_of_technology,california_institute_of_technology__1,heat transfer,1
california_institute_of_technology,california_institute_of_technology__2,combustion,3
california_institute_of_technology,california_institute_of_technology__3,fracture analysis,1
california_institute_of_technology,california_institute_of_technology__4,combustion,1
california_institute_of_technology,california_institute_of_technology__5,sustainability,1
california_institute_of_technology,california_institute_of_technology__6,pipeline,1
california_institute_of_technology,california_institute_of_technology__6,risk assessment,1
california_institute_of_technology,california_institute_of_technology__7,materials science,2
california_institute_of_technology,california_institute_of_technology__8,materials science,1
california_institute_of_technology,california_institute_of_technology__9,materials science,2
california_institute_of_technology,california_institute_of_technology__10,materials science,1
california_institute_of_technology,california_institute_of_technology__11,materials science,1
california_institute_of_technology,california_institute_of_technology__12,materials science,1
california_institute_of_technology,california_institute_of_technology__12,electrochemistry,1
california_institute_of_technology,california_institute_of_technology__13,materials science,1
california_institute_of_technology,california_institute_of_technology__14,materials science,1
california_institute_of_technology,california_institute_of_technology__15,materials science,1
california_institute_of_technology,california_institute_of_technology__16,materials science,2
california_institute_of_technology,california_institute_of_technology__17,fracture analysis,1
california_institute_of_technology,california_institute_of_technology__18,materials science,1
california_institute_of_technology,california_institute_of_technology__19,catalyst,1
california_institute_of_technology,california_institute_of_technology__20,esg,1
california_institute_of_technology,california_institute_of_technology__21,sustainability,2
california_institute_of_technology,california_institute_of_technology__22,hydrogen,1
california_institute_of_technology,california_institute_of_technology__23,cryogenic,1
california_institute_of_technology,california_institute_of_technology__24,combustion,1
california_institute_of_technology,california_institute_of_technology__24,heat transfer,1
california_institute_of_technology,california_institute_of_technology__25,systems engineering,2
california_institute_of_technology,california_institute_of_technology__26,heat transfer,1
california_institute_of_technology,california_institute_of_technology__27,combustion,3
california_institute_of_technology,california_institute_of_technology__28,heat transfer,1
california_institute_of_technology,california_institute_of_technology__29,materials science,1
california_institute_of_technology,california_institute_of_technology__30,fracture analysis,1
california_institute_of_technology,california_institute_of_technology__31,combustion,1
california_institute_of_technology,california_institute_of_technology__32,explosion,1
california_institute_of_technology,california_institute_of_technology__33,pipeline,1
california_institute_of_technology,california_institute_of_technology__34,heat transfer,1
california_institute_of_technology,california_institute_of_technology__35,heat transfer,1
california_institute_of_technology,california_institute_of_technology__36,sustainability,1
california_institute_of_technology,california_institute_of_technology__37,pipeline,2
california_institute_of_technology,california_institute_of_technology__38,catalyst,1
california_institute_of_technology,california_institute_of_technology__39,heat transfer,1
california_institute_of_technology,california_institute_of_technology__40,sustainability,1
california_institute_of_technology,california_institute_of_technology__41,catalysis,1
california_institute_of_technology,california_institute_of_technology__42,pipeline,1
california_institute_of_technology,california_institute_of_technology__42,risk assessment,1
california_institute_of_technology,california_institute_of_technology__43,sustainability,1
california_institute_of_technology,california_institute_of_technology__44,sustainability,2
california_institute_of_technology,california_institute_of_technology__45,sustainability,1
california_institute_of_technology,california_institute_of_technology__46,sustainability,1
california_institute_of_technology,california_institute_of_technology__47,control systems,2
california_institute_of_technology,california_institute_of_technology__48,control systems,1
california_institute_of_technology,california_institute_of_technology__48,automation,1
california_institute_of_technology,california_institute_of_technology__49,control systems,1
california_institute_of_technology,california_institute_of_technology__50,control systems,1
california_institute_of_technology,california_institute_of_technology__51,combustion,1
california_institute_of_technology,california_institute_of_technology__52,heat transfer,1
california_institute_of_technology,california_institute_of_technology__53,heat transfer,1
california_institute_of_technology,california_institute_of_technology__54,systems engineering,2
california_institute_of_technology,california_institute_of_technology__55,pipeline,2
california_institute_of_technology,california_institute_of_technology__56,chemical engineering,2
california_institute_of_technology,california_institute_of_technology__56,chemical synthesis,1
california_institute_of_technology,california_institute_of_technology__57,chemical engineering,2
california_institute_of_technology,california_institute_of_technology__58,chemical engineering,2
california_institute_of_technology,california_institute_of_technology__58,process simulation,1
california_institute_of_technology,california_institute_of_technology__59,chemical engineering,1
california_institute_of_technology,california_institute_of_technology__60,power generation,1
california_institute_of_technology,california_institute_of_technology__60,chemical engineering,1
california_institute_of_technology,california_institute_of_technology__61,chemical engineering,1
california_institute_of_technology,california_institute_of_technology__62,chemical engineering,1
california_institute_of_technology,california_institute_of_technology__63,chemical engineering,2
california_institute_of_technology,california_institute_of_technology__64,catalysis,1
california_institute_of_technology,california_institute_of_technology__64,chemical engineering,1
california_institute_of_technology,california_institute_of_technology__65,heat transfer,1
california_institute_of_technology,california_institute_of_technology__66,control systems,1
california_institute_of_technology,california_institute_of_technology__67,catalyst,1
california_institute_of_technology,california_institute_of_technology__68,chemical engineering,1
california_institute_of_technology,california_institute_of_technology__69,chemical engineering,2
california_institute_of_technology,california_institute_of_technology__70,pipeline,1
california_institute_of_technology,california_institute_of_technology__71,chemical engineering,1
california_institute_of_technology,california_institute_of_technology__72,electrochemistry,2
california_institute_of_technology,california_institute_of_technology__73,catalyst,2
california_institute_of_technology,california_institute_of_technology__73,heat transfer,1
california_institute_of_technology,california_institute_of_technology__74,catalyst,1
california_institute_of_technology,california_institute_of_technology__75,chemical engineering,1
california_institute_of_technology,california_institute_of_technology__76,chemical engineering,2
california_institute_of_technology,california_institute_of_technology__77,chemical engineering,5
california_institute_of_technology,california_institute_of_technology__78,sustainability,1
california_institute_of_technology,california_institute_of_technology__79,pipeline,1
california_institute_of_technology,california_institute_of_technology__80,resource management,1
california_institute_of_technology,california_institute_of_technology__81,systems engineering,2
california_institute_of_technology,california_institute_of_technology__82,project management,1
california_institute_of_technology,california_institute_of_technology__83,pipeline,2
california_institute_of_technology,california_institute_of_technology__84,pipeline,1
california_institute_of_technology,california_institute_of_technology__85,cryogenic,1
california_institute_of_technology,california_institute_of_technology__86,pipeline,1
california_institute_of_technology,california_institute_of_technology__87,heat transfer,1
california_institute_of_technology,california_institute_of_technology__88,materials science,1
california_institute_of_technology,california_institute_of_technology__89,fracture analysis,1
california_institute_of_technology,california_institute_of_technology__90,sustainability,1
california_institute_of_technology,california_institute_of_technology__91,catalyst,1
california_institute_of_technology,california_institute_of_technology__92,sustainability,2
california_institute_of_technology,california_institute_of_technology__92,electrochemistry,1
california_institute_of_technology,california_institute_of_technology__93,materials science,1
california_institute_of_technology,california_institute_of_technology__93,electrochemistry,2
california_institute_of_technology,california_institute_of_technology__94,catalysis,1
california_institute_of_technology,california_institute_of_technology__94,electrochemical,1
california_institute_of_technology,california_institute_of_technology__95,chemical engineering,2
california_institute_of_technology,california_institute_of_technology__95,chemical synthesis,1
california_institute_of_technology,california_institute_of_technology__96,chemical engineering,1
california_institute_of_technology,california_institute_of_technology__97,catalysis,1
california_institute_of_technology,california_institute_of_technology__98,catalysis,1
california_institute_of_technology,california_institute_of_technology__99,electrochemical,2
california_institute_of_technology,california_institute_of_technology__99,electrochemistry,2
california_institute_of_technology,california_institute_of_technology__100,catalysis,2
california_institute_of_technology,california_institute_of_technology__101,pipeline,1
california_institute_of_technology,california_institute_of_technology__102,chemical engineering,1
california_institute_of_technology,california_institute_of_technology__103,electrochemistry,2
california_institute_of_technology,california_institute_of_technology__104,catalysis,1
california_institute_of_technology,california_institute_of_technology__105,catalyst,1
california_institute_of_technology,california_institute_of_technology__106,catalysis,1
california_institute_of_technology,california_institute_of_technology__107,catalysis,1
california_institute_of_technology,california_institute_of_technology__108,chemical synthesis,1
california_institute_of_technology,california_institute_of_technology__109,materials science,1
california_institute_of_technology,california_institute_of_technology__110,catalyst,1
california_institute_of_technology,california_institute_of_technology__111,catalysis,1
california_institute_of_technology,california_institute_of_technology__112,sustainability,1
california_institute_of_technology,california_institute_of_technology__113,catalyst,1
california_institute_of_technology,california_institute_of_technology__114,materials science,1
california_state_university_long_beach,california_state_university_long_beach__0,sustainability,3
california_state_university_long_beach,california_state_university_long_beach__1,welding,1
california_state_university_long_beach,california_state_university_long_beach__2,sustainability,1
california_state_university_long_beach,california_state_university_long_beach__3,project management,1
california_state_university_long_beach,california_state_university_long_beach__4,resource management,2
california_state_university_long_beach,california_state_university_long_beach__5,prosim,1
california_state_university_long_beach,california_state_university_long_beach__6,sustainability,1
california_state_university_long_beach,california_state_university_long_beach__7,sustainability,2
california_state_university_long_beach,california_state_university_long_beach__8,sustainability,1
california_state_university_long_beach,california_state_university_long_beach__9,catalyst,1
california_state_university_long_beach,california_state_university_long_beach__10,welding,1
california_state_university_long_beach,california_state_university_long_beach__11,risk assessment,1
california_state_university_long_beach,california_state_university_long_beach__12,project management,1
california_state_university_long_beach,california_state_university_long_beach__13,construction management,2
california_state_university_long_beach,california_state_university_long_beach__14,electrochemistry,1
california_state_university_long_beach,california_state_university_long_beach__15,electrochemistry,1
california_state_university_long_beach,california_state_university_long_beach__16,chemical engineering,2
california_state_university_long_beach,california_state_university_long_beach__17,chemical engineering,2
california_state_university_long_beach,california_state_university_long_beach__18,chemical engineering,3
california_state_university_long_beach,california_state_university_long_beach__19,chemical engineering,3
california_state_university_long_beach,california_state_university_long_beach__20,chemical engineering,1
california_state_university_long_beach,california_state_university_long_beach__21,chemical engineering,1
california_state_university_long_beach,california_state_university_long_beach__21,process control,1
california_state_university_long_beach,california_state_university_long_beach__22,chemical engineering,1
california_state_university_long_beach,california_state_university_long_beach__23,chemical engineering,1
california_state_university_long_beach,california_state_university_long_beach__24,hydrogen fuel,1
california_state_university_long_beach,california_state_university_long_beach__24,hydrogen,1
california_state_university_long_beach,california_state_university_long_beach__24,proton exchange membrane,1
california_state_university_long_beach,california_state_university_long_beach__24,fuel cell,1
california_state_university_long_beach,california_state_university_long_beach__24,chemical engineering,1
california_state_university_long_beach,california_state_university_long_beach__24,electrochemical,1
california_state_university_long_beach,california_state_university_long_beach__25,chemical engineering,1
california_state_university_long_beach,california_state_university_long_beach__26,chemical engineering,1
california_state_university_long_beach,california_state_university_long_beach__27,catalyst,5
california_state_university_long_beach,california_state_university_long_beach__27,chemical engineering,2
california_state_university_long_beach,california_state_university_long_beach__28,chemical engineering,1
california_state_university_long_beach,california_state_university_long_beach__29,catalyst,1
california_state_university_long_beach,california_state_university_long_beach__29,chemical engineering,1
california_state_university_long_beach,california_state_university_long_beach__30,chemical engineering,2
california_state_university_long_beach,california_state_university_long_beach__30,heat transfer,1
california_state_university_long_beach,california_state_university_long_beach__31,chemical engineering,2
california_state_university_long_beach,california_state_university_long_beach__32,chemical engineering,2
california_state_university_long_beach,california_state_university_long_beach__32,process simulation,1
california_state_university_long_beach,california_state_university_long_beach__33,chemical engineering,1
california_state_university_long_beach,california_state_university_long_beach__34,chemical engineering,2
california_state_university_long_beach,california_state_university_long_beach__35,chemical engineering,1
california_state_university_long_beach,california_state_university_long_beach__36,automation,2
california_state_university_long_beach,california_state_university_long_beach__36,process control,1
california_state_university_long_beach,california_state_university_long_beach__37,chemical engineering,1
california_state_university_long_beach,california_state_university_long_beach__38,chemical engineering,1
california_state_university_long_beach,california_state_university_long_beach__38,process control,1
california_state_university_long_beach,california_state_university_long_beach__39,automation,1
california_state_university_long_beach,california_state_university_long_beach__40,chemical engineering,1
california_state_university_long_beach,california_state_university_long_beach__40,heat transfer,1
california_state_university_long_beach,california_state_university_long_beach__40,process control,1
california_state_university_long_beach,california_state_university_long_beach__41,catalyst,1
california_state_university_long_beach,california_state_university_long_beach__41,fuel cell,4
california_state_university_long_beach,california_state_university_long_beach__41,electrochemical,3
california_state_university_long_beach,california_state_university_long_beach__41,electrochemistry,1
california_state_university_long_beach,california_state_university_long_beach__42,chemical engineering,1
california_state_university_long_beach,california_state_university_long_beach__43,hydrogen fuel,1
california_state_university_long_beach,california_state_university_long_beach__43,hydrogen,1
california_state_university_long_beach,california_state_university_long_beach__43,proton exchange membrane,1
california_state_university_long_beach,california_state_university_long_beach__43,fuel cell,1
california_state_university_long_beach,california_state_university_long_beach__43,electrochemical,1
california_state_university_long_beach,california_state_university_long_beach__44,catalyst,1
california_state_university_long_beach,california_state_university_long_beach__45,catalyst,5
california_state_university_long_beach,california_state_university_long_beach__45,chemical engineering,1
california_state_university_long_beach,california_state_university_long_beach__46,chemical engineering,1
california_state_university_long_beach,california_state_university_long_beach__46,process control,1
california_state_university_long_beach,california_state_university_long_beach__47,process simulation,1
california_state_university_long_beach,california_state_university_long_beach__48,process simulation,1
california_state_university_long_beach,california_state_university_long_beach__49,chemical engineering,1
california_state_university_long_beach,california_state_university_long_beach__50,compressors,1
california_state_university_long_beach,california_state_university_long_beach__50,chemical engineering,1
california_state_university_long_beach,california_state_university_long_beach__51,chemical engineering,2
california_state_university_long_beach,california_state_university_long_beach__52,chemical engineering,1
california_state_university_long_beach,california_state_university_long_beach__53,chemical engineering,2
california_state_university_long_beach,california_state_university_long_beach__54,chemical engineering,3
california_state_university_long_beach,california_state_university_long_beach__55,chemical engineering,2
california_state_university_long_beach,california_state_university_long_beach__56,chemical engineering,3
california_state_university_long_beach,california_state_university_long_beach__57,ion exchange,1
california_state_university_long_beach,california_state_university_long_beach__58,sustainability,2
california_state_university_long_beach,california_state_university_long_beach__58,greenhouse gas emissions,1
california_state_university_long_beach,california_state_university_long_beach__59,chemical engineering,1
california_state_university_long_beach,california_state_university_long_beach__60,resource management,1
california_state_university_long_beach,california_state_university_long_beach__61,project management,2
california_state_university_long_beach,california_state_university_long_beach__62,sustainability,3
california_state_university_long_beach,california_state_university_long_beach__63,sustainability,1
california_state_university_long_beach,california_state_university_long_beach__64,systems engineering,1
california_state_university_long_beach,california_state_university_long_beach__65,project management,2
california_state_university_long_beach,california_state_university_long_beach__65,control systems,1
california_state_university_long_beach,california_state_university_long_beach__66,chemical engineering,1
california_state_university_long_beach,california_state_university_long_beach__67,chemical engineering,1
california_state_university_long_beach,california_state_university_long_beach__68,chemical engineering,1
california_state_university_long_beach,california_state_university_long_beach__69,control systems,1
california_state_university_long_beach,california_state_university_long_beach__70,combustion,1
california_state_university_long_beach,california_state_university_long_beach__71,sustainability,1
california_state_university_long_beach,california_state_university_long_beach__72,predictive analytics,1
california_state_university_long_beach,california_state_university_long_beach__73,sustainability,2
california_state_university_long_beach,california_state_university_long_beach__74,sustainability,1
california_state_university_long_beach,california_state_university_long_beach__75,control systems,1
california_state_university_long_beach,california_state_university_long_beach__76,control systems,1
california_state_university_long_beach,california_state_university_long_beach__77,resource management,1
california_state_university_long_beach,california_state_university_long_beach__78,engineering management,1
california_state_university_long_beach,california_state_university_long_beach__79,esg,1
california_state_university_long_beach,california_state_university_long_beach__80,automation,1
california_state_university_long_beach,california_state_university_long_beach__81,control systems,1
california_state_university_long_beach,california_state_university_long_beach__82,heat transfer,1
california_state_university_long_beach,california_state_university_long_beach__82,ansys,1
california_state_university_long_beach,california_state_university_long_beach__83,control systems,1
california_state_university_long_beach,california_state_university_long_beach__84,chemical engineering,1
california_state_university_long_beach,california_state_university_long_beach__84,heat transfer,1
california_state_university_long_beach,california_state_university_long_beach__85,chemical engineering,1
california_state_university_long_beach,california_state_university_long_beach__86,chemical engineering,1
california_state_university_long_beach,california_state_university_long_beach__86,combustion,2
california_state_university_long_beach,california_state_university_long_beach__87,chemical engineering,1
california_state_university_long_beach,california_state_university_long_beach__87,heat transfer,1
california_state_university_long_beach,california_state_university_long_beach__88,combustion,3
california_state_university_long_beach,california_state_university_long_beach__88,flammability,1
california_state_university_long_beach,california_state_university_long_beach__88,explosion,1
california_state_university_long_beach,california_state_university_long_beach__89,heat transfer,3
california_state_university_long_beach,california_state_university_long_beach__90,chemical engineering,1
california_state_university_long_beach,california_state_university_long_beach__91,chemical engineering,1
california_state_university_long_beach,california_state_university_long_beach__92,chemical engineering,1
california_state_university_long_beach,california_state_university_long_beach__92,systems engineering,1
california_state_university_long_beach,california_state_university_long_beach__93,chemical engineering,1
california_state_university_long_beach,california_state_university_long_beach__93,project management,2
california_state_university_long_beach,california_state_university_long_beach__93,control systems,1
california_state_university_long_beach,california_state_university_long_beach__94,chemical engineering,1
california_state_university_long_beach,california_state_university_long_beach__95,chemical engineering,1
california_state_university_long_beach,california_state_university_long_beach__95,engineering management,1
california_state_university_long_beach,california_state_university_long_beach__96,resource management,1
california_state_university_long_beach,california_state_university_long_beach__97,systems engineering,2
california_state_university_long_beach,california_state_university_long_beach__97,heat transfer,1
california_state_university_long_beach,california_state_university_long_beach__98,control systems,3
california_state_university_long_beach,california_state_university_long_beach__99,control systems,3
california_state_university_long_beach,california_state_university_long_beach__100,gas turbine,4
california_state_university_long_beach,california_state_university_long_beach__101,heat transfer,4
california_state_university_long_beach,california_state_university_long_beach__102,systems engineering,1
california_state_university_long_beach,california_state_university_long_beach__103,control systems,1
california_state_university_long_beach,california_state_university_long_beach__104,combustion,1
california_state_university_long_beach,california_state_university_long_beach__104,heat transfer,1
california_state_university_long_beach,california_state_university_long_beach__105,gas turbine,1
california_state_university_long_beach,california_state_university_long_beach__106,heat transfer,1
california_state_university_long_beach,california_state_university_long_beach__107,heat transfer,1
california_state_university_long_beach,california_state_university_long_beach__108,welding,1
california_state_university_long_beach,california_state_university_long_beach__109,resource management,1
california_state_university_long_beach,california_state_university_long_beach__110,resource management,1
california_state_university_long_beach,california_state_university_long_beach__111,resource management,1
california_state_university_long_beach,california_state_university_long_beach__112,resource management,1
california_state_university_long_beach,california_state_university_long_beach__113,resource management,1
california_state_university_long_beach,california_state_university_long_beach__113,quality assurance,1
california_state_university_long_beach,california_state_university_long_beach__114,sustainability,1
california_state_university_long_beach,california_state_university_long_beach__115,quality assurance,2
california_state_university_long_beach,california_state_university_long_beach__116,sustainability,1
california_state_university_long_beach,california_state_university_long_beach__117,sustainability,1
california_state_university_long_beach,california_state_university_long_beach__118,sustainability,1
california_state_university_long_beach,california_state_university_long_beach__119,engineering management,1
california_state_university_long_beach,california_state_university_long_beach__120,project management,1
california_state_university_long_beach,california_state_university_long_beach__121,risk assessment,1
california_state_university_long_beach,california_state_university_long_beach__122,project management,1
california_state_university_long_beach,california_state_university_long_beach__123,risk assessment,1
california_state_university_long_beach,california_state_university_long_beach__124,risk assessment,1
california_state_university_long_beach,california_state_university_long_beach__125,engineering management,1
california_state_university_long_beach,california_state_university_long_beach__126,resource management,2
california_state_university_long_beach,california_state_university_long_beach__127,resource management,2
california_state_university_long_beach,california_state_university_long_beach__128,resource management,1
california_state_university_long_beach,california_state_university_long_beach__129,resource management,1
california_state_university_long_beach,california_state_university_long_beach__130,resource management,1
california_state_university_long_beach,california_state_university_long_beach__131,project management,3
california_state_university_long_beach,california_state_university_long_beach__132,renewable energy,1
california_state_university_long_beach,california_state_university_long_beach__132,energy demand,1
california_state_university_long_beach,california_state_university_long_beach__133,sustainability,1
california_state_university_long_beach,california_state_university_long_beach__134,control systems,1
california_state_university_long_beach,california_state_university_long_beach__135,water quality,1
california_state_university_long_beach,california_state_university_long_beach__136,geographic information systems,1
california_state_university_long_beach,california_state_university_long_beach__137,geographic information systems,1
california_state_university_long_beach,california_state_university_long_beach__138,geographic information systems,1
california_state_university_long_beach,california_state_university_long_beach__139,water quality,1
california_state_university_long_beach,california_state_university_long_beach__140,geographic information systems,1
california_state_university_long_beach,california_state_university_long_beach__141,geographic information systems,1
california_state_university_long_beach,california_state_university_long_beach__142,sustainability,2
california_state_university_long_beach,california_state_university_long_beach__143,resource management,1
california_state_university_long_beach,california_state_university_long_beach__144,water quality,1
california_state_university_long_beach,california_state_university_long_beach__145,sustainability,2
california_state_university_long_beach,california_state_university_long_beach__145,greenhouse gas emissions,1
california_state_university_long_beach,california_state_university_long_beach__146,water quality,1
california_state_university_long_beach,california_state_university_long_beach__147,sustainability,2
california_state_university_long_beach,california_state_university_long_beach__147,renewable energy,1
california_state_university_long_beach,california_state_university_long_beach__147,environmental regulation,1
california_state_university_long_beach,california_state_university_long_beach__148,resource management,1
california_state_university_long_beach,california_state_university_long_beach__149,technical drawing,1
california_state_university_long_beach,california_state_university_long_beach__150,technical drawing,1
california_state_university_long_beach,california_state_university_long_beach__151,sustainability,3
california_state_university_long_beach,california_state_university_long_beach__152,sustainability,2
california_state_university_long_beach,california_state_university_long_beach__153,sustainability,3
california_state_university_long_beach,california_state_university_long_beach__154,sustainability,2
california_state_university_long_beach,california_state_university_long_beach__155,sustainability,2
california_state_university_long_beach,california_state_university_long_beach__156,sustainability,2
california_state_university_long_beach,california_state_university_long_beach__157,sustainability,2
california_state_university_long_beach,california_state_university_long_beach__158,sustainability,2
california_state_university_long_beach,california_state_university_long_beach__159,sustainability,1
california_state_university_long_beach,california_state_university_long_beach__160,geographic information systems,1
california_state_university_long_beach,california_state_university_long_beach__161,control systems,1
california_state_university_long_beach,california_state_university_long_beach__162,automation,1
california_state_university_long_beach,california_state_university_long_beach__163,process control,1
california_state_university_long_beach,california_state_university_long_beach__164,sustainability,4
california_state_university_long_beach,california_state_university_long_beach__165,power generation,1
california_state_university_long_beach,california_state_university_long_beach__165,renewable energy,1
california_state_university_long_beach,california_state_university_long_beach__166,renewable energy,2
california_state_university_long_beach,california_state_university_long_beach__167,hazard identification,1
california_state_university_long_beach,california_state_university_long_beach__168,control systems,1
california_state_university_long_beach,california_state_university_long_beach__169,control systems,1
california_state_university_long_beach,california_state_university_long_beach__170,power generation,1
california_state_university_long_beach,california_state_university_long_beach__170,renewable energy,1
california_state_university_long_beach,california_state_university_long_beach__171,automation,1
california_state_university_long_beach,california_state_university_long_beach__172,systems engineering,1
california_state_university_long_beach,california_state_university_long_beach__173,project management,1
california_state_university_long_beach,california_state_university_long_beach__174,project management,1
california_state_university_long_beach,california_state_university_long_beach__175,control systems,1
california_state_university_long_beach,california_state_university_long_beach__176,control systems,2
california_state_university_long_beach,california_state_university_long_beach__177,control systems,1
california_state_university_long_beach,california_state_university_long_beach__178,electrochemical,1
california_state_university_long_beach,california_state_university_long_beach__179,power generation,1
california_state_university_long_beach,california_state_university_long_beach__180,control systems,1
california_state_university_long_beach,california_state_university_long_beach__181,control systems,2
california_state_university_long_beach,california_state_university_long_beach__182,control systems,2
california_state_university_long_beach,california_state_university_long_beach__183,power transformer,1
california_state_university_long_beach,california_state_university_long_beach__184,power transformer,1
california_state_university_long_beach,california_state_university_long_beach__185,materials science,2
california_state_university_long_beach,california_state_university_long_beach__186,project management,1
california_state_university_long_beach,california_state_university_long_beach__187,sustainability,1
california_state_university_long_beach,california_state_university_long_beach__188,resource management,1
california_state_university_long_beach,california_state_university_long_beach__189,project management,1
california_state_university_long_beach,california_state_university_long_beach__190,energy demand,1
california_state_university_long_beach,california_state_university_long_beach__191,sustainability,1
california_state_university_long_beach,california_state_university_long_beach__192,sustainability,2
california_state_university_long_beach,california_state_university_long_beach__193,sustainability,1
california_state_university_long_beach,california_state_university_long_beach__194,liquefaction,1
california_state_university_long_beach,california_state_university_long_beach__195,pipeline,1
california_state_university_long_beach,california_state_university_long_beach__196,water quality,2
california_state_university_long_beach,california_state_university_long_beach__197,water quality,2
california_state_university_long_beach,california_state_university_long_beach__198,sustainability,1
california_state_university_long_beach,california_state_university_long_beach__199,geographic information systems,1
california_state_university_long_beach,california_state_university_long_beach__200,engineering management,2
california_state_university_long_beach,california_state_university_long_beach__201,construction management,1
california_state_university_long_beach,california_state_university_long_beach__201,engineering management,1
california_state_university_long_beach,california_state_university_long_beach__202,sustainability,1
california_state_university_long_beach,california_state_university_long_beach__203,sustainability,1
california_state_university_long_beach,california_state_university_long_beach__204,construction management,2
california_state_university_long_beach,california_state_university_long_beach__205,sustainability,1
california_state_university_long_beach,california_state_university_long_beach__206,engineering management,2
california_state_university_long_beach,california_state_university_long_beach__207,control systems,1
california_state_university_long_beach,california_state_university_long_beach__208,control systems,1
california_state_university_long_beach,california_state_university_long_beach__209,liquefaction,1
california_state_university_long_beach,california_state_university_long_beach__210,construction management,1
california_state_university_long_beach,california_state_university_long_beach__211,project management,1
california_state_university_long_beach,california_state_university_long_beach__212,pipeline,1
california_state_university_long_beach,california_state_university_long_beach__213,construction management,1
california_state_university_long_beach,california_state_university_long_beach__213,engineering management,1
california_state_university_long_beach,california_state_university_long_beach__214,construction management,1
california_state_university_long_beach,california_state_university_long_beach__214,engineering management,1
california_state_university_long_beach,california_state_university_long_beach__215,process control,1
california_state_university_long_beach,california_state_university_long_beach__216,project management,1
california_state_university_long_beach,california_state_university_long_beach__217,resource management,1
california_state_university_long_beach,california_state_university_long_beach__218,process control,1
california_state_university_long_beach,california_state_university_long_beach__219,project management,1
california_state_university_long_beach,california_state_university_long_beach__220,resource management,1
california_state_university_long_beach,california_state_university_long_beach__221,project management,2
california_state_university_long_beach,california_state_university_long_beach__221,quality assurance,1
california_state_university_long_beach,california_state_university_long_beach__222,sustainability,1
california_state_university_long_beach,california_state_university_long_beach__223,resource management,1
california_state_university_long_beach,california_state_university_long_beach__224,project management,2
california_state_university_long_beach,california_state_university_long_beach__225,sustainability,2
california_state_university_long_beach,california_state_university_long_beach__226,sustainability,1
california_state_university_long_beach,california_state_university_long_beach__227,engineering management,1
california_state_university_long_beach,california_state_university_long_beach__228,construction management,2
california_state_university_long_beach,california_state_university_long_beach__229,automation,1
california_state_university_long_beach,california_state_university_long_beach__230,automation,1
california_state_university_long_beach,california_state_university_long_beach__231,automation,1
california_state_university_long_beach,california_state_university_long_beach__232,electrochemical,3
california_state_university_long_beach,california_state_university_long_beach__233,electrochemical,1
california_state_university_long_beach,california_state_university_long_beach__234,electrochemical,1
california_state_university_long_beach,california_state_university_long_beach__235,catalysis,5
california_state_university_long_beach,california_state_university_long_beach__236,catalysis,1
california_state_university_long_beach,california_state_university_long_beach__237,materials science,1
california_state_university_long_beach,california_state_university_long_beach__238,materials science,1
california_state_university_long_beach,california_state_university_long_beach__239,materials science,1
california_state_university_long_beach,california_state_university_long_beach__239,electrochemistry,1
california_state_university_long_beach,california_state_university_long_beach__240,hydrogen,1
california_state_university_long_beach,california_state_university_long_beach__241,materials science,1
california_state_university_long_beach,california_state_university_long_beach__242,materials science,1
california_state_university_long_beach,california_state_university_long_beach__243,materials science,1
california_state_university_long_beach,california_state_university_long_beach__244,materials science,1
california_state_university_long_beach,california_state_university_long_beach__244,electrochemistry,1
california_state_university_long_beach,california_state_university_long_beach__245,geographic information systems,1
california_state_university_long_beach,california_state_university_long_beach__246,environmental protection,1
california_state_university_long_beach,california_state_university_long_beach__246,resource management,1
california_state_university_long_beach,california_state_university_long_beach__247,resource management,1
california_state_university_long_beach,california_state_university_long_beach__248,sustainability,1
california_state_university_long_beach,california_state_university_long_beach__249,project management,2
california_state_university_long_beach,california_state_university_long_beach__250,sustainability,1
california_state_university_long_beach,california_state_university_long_beach__251,quality assurance,1
california_state_university_long_beach,california_state_university_long_beach__252,automation,1
louisiana_state_university,louisiana_state_university__0,chemical engineering,2
louisiana_state_university,louisiana_state_university__1,geographic information systems,3
louisiana_state_university,louisiana_state_university__1,resource management,1
louisiana_state_university,louisiana_state_university__2,geographic information systems,1
louisiana_state_university,louisiana_state_university__3,geographic information systems,1
louisiana_state_university,louisiana_state_university__4,project management,1
louisiana_state_university,louisiana_state_university__5,project management,2
louisiana_state_university,louisiana_state_university__6,predictive analytics,4
louisiana_state_university,louisiana_state_university__7,energy supply,2
louisiana_state_university,louisiana_state_university__8,risk assessment,1
louisiana_state_university,louisiana_state_university__9,project management,1
louisiana_state_university,louisiana_state_university__10,predictive analytics,1
louisiana_state_university,louisiana_state_university__11,project management,2
louisiana_state_university,louisiana_state_university__12,sustainability,1
louisiana_state_university,louisiana_state_university__13,geographic information systems,1
louisiana_state_university,louisiana_state_university__14,sustainability,1
louisiana_state_university,louisiana_state_university__15,project management,1
louisiana_state_university,louisiana_state_university__16,sustainability,1
louisiana_state_university,louisiana_state_university__17,sustainability,1
louisiana_state_university,louisiana_state_university__17,water quality,1
louisiana_state_university,louisiana_state_university__18,welding,4
louisiana_state_university,louisiana_state_university__19,quality assurance,1
louisiana_state_university,louisiana_state_university__20,environmental protection,1
louisiana_state_university,louisiana_state_university__21,combustion,1
louisiana_state_university,louisiana_state_university__21,heat transfer,1
louisiana_state_university,louisiana_state_university__22,gas storage,1
louisiana_state_university,louisiana_state_university__23,cryogenic,1
louisiana_state_university,louisiana_state_university__24,heat transfer,2
louisiana_state_university,louisiana_state_university__25,carbon capture,2
louisiana_state_university,louisiana_state_university__26,hydrogen,1
louisiana_state_university,louisiana_state_university__27,geographic information systems,1
louisiana_state_university,louisiana_state_university__28,resource management,3
louisiana_state_university,louisiana_state_university__29,resource management,1
louisiana_state_university,louisiana_state_university__30,sustainability,1
louisiana_state_university,louisiana_state_university__30,energy supply,1
louisiana_state_university,louisiana_state_university__31,water quality,2
louisiana_state_university,louisiana_state_university__32,risk assessment,1
louisiana_state_university,louisiana_state_university__33,quality assurance,1
louisiana_state_university,louisiana_state_university__34,resource management,1
louisiana_state_university,louisiana_state_university__35,esg,1
louisiana_state_university,louisiana_state_university__36,heat transfer,1
louisiana_state_university,louisiana_state_university__37,control systems,2
louisiana_state_university,louisiana_state_university__38,material selection,2
louisiana_state_university,louisiana_state_university__39,welding,1
louisiana_state_university,louisiana_state_university__39,quality assurance,1
louisiana_state_university,louisiana_state_university__40,heat transfer,1
louisiana_state_university,louisiana_state_university__41,combustion,1
louisiana_state_university,louisiana_state_university__42,automation,1
louisiana_state_university,louisiana_state_university__43,resource management,1
louisiana_state_university,louisiana_state_university__44,resource management,1
louisiana_state_university,louisiana_state_university__45,resource management,1
louisiana_state_university,louisiana_state_university__46,resource management,1
louisiana_state_university,louisiana_state_university__47,resource management,1
louisiana_state_university,louisiana_state_university__48,quality assurance,1
louisiana_state_university,louisiana_state_university__49,quality assurance,1
louisiana_state_university,louisiana_state_university__50,quality assurance,1
louisiana_state_university,louisiana_state_university__51,quality assurance,1
louisiana_state_university,louisiana_state_university__52,control systems,1
louisiana_state_university,louisiana_state_university__53,heat transfer,2
louisiana_state_university,louisiana_state_university__54,heat transfer,2
louisiana_state_university,louisiana_state_university__55,combustion,1
louisiana_state_university,louisiana_state_university__55,heat transfer,2
louisiana_state_university,louisiana_state_university__56,systems engineering,1
louisiana_state_university,louisiana_state_university__57,compressors,1
louisiana_state_university,louisiana_state_university__58,corrosion,3
louisiana_state_university,louisiana_state_university__59,corrosion,1
louisiana_state_university,louisiana_state_university__60,corrosion,1
louisiana_state_university,louisiana_state_university__61,gas turbine,1
louisiana_state_university,louisiana_state_university__61,combustion,4
louisiana_state_university,louisiana_state_university__62,heat transfer,1
louisiana_state_university,louisiana_state_university__63,combustion,2
louisiana_state_university,louisiana_state_university__64,heat transfer,2
louisiana_state_university,louisiana_state_university__65,welding,3
louisiana_state_university,louisiana_state_university__66,construction management,1
louisiana_state_university,louisiana_state_university__67,construction management,1
louisiana_state_university,louisiana_state_university__68,predictive analytics,1
louisiana_state_university,louisiana_state_university__69,automation,1
louisiana_state_university,louisiana_state_university__70,systems engineering,2
louisiana_state_university,louisiana_state_university__71,supply chain logistics,2
louisiana_state_university,louisiana_state_university__72,quality assurance,1
louisiana_state_university,louisiana_state_university__73,systems engineering,1
louisiana_state_university,louisiana_state_university__74,systems engineering,1
louisiana_state_university,louisiana_state_university__75,project management,2
louisiana_state_university,louisiana_state_university__76,supply chain logistics,1
louisiana_state_university,louisiana_state_university__77,systems engineering,1
louisiana_state_university,louisiana_state_university__78,sustainability,2
louisiana_state_university,louisiana_state_university__79,project management,1
louisiana_state_university,louisiana_state_university__80,technical drawing,1
louisiana_state_university,louisiana_state_university__81,predictive analytics,3
louisiana_state_university,louisiana_state_university__82,predictive analytics,1
louisiana_state_university,louisiana_state_university__83,risk assessment,1
louisiana_state_university,louisiana_state_university__84,risk assessment,2
louisiana_state_university,louisiana_state_university__85,risk assessment,1
louisiana_state_university,louisiana_state_university__86,water quality,2
louisiana_state_university,louisiana_state_university__87,sustainability,1
louisiana_state_university,louisiana_state_university__88,resource management,1
louisiana_state_university,louisiana_state_university__89,environmental protection,1
louisiana_state_university,louisiana_state_university__90,geographic information systems,1
louisiana_state_university,louisiana_state_university__91,power generation,1
louisiana_state_university,louisiana_state_university__92,geographic information systems,1
louisiana_state_university,louisiana_state_university__93,risk assessment,1
louisiana_state_university,louisiana_state_university__94,risk assessment,1
louisiana_state_university,louisiana_state_university__95,sustainability,1
louisiana_state_university,louisiana_state_university__96,energy transition,1
louisiana_state_university,louisiana_state_university__97,geographic information systems,2
louisiana_state_university,louisiana_state_university__98,geographic information systems,1
louisiana_state_university,louisiana_state_university__99,resource management,1
louisiana_state_university,louisiana_state_university__100,hydrogen,1
louisiana_state_university,louisiana_state_university__101,explosion,1
louisiana_state_university,louisiana_state_university__102,cooling systems,1
louisiana_state_university,louisiana_state_university__102,water quality,1
louisiana_state_university,louisiana_state_university__103,risk assessment,1
louisiana_state_university,louisiana_state_university__104,sustainability,1
louisiana_state_university,louisiana_state_university__104,life cycle assessment,1
louisiana_state_university,louisiana_state_university__105,water quality,2
louisiana_state_university,louisiana_state_university__106,project management,1
louisiana_state_university,louisiana_state_university__107,water quality,1
louisiana_state_university,louisiana_state_university__108,water quality,1
louisiana_state_university,louisiana_state_university__109,control systems,3
louisiana_state_university,louisiana_state_university__110,control systems,1
louisiana_state_university,louisiana_state_university__111,renewable energy,1
louisiana_state_university,louisiana_state_university__112,power generation,1
louisiana_state_university,louisiana_state_university__113,renewable energy,1
louisiana_state_university,louisiana_state_university__114,automation,1
louisiana_state_university,louisiana_state_university__115,power generation,1
louisiana_state_university,louisiana_state_university__116,power generation,1
louisiana_state_university,louisiana_state_university__116,renewable energy,1
louisiana_state_university,louisiana_state_university__117,renewable energy,1
louisiana_state_university,louisiana_state_university__118,electrochemical,1
louisiana_state_university,louisiana_state_university__119,construction management,1
louisiana_state_university,louisiana_state_university__120,sustainability,1
louisiana_state_university,louisiana_state_university__121,risk assessment,1
louisiana_state_university,louisiana_state_university__122,environmental regulation,2
louisiana_state_university,louisiana_state_university__123,risk assessment,1
louisiana_state_university,louisiana_state_university__124,project management,1
louisiana_state_university,louisiana_state_university__125,control systems,2
louisiana_state_university,louisiana_state_university__125,automation,1
louisiana_state_university,louisiana_state_university__126,welding,5
louisiana_state_university,louisiana_state_university__127,quality assurance,2
louisiana_state_university,louisiana_state_university__128,sustainability,1
louisiana_state_university,louisiana_state_university__129,sustainability,1
louisiana_state_university,louisiana_state_university__129,resource management,1
louisiana_state_university,louisiana_state_university__130,geographic information systems,1
louisiana_state_university,louisiana_state_university__131,sustainability,1
louisiana_state_university,louisiana_state_university__132,resource management,1
louisiana_state_university,louisiana_state_university__133,material selection,1
louisiana_state_university,louisiana_state_university__134,sustainability,2
louisiana_state_university,louisiana_state_university__135,control systems,1
louisiana_state_university,louisiana_state_university__136,water quality,1
louisiana_state_university,louisiana_state_university__136,control systems,1
louisiana_state_university,louisiana_state_university__137,heat transfer,1
louisiana_state_university,louisiana_state_university__138,power generation,1
louisiana_state_university,louisiana_state_university__138,process engineering,1
louisiana_state_university,louisiana_state_university__139,process engineering,1
louisiana_state_university,louisiana_state_university__140,biofuels,1
louisiana_state_university,louisiana_state_university__141,water quality,1
louisiana_state_university,louisiana_state_university__142,risk assessment,1
louisiana_state_university,louisiana_state_university__143,process control,1
louisiana_state_university,louisiana_state_university__144,sustainability,1
louisiana_state_university,louisiana_state_university__145,water quality,2
louisiana_state_university,louisiana_state_university__146,water quality,2
louisiana_state_university,louisiana_state_university__147,sustainability,1
louisiana_state_university,louisiana_state_university__147,project management,1
louisiana_state_university,louisiana_state_university__148,project development,1
louisiana_state_university,louisiana_state_university__149,catalysis,1
louisiana_state_university,louisiana_state_university__150,chemical synthesis,1
louisiana_state_university,louisiana_state_university__151,catalysis,1
louisiana_state_university,louisiana_state_university__151,electrochemical,2
louisiana_state_university,louisiana_state_university__152,sustainability,1
louisiana_state_university,louisiana_state_university__152,life cycle assessment,2
louisiana_state_university,louisiana_state_university__153,construction management,1
louisiana_state_university,louisiana_state_university__154,construction management,2
louisiana_state_university,louisiana_state_university__155,construction management,1
louisiana_state_university,louisiana_state_university__156,construction management,1
louisiana_state_university,louisiana_state_university__157,project management,1
louisiana_state_university,louisiana_state_university__158,construction management,2
louisiana_state_university,louisiana_state_university__159,hazard identification,1
louisiana_state_university,louisiana_state_university__160,life cycle assessment,1
louisiana_state_university,louisiana_state_university__161,project management,1
louisiana_state_university,louisiana_state_university__162,construction management,1
louisiana_state_university,louisiana_state_university__163,construction management,1
louisiana_state_university,louisiana_state_university__164,project management,1
louisiana_state_university,louisiana_state_university__165,construction management,1
louisiana_state_university,louisiana_state_university__166,project management,1
louisiana_state_university,louisiana_state_university__167,sustainability,1
louisiana_state_university,louisiana_state_university__168,sustainability,1
louisiana_state_university,louisiana_state_university__169,sustainability,1
louisiana_state_university,louisiana_state_university__170,sustainability,2
louisiana_state_university,louisiana_state_university__171,construction management,2
louisiana_state_university,louisiana_state_university__172,project management,1
louisiana_state_university,louisiana_state_university__173,automation,1
louisiana_state_university,louisiana_state_university__173,quality assurance,1
louisiana_state_university,louisiana_state_university__174,chemical engineering,2
louisiana_state_university,louisiana_state_university__175,chemical engineering,1
louisiana_state_university,louisiana_state_university__176,catalysis,2
louisiana_state_university,louisiana_state_university__177,catalysis,1
louisiana_state_university,louisiana_state_university__177,chemical engineering,2
louisiana_state_university,louisiana_state_university__177,process control,1
louisiana_state_university,louisiana_state_university__178,chemical engineering,2
louisiana_state_university,louisiana_state_university__179,heat transfer,1
louisiana_state_university,louisiana_state_university__180,chemical engineering,1
louisiana_state_university,louisiana_state_university__181,pipeline,1
louisiana_state_university,louisiana_state_university__182,pipeline,1
louisiana_state_university,louisiana_state_university__183,chemical engineering,1
louisiana_state_university,louisiana_state_university__184,chemical manufacturing,1
louisiana_state_university,louisiana_state_university__185,chemical engineering,1
louisiana_state_university,louisiana_state_university__186,chemical engineering,2
louisiana_state_university,louisiana_state_university__187,chemical engineering,2
louisiana_state_university,louisiana_state_university__188,chemical engineering,1
louisiana_state_university,louisiana_state_university__188,chemical synthesis,1
louisiana_state_university,louisiana_state_university__188,electrochemical,2
louisiana_state_university,louisiana_state_university__188,electrochemistry,1
louisiana_state_university,louisiana_state_university__188,corrosion,1
louisiana_state_university,louisiana_state_university__189,chemical engineering,1
louisiana_state_university,louisiana_state_university__190,catalysis,1
louisiana_state_university,louisiana_state_university__190,chemical engineering,2
louisiana_state_university,louisiana_state_university__191,chemical engineering,1
louisiana_state_university,louisiana_state_university__192,control systems,1
louisiana_state_university,louisiana_state_university__192,process control,2
louisiana_state_university,louisiana_state_university__193,chemical engineering,1
louisiana_state_university,louisiana_state_university__194,chemical engineering,1
louisiana_state_university,louisiana_state_university__195,catalysis,2
louisiana_state_university,louisiana_state_university__195,catalyst,3
louisiana_state_university,louisiana_state_university__196,chemical engineering,1
louisiana_state_university,louisiana_state_university__197,chemical engineering,1
louisiana_state_university,louisiana_state_university__198,chemical engineering,1
louisiana_state_university,louisiana_state_university__199,co2 capture,1
louisiana_state_university,louisiana_state_university__199,sustainability,2
louisiana_state_university,louisiana_state_university__199,life cycle analysis,1
louisiana_state_university,louisiana_state_university__199,chemical engineering,1
louisiana_state_university,louisiana_state_university__200,chemical engineering,1
louisiana_state_university,louisiana_state_university__201,chemical engineering,1
louisiana_state_university,louisiana_state_university__202,process safety,2
louisiana_state_university,louisiana_state_university__203,chemical engineering,2
louisiana_state_university,louisiana_state_university__204,chemical engineering,2
louisiana_state_university,louisiana_state_university__205,chemical engineering,2
louisiana_state_university,louisiana_state_university__206,heat transfer,1
louisiana_state_university,louisiana_state_university__207,sustainability,1
louisiana_state_university,louisiana_state_university__208,ccus,1
louisiana_state_university,louisiana_state_university__209,environmental regulation,1
louisiana_state_university,louisiana_state_university__210,resource management,1
louisiana_state_university,louisiana_state_university__211,water quality,1
louisiana_state_university,louisiana_state_university__212,resource management,1
louisiana_state_university,louisiana_state_university__213,resource management,1
louisiana_state_university,louisiana_state_university__214,resource management,1
louisiana_state_university,louisiana_state_university__215,geographic information systems,1
louisiana_state_university,louisiana_state_university__216,water quality,1
louisiana_state_university,louisiana_state_university__216,resource management,1
louisiana_state_university,louisiana_state_university__217,sustainability,1
louisiana_state_university,louisiana_state_university__218,resource management,1
louisiana_state_university,louisiana_state_university__219,resource management,1
louisiana_state_university,louisiana_state_university__220,geographic information systems,1
louisiana_state_university,louisiana_state_university__221,water quality,1
louisiana_state_university,louisiana_state_university__222,sustainability,1
louisiana_state_university,louisiana_state_university__223,sustainability,1
louisiana_state_university,louisiana_state_university__224,project development,2
louisiana_state_university,louisiana_state_university__225,sustainability,1
louisiana_state_university,louisiana_state_university__225,esg,1
louisiana_state_university,louisiana_state_university__226,risk assessment,1
morgan_state_university,morgan_state_university__0,hydrogen,1
morgan_state_university,morgan_state_university__1,explosion,1
morgan_state_university,morgan_state_university__2,sustainability,1
morgan_state_university,morgan_state_university__3,sustainability,3
morgan_state_university,morgan_state_university__4,welding,1
morgan_state_university,morgan_state_university__5,electrochemical,1
morgan_state_university,morgan_state_university__6,electrochemical,1
morgan_state_university,morgan_state_university__7,project management,1
morgan_state_university,morgan_state_university__8,sustainability,1
morgan_state_university,morgan_state_university__9,material selection,1
morgan_state_university,morgan_state_university__10,sustainability,1
morgan_state_university,morgan_state_university__11,catalyst,1
morgan_state_university,morgan_state_university__11,sustainability,1
morgan_state_university,morgan_state_university__12,geographic information systems,1
morgan_state_university,morgan_state_university__12,resource management,1
morgan_state_university,morgan_state_university__13,sustainability,1
morgan_state_university,morgan_state_university__14,electrochemistry,1
morgan_state_university,morgan_state_university__15,electrochemistry,1
morgan_state_university,morgan_state_university__16,sustainability,4
morgan_state_university,morgan_state_university__17,resource management,2
morgan_state_university,morgan_state_university__18,water quality,1
morgan_state_university,morgan_state_university__19,geographic information systems,2
morgan_state_university,morgan_state_university__20,construction management,1
morgan_state_university,morgan_state_university__21,automation,1
morgan_state_university,morgan_state_university__22,engineering management,1
morgan_state_university,morgan_state_university__23,control systems,1
morgan_state_university,morgan_state_university__24,ion exchange,1
morgan_state_university,morgan_state_university__25,project management,3
morgan_state_university,morgan_state_university__26,water quality,1
morgan_state_university,morgan_state_university__27,risk assessment,1
morgan_state_university,morgan_state_university__28,construction management,1
morgan_state_university,morgan_state_university__29,construction management,1
morgan_state_university,morgan_state_university__30,project management,1
morgan_state_university,morgan_state_university__31,project management,1
morgan_state_university,morgan_state_university__32,construction management,1
morgan_state_university,morgan_state_university__33,predictive analytics,1
morgan_state_university,morgan_state_university__34,resource management,1
morgan_state_university,morgan_state_university__35,control systems,1
morgan_state_university,morgan_state_university__36,resource management,1
morgan_state_university,morgan_state_university__37,resource management,1
morgan_state_university,morgan_state_university__38,water quality,1
morgan_state_university,morgan_state_university__39,sustainability,1
morgan_state_university,morgan_state_university__40,geographic information systems,1
morgan_state_university,morgan_state_university__41,risk assessment,1
morgan_state_university,morgan_state_university__42,project management,2
morgan_state_university,morgan_state_university__43,systems engineering,2
morgan_state_university,morgan_state_university__43,quality assurance,1
morgan_state_university,morgan_state_university__44,project management,1
morgan_state_university,morgan_state_university__45,project management,1
morgan_state_university,morgan_state_university__46,ion exchange,1
morgan_state_university,morgan_state_university__47,sustainability,5
morgan_state_university,morgan_state_university__48,systems engineering,3
morgan_state_university,morgan_state_university__49,industrial safety,2
morgan_state_university,morgan_state_university__50,sustainability,1
morgan_state_university,morgan_state_university__50,environmental stewardship,1
morgan_state_university,morgan_state_university__51,pipeline,1
morgan_state_university,morgan_state_university__52,project management,1
morgan_state_university,morgan_state_university__53,environmental impact assessment,1
morgan_state_university,morgan_state_university__54,geographic information systems,1
morgan_state_university,morgan_state_university__55,welding,1
morgan_state_university,morgan_state_university__55,materials engineering,1
morgan_state_university,morgan_state_university__55,quality assurance,1
morgan_state_university,morgan_state_university__56,materials engineering,1
morgan_state_university,morgan_state_university__57,resource management,1
morgan_state_university,morgan_state_university__58,resource management,1
morgan_state_university,morgan_state_university__59,process control,1
morgan_state_university,morgan_state_university__60,sustainability,1
morgan_state_university,morgan_state_university__60,project management,1
morgan_state_university,morgan_state_university__61,quality assurance,1
morgan_state_university,morgan_state_university__62,risk assessment,1
morgan_state_university,morgan_state_university__62,control systems,1
morgan_state_university,morgan_state_university__63,control systems,2
morgan_state_university,morgan_state_university__64,sustainability,1
morgan_state_university,morgan_state_university__65,sustainability,1
morgan_state_university,morgan_state_university__66,project management,3
morgan_state_university,morgan_state_university__67,project development,1
morgan_state_university,morgan_state_university__68,predictive analytics,1
morgan_state_university,morgan_state_university__69,quality assurance,1
morgan_state_university,morgan_state_university__70,process engineering,1
morgan_state_university,morgan_state_university__70,automation,1
morgan_state_university,morgan_state_university__71,life cycle analysis,1
morgan_state_university,morgan_state_university__71,systems engineering,4
morgan_state_university,morgan_state_university__72,process control,1
morgan_state_university,morgan_state_university__73,automation,1
north_carolina_state,north_carolina_state__0,technical drawing,1
north_carolina_state,north_carolina_state__1,environmental stewardship,1
north_carolina_state,north_carolina_state__2,water quality,1
north_carolina_state,north_carolina_state__3,geographic information systems,1
north_carolina_state,north_carolina_state__4,geographic information systems,1
north_carolina_state,north_carolina_state__5,geographic information systems,1
north_carolina_state,north_carolina_state__6,geographic information systems,1
north_carolina_state,north_carolina_state__7,geographic information systems,1
north_carolina_state,north_carolina_state__8,geographic information systems,1
north_carolina_state,north_carolina_state__9,geographic information systems,1
north_carolina_state,north_carolina_state__10,sustainability,1
north_carolina_state,north_carolina_state__11,sustainability,1
north_carolina_state,north_carolina_state__12,sustainability,1
north_carolina_state,north_carolina_state__13,life cycle analysis,1
north_carolina_state,north_carolina_state__14,resource management,1
north_carolina_state,north_carolina_state__15,materials science,2
north_carolina_state,north_carolina_state__16,materials science,2
north_carolina_state,north_carolina_state__17,sustainability,3
north_carolina_state,north_carolina_state__18,risk assessment,1
north_carolina_state,north_carolina_state__19,risk assessment,1
north_carolina_state,north_carolina_state__20,sustainability,1
north_carolina_state,north_carolina_state__21,risk assessment,1
north_carolina_state,north_carolina_state__22,materials science,1
north_carolina_state,north_carolina_state__23,risk assessment,6
north_carolina_state,north_carolina_state__24,risk assessment,1
north_carolina_state,north_carolina_state__25,resource management,1
north_carolina_state,north_carolina_state__26,prosim,3
north_carolina_state,north_carolina_state__27,process control,1
north_carolina_state,north_carolina_state__28,sustainability,5
north_carolina_state,north_carolina_state__29,control systems,1
north_carolina_state,north_carolina_state__29,process control,1
north_carolina_state,north_carolina_state__30,process control,1
north_carolina_state,north_carolina_state__31,project management,1
north_carolina_state,north_carolina_state__32,automation,1
north_carolina_state,north_carolina_state__33,control systems,1
north_carolina_state,north_carolina_state__33,process control,1
north_carolina_state,north_carolina_state__34,quality assurance,1
north_carolina_state,north_carolina_state__35,process control,1
north_carolina_state,north_carolina_state__36,control systems,1
north_carolina_state,north_carolina_state__37,engineering drawing,2
north_carolina_state,north_carolina_state__38,systems engineering,1
north_carolina_state,north_carolina_state__39,automation,1
north_carolina_state,north_carolina_state__40,process control,1
north_carolina_state,north_carolina_state__41,sustainability,1
north_carolina_state,north_carolina_state__42,materials engineering,1
north_carolina_state,north_carolina_state__43,control systems,1
north_carolina_state,north_carolina_state__43,process control,1
north_carolina_state,north_carolina_state__44,process control,1
north_carolina_state,north_carolina_state__45,materials engineering,1
north_carolina_state,north_carolina_state__46,process control,1
north_carolina_state,north_carolina_state__47,process control,1
north_carolina_state,north_carolina_state__48,predictive analytics,1
north_carolina_state,north_carolina_state__49,life cycle analysis,1
north_carolina_state,north_carolina_state__50,heat transfer,1
north_carolina_state,north_carolina_state__51,life cycle analysis,1
north_carolina_state,north_carolina_state__52,sustainability,1
north_carolina_state,north_carolina_state__53,esg,1
north_carolina_state,north_carolina_state__54,sustainability,2
north_carolina_state,north_carolina_state__54,project management,4
north_carolina_state,north_carolina_state__55,sustainability,1
north_carolina_state,north_carolina_state__56,sustainability,2
north_carolina_state,north_carolina_state__57,sustainability,1
north_carolina_state,north_carolina_state__58,greenhouse gas emissions,1
north_carolina_state,north_carolina_state__59,geographic information systems,2
north_carolina_state,north_carolina_state__60,water quality,1
north_carolina_state,north_carolina_state__61,water quality,2
north_carolina_state,north_carolina_state__62,ion exchange,1
north_carolina_state,north_carolina_state__63,geographic information systems,2
north_carolina_state,north_carolina_state__64,water quality,2
north_carolina_state,north_carolina_state__65,risk assessment,1
north_carolina_state,north_carolina_state__65,explosion,1
north_carolina_state,north_carolina_state__66,resource management,1
north_carolina_state,north_carolina_state__67,resource management,1
north_carolina_state,north_carolina_state__68,geographic information systems,2
north_carolina_state,north_carolina_state__69,environmental regulation,1
north_carolina_state,north_carolina_state__69,energy policy,2
north_carolina_state,north_carolina_state__69,energy supply,1
north_carolina_state,north_carolina_state__70,sustainability,1
north_carolina_state,north_carolina_state__71,hydride,1
north_carolina_state,north_carolina_state__72,pipeline,1
north_carolina_state,north_carolina_state__73,quality assurance,4
north_carolina_state,north_carolina_state__74,process control,1
north_carolina_state,north_carolina_state__75,catalysis,1
north_carolina_state,north_carolina_state__75,sustainability,1
north_carolina_state,north_carolina_state__75,chemical synthesis,1
north_carolina_state,north_carolina_state__76,chemical engineering,1
north_carolina_state,north_carolina_state__77,chemical engineering,1
north_carolina_state,north_carolina_state__77,heat transfer,1
north_carolina_state,north_carolina_state__78,materials engineering,1
north_carolina_state,north_carolina_state__79,process engineering,2
north_carolina_state,north_carolina_state__80,process control,1
north_carolina_state,north_carolina_state__81,life cycle analysis,4
north_carolina_state,north_carolina_state__82,life cycle analysis,4
north_carolina_state,north_carolina_state__83,water quality,1
north_carolina_state,north_carolina_state__84,project management,1
north_carolina_state,north_carolina_state__85,hydrogen,1
north_carolina_state,north_carolina_state__86,environmental stewardship,1
north_carolina_state,north_carolina_state__87,sustainability,1
north_carolina_state,north_carolina_state__88,resource management,1
north_carolina_state,north_carolina_state__89,resource management,1
north_carolina_state,north_carolina_state__90,sustainability,2
north_carolina_state,north_carolina_state__91,sustainability,1
north_carolina_state,north_carolina_state__92,geographic information systems,1
north_carolina_state,north_carolina_state__93,sustainability,2
north_carolina_state,north_carolina_state__94,environmental stewardship,1
north_carolina_state,north_carolina_state__95,resource management,1
north_carolina_state,north_carolina_state__96,sustainability,1
north_carolina_state,north_carolina_state__97,explosion,1
north_carolina_state,north_carolina_state__98,sustainability,1
north_carolina_state,north_carolina_state__99,systems engineering,1
north_carolina_state,north_carolina_state__100,systems engineering,1
north_carolina_state,north_carolina_state__101,system optimization,1
north_carolina_state,north_carolina_state__102,sustainability,1
north_carolina_state,north_carolina_state__103,quality assurance,3
north_carolina_state,north_carolina_state__104,heat transfer,1
north_carolina_state,north_carolina_state__105,control systems,1
north_carolina_state,north_carolina_state__106,heat transfer,1
north_carolina_state,north_carolina_state__107,cryogenic,1
north_carolina_state,north_carolina_state__108,materials science,2
north_carolina_state,north_carolina_state__109,heat transfer,2
north_carolina_state,north_carolina_state__110,heat transfer,1
north_carolina_state,north_carolina_state__111,power generation,1
north_carolina_state,north_carolina_state__112,embrittlement,1
north_carolina_state,north_carolina_state__113,risk assessment,3
north_carolina_state,north_carolina_state__114,heat transfer,1
north_carolina_state,north_carolina_state__115,heat transfer,1
north_carolina_state,north_carolina_state__116,power generation,1
north_carolina_state,north_carolina_state__117,embrittlement,1
north_carolina_state,north_carolina_state__118,risk assessment,3
north_carolina_state,north_carolina_state__119,combustion,1
north_carolina_state,north_carolina_state__119,heat transfer,2
north_carolina_state,north_carolina_state__120,cryogenic,1
north_carolina_state,north_carolina_state__121,risk assessment,1
north_carolina_state,north_carolina_state__122,energy market,1
north_carolina_state,north_carolina_state__123,geographic information systems,1
north_carolina_state,north_carolina_state__124,resource management,2
north_carolina_state,north_carolina_state__125,water quality,2
north_carolina_state,north_carolina_state__126,water quality,1
north_carolina_state,north_carolina_state__127,resource management,1
north_carolina_state,north_carolina_state__128,environmental impact assessment,1
north_carolina_state,north_carolina_state__129,quality assurance,1
north_carolina_state,north_carolina_state__130,hydride,1
north_carolina_state,north_carolina_state__131,resource management,2
north_carolina_state,north_carolina_state__132,sustainability,3
north_carolina_state,north_carolina_state__132,resource management,1
north_carolina_state,north_carolina_state__133,water quality,2
north_carolina_state,north_carolina_state__134,water quality,1
north_carolina_state,north_carolina_state__135,resource management,1
north_carolina_state,north_carolina_state__136,project management,1
north_carolina_state,north_carolina_state__137,project management,1
north_carolina_state,north_carolina_state__138,systems engineering,3
north_carolina_state,north_carolina_state__139,project management,1
north_carolina_state,north_carolina_state__139,heat transfer,1
north_carolina_state,north_carolina_state__140,systems engineering,1
north_carolina_state,north_carolina_state__141,systems engineering,1
north_carolina_state,north_carolina_state__142,systems engineering,1
north_carolina_state,north_carolina_state__143,heat transfer,1
north_carolina_state,north_carolina_state__144,catalyst,1
north_carolina_state,north_carolina_state__145,sustainability,1
north_carolina_state,north_carolina_state__146,pipeline,1
north_carolina_state,north_carolina_state__147,water quality,1
north_carolina_state,north_carolina_state__148,materials science,1
north_carolina_state,north_carolina_state__149,materials science,2
north_carolina_state,north_carolina_state__150,embrittlement,1
north_carolina_state,north_carolina_state__151,materials engineering,1
north_carolina_state,north_carolina_state__152,welding,1
north_carolina_state,north_carolina_state__153,materials science,1
north_carolina_state,north_carolina_state__154,materials science,2
north_carolina_state,north_carolina_state__155,electrochemical,1
north_carolina_state,north_carolina_state__155,corrosion,1
north_carolina_state,north_carolina_state__156,materials engineering,2
north_carolina_state,north_carolina_state__157,materials engineering,2
north_carolina_state,north_carolina_state__158,materials science,1
north_carolina_state,north_carolina_state__159,embrittlement,1
north_carolina_state,north_carolina_state__160,corrosion,1
north_carolina_state,north_carolina_state__161,welding,1
north_carolina_state,north_carolina_state__162,materials science,2
north_carolina_state,north_carolina_state__163,electrochemical,1
north_carolina_state,north_carolina_state__163,corrosion,1
north_carolina_state,north_carolina_state__164,materials science,2
north_carolina_state,north_carolina_state__165,materials science,1
north_carolina_state,north_carolina_state__166,materials science,1
north_carolina_state,north_carolina_state__167,materials science,1
north_carolina_state,north_carolina_state__168,corrosion,5
north_carolina_state,north_carolina_state__169,materials science,2
north_carolina_state,north_carolina_state__170,materials science,1
north_carolina_state,north_carolina_state__171,materials science,2
north_carolina_state,north_carolina_state__172,materials science,1
north_carolina_state,north_carolina_state__173,heat transfer,1
north_carolina_state,north_carolina_state__174,esg,2
north_carolina_state,north_carolina_state__175,system optimization,1
north_carolina_state,north_carolina_state__176,esg,1
north_carolina_state,north_carolina_state__177,system optimization,1
north_carolina_state,north_carolina_state__178,heat transfer,1
north_carolina_state,north_carolina_state__179,combustion,1
north_carolina_state,north_carolina_state__180,heat transfer,4
north_carolina_state,north_carolina_state__181,pressure vessel,1
north_carolina_state,north_carolina_state__182,environmental regulation,1
north_carolina_state,north_carolina_state__183,gas turbine,1
north_carolina_state,north_carolina_state__184,combustion,5
north_carolina_state,north_carolina_state__185,welding,1
north_carolina_state,north_carolina_state__185,electrochemical,1
north_carolina_state,north_carolina_state__185,process control,1
north_carolina_state,north_carolina_state__186,compressors,1
north_carolina_state,north_carolina_state__186,heat transfer,1
north_carolina_state,north_carolina_state__187,heat transfer,1
north_carolina_state,north_carolina_state__188,control systems,2
north_carolina_state,north_carolina_state__189,gas turbine,1
north_carolina_state,north_carolina_state__190,heat transfer,1
north_carolina_state,north_carolina_state__191,control systems,1
north_carolina_state,north_carolina_state__192,systems engineering,1
north_carolina_state,north_carolina_state__193,combustion,2
north_carolina_state,north_carolina_state__194,heat transfer,1
north_carolina_state,north_carolina_state__195,fuel cell,1
north_carolina_state,north_carolina_state__195,combustion,1
north_carolina_state,north_carolina_state__196,process control,1
north_carolina_state,north_carolina_state__197,control systems,1
north_carolina_state,north_carolina_state__198,materials science,1
north_carolina_state,north_carolina_state__199,pressure vessel,1
north_carolina_state,north_carolina_state__200,heat transfer,1
north_carolina_state,north_carolina_state__201,chemical engineering,1
north_carolina_state,north_carolina_state__202,heat transfer,2
north_carolina_state,north_carolina_state__203,combustion,3
north_carolina_state,north_carolina_state__204,heat transfer,1
north_carolina_state,north_carolina_state__205,heat transfer,2
north_carolina_state,north_carolina_state__206,heat transfer,3
north_carolina_state,north_carolina_state__207,heat transfer,1
north_carolina_state,north_carolina_state__208,combustion,1
north_carolina_state,north_carolina_state__209,water quality,1
north_carolina_state,north_carolina_state__210,water quality,1
north_carolina_state,north_carolina_state__211,heat transfer,1
north_carolina_state,north_carolina_state__212,risk assessment,1
north_carolina_state,north_carolina_state__213,risk assessment,1
north_carolina_state,north_carolina_state__214,risk assessment,1
north_carolina_state,north_carolina_state__215,resource management,1
north_carolina_state,north_carolina_state__216,resource management,1
north_carolina_state,north_carolina_state__217,systems engineering,2
north_carolina_state,north_carolina_state__218,automation,1
north_carolina_state,north_carolina_state__219,automation,2
north_carolina_state,north_carolina_state__220,systems engineering,1
north_carolina_state,north_carolina_state__221,systems engineering,1
north_carolina_state,north_carolina_state__222,systems engineering,2
north_carolina_state,north_carolina_state__223,risk assessment,1
north_carolina_state,north_carolina_state__224,process engineering,2
north_carolina_state,north_carolina_state__225,systems engineering,1
north_carolina_state,north_carolina_state__226,systems engineering,1
north_carolina_state,north_carolina_state__227,resource management,1
north_carolina_state,north_carolina_state__227,control systems,1
north_carolina_state,north_carolina_state__228,control systems,1
north_carolina_state,north_carolina_state__229,process engineering,2
north_carolina_state,north_carolina_state__230,systems engineering,1
north_carolina_state,north_carolina_state__231,process safety,1
north_carolina_state,north_carolina_state__231,risk assessment,1
north_carolina_state,north_carolina_state__232,process control,1
north_carolina_state,north_carolina_state__233,system optimization,2
north_carolina_state,north_carolina_state__234,systems engineering,2
north_carolina_state,north_carolina_state__235,system optimization,1
north_carolina_state,north_carolina_state__236,control systems,1
north_carolina_state,north_carolina_state__237,material selection,1
north_carolina_state,north_carolina_state__238,sustainability,1
north_carolina_state,north_carolina_state__239,sustainability,1
north_carolina_state,north_carolina_state__240,greenhouse gas emissions,1
north_carolina_state,north_carolina_state__241,sustainability,3
north_carolina_state,north_carolina_state__242,sustainability,1
north_carolina_state,north_carolina_state__243,equipment maintenance,1
north_carolina_state,north_carolina_state__244,risk assessment,1
north_carolina_state,north_carolina_state__245,sustainability,1
north_carolina_state,north_carolina_state__245,resource management,1
north_carolina_state,north_carolina_state__246,water quality,1
north_carolina_state,north_carolina_state__247,sustainability,1
north_carolina_state,north_carolina_state__248,process engineering,1
north_carolina_state,north_carolina_state__248,heat transfer,1
north_carolina_state,north_carolina_state__249,process control,1
north_carolina_state,north_carolina_state__250,sustainability,1
north_carolina_state,north_carolina_state__251,resource management,1
north_carolina_state,north_carolina_state__252,process control,1
north_carolina_state,north_carolina_state__253,risk assessment,1
north_carolina_state,north_carolina_state__254,sustainability,1
north_carolina_state,north_carolina_state__255,resource management,2
north_carolina_state,north_carolina_state__256,water quality,2
north_carolina_state,north_carolina_state__257,sustainability,1
north_carolina_state,north_carolina_state__258,heat transfer,1
north_carolina_state,north_carolina_state__259,water quality,1
north_carolina_state,north_carolina_state__260,water quality,2
north_carolina_state,north_carolina_state__261,chemical engineering,1
north_carolina_state,north_carolina_state__262,biofuels,1
north_carolina_state,north_carolina_state__263,resource management,1
north_carolina_state,north_carolina_state__264,quality assurance,1
north_carolina_state,north_carolina_state__265,quality assurance,3
north_carolina_state,north_carolina_state__266,quality assurance,1
north_carolina_state,north_carolina_state__267,quality assurance,4
north_carolina_state,north_carolina_state__268,quality assurance,1
north_carolina_state,north_carolina_state__269,quality assurance,3
north_carolina_state,north_carolina_state__270,sustainability,2
north_carolina_state,north_carolina_state__271,sustainability,1
north_carolina_state,north_carolina_state__272,resource management,1
north_carolina_state,north_carolina_state__273,water quality,1
north_carolina_state,north_carolina_state__274,water quality,1
north_carolina_state,north_carolina_state__275,project management,1
north_carolina_state,north_carolina_state__276,automation,1
north_carolina_state,north_carolina_state__277,resource management,2
north_carolina_state,north_carolina_state__278,sustainability,1
north_carolina_state,north_carolina_state__279,sustainability,1
north_carolina_state,north_carolina_state__280,environmental regulation,2
north_carolina_state,north_carolina_state__281,biofuels,1
north_carolina_state,north_carolina_state__281,renewable energy,3
north_carolina_state,north_carolina_state__282,water quality,1
north_carolina_state,north_carolina_state__283,power generation,1
north_carolina_state,north_carolina_state__284,renewable energy,2
north_carolina_state,north_carolina_state__285,project management,2
north_carolina_state,north_carolina_state__285,resource management,1
north_carolina_state,north_carolina_state__286,hazard identification,1
north_carolina_state,north_carolina_state__286,risk assessment,3
north_carolina_state,north_carolina_state__287,quality assurance,1
north_carolina_state,north_carolina_state__288,water quality,5
north_carolina_state,north_carolina_state__289,risk assessment,1
north_carolina_state,north_carolina_state__290,renewable energy,4
north_carolina_state,north_carolina_state__290,energy policy,1
north_carolina_state,north_carolina_state__291,power generation,1
north_carolina_state,north_carolina_state__291,renewable energy,1
north_carolina_state,north_carolina_state__292,sustainability,1
north_carolina_state,north_carolina_state__293,renewable energy,2
north_carolina_state,north_carolina_state__293,clean energy,1
north_carolina_state,north_carolina_state__294,resource management,2
north_carolina_state,north_carolina_state__295,resource management,1
north_carolina_state,north_carolina_state__296,process control,1
north_carolina_state,north_carolina_state__297,environmental regulation,2
north_carolina_state,north_carolina_state__298,sustainability,1
north_carolina_state,north_carolina_state__299,heat transfer,1
north_carolina_state,north_carolina_state__300,resource management,1
north_carolina_state,north_carolina_state__301,sustainability,1
north_carolina_state,north_carolina_state__302,resource management,1
north_carolina_state,north_carolina_state__303,explosion,1
north_carolina_state,north_carolina_state__304,control systems,2
north_carolina_state,north_carolina_state__305,fuel cell,1
north_carolina_state,north_carolina_state__306,control systems,1
north_carolina_state,north_carolina_state__307,fuel cell,1
north_carolina_state,north_carolina_state__307,power generation,1
north_carolina_state,north_carolina_state__307,renewable energy,1
north_carolina_state,north_carolina_state__308,project development,1
north_carolina_state,north_carolina_state__309,project management,1
north_carolina_state,north_carolina_state__310,electrochemistry,1
north_carolina_state,north_carolina_state__311,control systems,1
north_carolina_state,north_carolina_state__312,fuel cell,1
north_carolina_state,north_carolina_state__312,power generation,1
north_carolina_state,north_carolina_state__312,renewable energy,1
north_carolina_state,north_carolina_state__313,project development,1
north_carolina_state,north_carolina_state__314,automation,1
north_carolina_state,north_carolina_state__315,project management,2
north_carolina_state,north_carolina_state__315,systems engineering,1
north_carolina_state,north_carolina_state__316,systems engineering,1
north_carolina_state,north_carolina_state__317,pipeline,1
north_carolina_state,north_carolina_state__318,sustainability,1
north_carolina_state,north_carolina_state__319,water quality,1
north_carolina_state,north_carolina_state__320,sustainability,1
north_carolina_state,north_carolina_state__321,water quality,1
north_carolina_state,north_carolina_state__322,resource management,1
north_carolina_state,north_carolina_state__323,chemical engineering,1
north_carolina_state,north_carolina_state__324,chemical engineering,2
north_carolina_state,north_carolina_state__325,heat transfer,1
north_carolina_state,north_carolina_state__326,chemical engineering,1
north_carolina_state,north_carolina_state__327,chemical engineering,1
north_carolina_state,north_carolina_state__327,heat transfer,1
north_carolina_state,north_carolina_state__328,chemical engineering,1
north_carolina_state,north_carolina_state__329,chemical engineering,1
north_carolina_state,north_carolina_state__330,chemical engineering,1
north_carolina_state,north_carolina_state__331,automation,1
north_carolina_state,north_carolina_state__332,project management,1
north_carolina_state,north_carolina_state__333,project management,1
north_carolina_state,north_carolina_state__334,resource management,1
north_carolina_state,north_carolina_state__335,project management,1
north_carolina_state,north_carolina_state__335,quality assurance,1
north_carolina_state,north_carolina_state__336,chemical engineering,1
north_carolina_state,north_carolina_state__337,chemical engineering,1
north_carolina_state,north_carolina_state__338,chemical engineering,1
north_carolina_state,north_carolina_state__339,life cycle analysis,1
north_carolina_state,north_carolina_state__340,chemical engineering,1
north_carolina_state,north_carolina_state__341,chemical engineering,2
north_carolina_state,north_carolina_state__342,chemical engineering,1
north_carolina_state,north_carolina_state__343,chemical engineering,1
north_carolina_state,north_carolina_state__344,chemical engineering,7
north_carolina_state,north_carolina_state__345,chemical engineering,7
north_carolina_state,north_carolina_state__346,chemical engineering,1
north_carolina_state,north_carolina_state__347,project management,1
north_carolina_state,north_carolina_state__347,control systems,3
north_carolina_state,north_carolina_state__348,project management,3
north_carolina_state,north_carolina_state__349,risk assessment,1
north_carolina_state,north_carolina_state__350,pipeline,1
north_carolina_state,north_carolina_state__351,chemical engineering,1
north_carolina_state,north_carolina_state__352,life cycle analysis,1
north_carolina_state,north_carolina_state__353,catalysis,1
north_carolina_state,north_carolina_state__353,catalyst,1
north_carolina_state,north_carolina_state__354,chemical engineering,1
north_carolina_state,north_carolina_state__355,chemical engineering,2
north_carolina_state,north_carolina_state__356,chemical engineering,2
north_carolina_state,north_carolina_state__357,chemical engineering,2
north_carolina_state,north_carolina_state__358,chemical engineering,2
north_carolina_state,north_carolina_state__359,chemical engineering,1
north_carolina_state,north_carolina_state__360,chemical engineering,1
north_carolina_state,north_carolina_state__361,resource management,1
north_carolina_state,north_carolina_state__362,resource management,1
north_carolina_state,north_carolina_state__363,resource management,1
north_carolina_state,north_carolina_state__364,supply chain logistics,1
north_carolina_state,north_carolina_state__365,sustainability,1
north_carolina_state,north_carolina_state__365,resource management,1
north_carolina_state,north_carolina_state__366,predictive analytics,1
north_carolina_state,north_carolina_state__367,heat transfer,1
north_carolina_state,north_carolina_state__368,resource management,1
north_carolina_state,north_carolina_state__369,pipeline,2
north_carolina_state,north_carolina_state__370,project management,1
north_carolina_state,north_carolina_state__371,pipeline,1
north_carolina_state,north_carolina_state__372,catalysis,1
north_carolina_state,north_carolina_state__372,electrochemical,5
north_carolina_state,north_carolina_state__373,chemical engineering,2
north_carolina_state,north_carolina_state__374,chemical engineering,2
north_carolina_state,north_carolina_state__375,chemical engineering,2
north_carolina_state,north_carolina_state__376,sustainability,5
north_carolina_state,north_carolina_state__376,sustainability reporting,1
north_carolina_state,north_carolina_state__377,resource management,1
north_carolina_state,north_carolina_state__377,control systems,1
north_carolina_state,north_carolina_state__378,automation,1
north_carolina_state,north_carolina_state__379,sustainability,3
north_carolina_state,north_carolina_state__380,resource management,1
north_carolina_state,north_carolina_state__381,automation,1
north_carolina_state,north_carolina_state__382,quality assurance,1
north_carolina_state,north_carolina_state__383,quality assurance,1
north_carolina_state,north_carolina_state__384,catalysis,1
north_carolina_state,north_carolina_state__384,catalyst,1
north_carolina_state,north_carolina_state__385,automation,1
north_carolina_state,north_carolina_state__386,process control,1
north_carolina_state,north_carolina_state__387,electrochemistry,1
north_carolina_state,north_carolina_state__388,electrochemical,1
north_carolina_state,north_carolina_state__389,materials science,2
north_carolina_state,north_carolina_state__390,materials science,2
north_carolina_state,north_carolina_state__390,materials engineering,1
north_carolina_state,north_carolina_state__391,heat transfer,2
north_carolina_state,north_carolina_state__392,electrochemical,1
north_carolina_state,north_carolina_state__393,electrochemical,1
north_carolina_state,north_carolina_state__394,electrochemistry,1
north_carolina_state,north_carolina_state__395,catalysis,1
north_carolina_state,north_carolina_state__395,sustainability,1
north_carolina_state,north_carolina_state__395,chemical synthesis,1
north_carolina_state,north_carolina_state__396,electrochemical,1
north_carolina_state,north_carolina_state__397,catalysis,2
north_carolina_state,north_carolina_state__398,control systems,2
north_carolina_state,north_carolina_state__399,materials engineering,1
north_carolina_state,north_carolina_state__400,project management,1
north_carolina_state,north_carolina_state__401,risk assessment,1
north_carolina_state,north_carolina_state__402,electrochemistry,2
north_carolina_state,north_carolina_state__403,pressure vessel,1
north_carolina_state,north_carolina_state__404,sustainability,3
north_carolina_state,north_carolina_state__405,sustainability,1
north_carolina_state,north_carolina_state__405,project management,1
north_carolina_state,north_carolina_state__406,materials engineering,1
north_carolina_state,north_carolina_state__407,materials science,1
north_carolina_state,north_carolina_state__408,control systems,1
north_carolina_state,north_carolina_state__409,sustainability,1
north_carolina_state,north_carolina_state__410,systems engineering,1
north_carolina_state,north_carolina_state__411,control systems,1
north_carolina_state,north_carolina_state__412,control systems,1
north_carolina_state,north_carolina_state__413,renewable energy,4
north_carolina_state,north_carolina_state__414,greenhouse gas emissions,1
north_carolina_state,north_carolina_state__415,risk assessment,1
north_carolina_state,north_carolina_state__416,systems engineering,1
north_carolina_state,north_carolina_state__417,control systems,1
north_carolina_state,north_carolina_state__418,corrosion,1
north_carolina_state,north_carolina_state__419,project management,2
north_carolina_state,north_carolina_state__420,project management,1
north_carolina_state,north_carolina_state__421,risk assessment,1
north_carolina_state,north_carolina_state__422,renewable energy,4
north_carolina_state,north_carolina_state__423,greenhouse gas emissions,1
north_carolina_state,north_carolina_state__424,risk assessment,1
north_carolina_state,north_carolina_state__425,water quality,1
north_carolina_state,north_carolina_state__426,liquefaction,1
north_carolina_state,north_carolina_state__427,water quality,1
north_carolina_state,north_carolina_state__428,risk assessment,1
north_carolina_state,north_carolina_state__429,water quality,1
north_carolina_state,north_carolina_state__430,heat transfer,1
north_carolina_state,north_carolina_state__431,project management,1
north_carolina_state,north_carolina_state__432,project management,1
north_carolina_state,north_carolina_state__433,equipment maintenance,1
north_carolina_state,north_carolina_state__434,engineering drawing,1
north_carolina_state,north_carolina_state__435,process engineering,1
north_carolina_state,north_carolina_state__436,water quality,4
north_carolina_state,north_carolina_state__437,catalysis,1
north_carolina_state,north_carolina_state__437,electrochemistry,1
north_carolina_state,north_carolina_state__438,water quality,2
north_carolina_state,north_carolina_state__439,material selection,1
north_carolina_state,north_carolina_state__439,heat transfer,1
north_carolina_state,north_carolina_state__440,sustainability,1
north_carolina_state,north_carolina_state__441,water quality,1
north_carolina_state,north_carolina_state__442,hydrogen,1
north_carolina_state,north_carolina_state__442,renewable energy,2
north_carolina_state,north_carolina_state__443,geographic information systems,1
north_carolina_state,north_carolina_state__444,water quality,2
north_carolina_state,north_carolina_state__445,water quality,1
north_carolina_state,north_carolina_state__446,sustainability,1
north_carolina_state,north_carolina_state__447,catalysis,1
north_carolina_state,north_carolina_state__448,project management,1
north_carolina_state,north_carolina_state__449,resource management,2
north_carolina_state,north_carolina_state__450,water quality,1
north_carolina_state,north_carolina_state__451,water quality,1
north_carolina_state,north_carolina_state__452,project development,1
north_carolina_state,north_carolina_state__453,project development,2
north_carolina_state,north_carolina_state__454,water quality,1
north_carolina_state,north_carolina_state__455,water quality,1
north_carolina_state,north_carolina_state__456,sustainability,1
north_carolina_state,north_carolina_state__457,sustainability,1
north_carolina_state,north_carolina_state__458,sustainability,1
north_carolina_state,north_carolina_state__459,resource management,2
north_carolina_state,north_carolina_state__460,control systems,1
north_carolina_state,north_carolina_state__461,sustainability,1
north_carolina_state,north_carolina_state__462,renewable energy,3
north_carolina_state,north_carolina_state__463,sustainability,3
north_carolina_state,north_carolina_state__464,sustainability,2
north_carolina_state,north_carolina_state__465,sustainability,1
north_carolina_state,north_carolina_state__466,project management,1
north_carolina_state,north_carolina_state__467,sustainability,1
north_carolina_state,north_carolina_state__467,environmental regulation,2
north_carolina_state,north_carolina_state__468,resource management,1
north_carolina_state,north_carolina_state__469,resource management,2
north_carolina_state,north_carolina_state__470,automation,1
north_carolina_state,north_carolina_state__471,risk assessment,1
north_carolina_state,north_carolina_state__472,project management,3
oklahoma_state,oklahoma_state__0,electrochemistry,1
oklahoma_state,oklahoma_state__1,electrochemistry,1
oklahoma_state,oklahoma_state__2,electrochemistry,1
oklahoma_state,oklahoma_state__3,power generation,1
oklahoma_state,oklahoma_state__3,chemical engineering,1
oklahoma_state,oklahoma_state__4,chemical engineering,1
oklahoma_state,oklahoma_state__4,process engineering,1
oklahoma_state,oklahoma_state__5,chemical engineering,1
oklahoma_state,oklahoma_state__6,heat transfer,1
oklahoma_state,oklahoma_state__7,chemical engineering,1
oklahoma_state,oklahoma_state__8,chemical engineering,1
oklahoma_state,oklahoma_state__9,chemical engineering,1
oklahoma_state,oklahoma_state__10,chemical engineering,1
oklahoma_state,oklahoma_state__11,chemical engineering,1
oklahoma_state,oklahoma_state__12,catalysis,9
oklahoma_state,oklahoma_state__12,catalyst,1
oklahoma_state,oklahoma_state__12,chemical engineering,1
oklahoma_state,oklahoma_state__13,chemical engineering,2
oklahoma_state,oklahoma_state__14,process engineering,1
oklahoma_state,oklahoma_state__15,chemical synthesis,1
oklahoma_state,oklahoma_state__16,catalysis,1
oklahoma_state,oklahoma_state__17,catalysis,1
oklahoma_state,oklahoma_state__18,chemical engineering,1
oklahoma_state,oklahoma_state__18,electrochemical,1
oklahoma_state,oklahoma_state__18,electrochemistry,1
oklahoma_state,oklahoma_state__19,environmental regulation,1
oklahoma_state,oklahoma_state__20,catalysis,1
oklahoma_state,oklahoma_state__20,materials science,1
oklahoma_state,oklahoma_state__20,process control,1
oklahoma_state,oklahoma_state__21,chemical engineering,1
oklahoma_state,oklahoma_state__22,chemical engineering,1
oklahoma_state,oklahoma_state__23,ansys,1
oklahoma_state,oklahoma_state__24,chemical engineering,1
oklahoma_state,oklahoma_state__25,chemical engineering,2
oklahoma_state,oklahoma_state__26,catalysis,1
oklahoma_state,oklahoma_state__27,catalysis,9
oklahoma_state,oklahoma_state__27,catalyst,1
oklahoma_state,oklahoma_state__27,chemical engineering,1
oklahoma_state,oklahoma_state__28,ion exchange,1
oklahoma_state,oklahoma_state__28,chemical engineering,1
oklahoma_state,oklahoma_state__29,materials science,1
oklahoma_state,oklahoma_state__30,process engineering,1
oklahoma_state,oklahoma_state__31,chemical engineering,1
oklahoma_state,oklahoma_state__31,electrochemical,1
oklahoma_state,oklahoma_state__31,electrochemistry,1
oklahoma_state,oklahoma_state__32,process simulation,1
oklahoma_state,oklahoma_state__33,catalysis,1
oklahoma_state,oklahoma_state__33,materials science,1
oklahoma_state,oklahoma_state__33,process control,1
oklahoma_state,oklahoma_state__34,chemical engineering,1
oklahoma_state,oklahoma_state__35,chemical engineering,1
oklahoma_state,oklahoma_state__36,catalysis,7
oklahoma_state,oklahoma_state__36,catalyst,1
oklahoma_state,oklahoma_state__37,control systems,1
oklahoma_state,oklahoma_state__38,chemical engineering,3
oklahoma_state,oklahoma_state__39,ansys,1
oklahoma_state,oklahoma_state__40,chemical engineering,1
oklahoma_state,oklahoma_state__41,process control,1
oklahoma_state,oklahoma_state__42,process control,1
oklahoma_state,oklahoma_state__43,chemical engineering,1
oklahoma_state,oklahoma_state__44,chemical engineering,1
oklahoma_state,oklahoma_state__45,chemical engineering,1
oklahoma_state,oklahoma_state__46,chemical engineering,1
oklahoma_state,oklahoma_state__47,chemical engineering,1
oklahoma_state,oklahoma_state__48,chemical engineering,3
oklahoma_state,oklahoma_state__49,chemical engineering,2
oklahoma_state,oklahoma_state__50,project management,1
oklahoma_state,oklahoma_state__51,project management,2
oklahoma_state,oklahoma_state__52,construction management,1
oklahoma_state,oklahoma_state__53,sustainability,1
oklahoma_state,oklahoma_state__54,control systems,2
oklahoma_state,oklahoma_state__55,biofuels,1
oklahoma_state,oklahoma_state__56,electrochemistry,1
oklahoma_state,oklahoma_state__57,risk assessment,1
oklahoma_state,oklahoma_state__58,risk assessment,2
oklahoma_state,oklahoma_state__59,project management,2
oklahoma_state,oklahoma_state__60,catalysis,1
oklahoma_state,oklahoma_state__61,construction management,1
oklahoma_state,oklahoma_state__62,sustainability,1
oklahoma_state,oklahoma_state__63,control systems,2
oklahoma_state,oklahoma_state__64,risk assessment,2
oklahoma_state,oklahoma_state__65,risk assessment,1
oklahoma_state,oklahoma_state__66,heat transfer,1
oklahoma_state,oklahoma_state__67,resource management,1
oklahoma_state,oklahoma_state__68,quality assurance,1
oklahoma_state,oklahoma_state__69,resource management,1
oklahoma_state,oklahoma_state__70,systems engineering,2
oklahoma_state,oklahoma_state__71,systems engineering,1
oklahoma_state,oklahoma_state__72,systems engineering,1
oklahoma_state,oklahoma_state__73,systems engineering,1
oklahoma_state,oklahoma_state__74,water quality,1
oklahoma_state,oklahoma_state__75,project management,1
oklahoma_state,oklahoma_state__75,geographic information systems,1
oklahoma_state,oklahoma_state__76,automation,1
oklahoma_state,oklahoma_state__77,resource management,2
oklahoma_state,oklahoma_state__78,control systems,1
oklahoma_state,oklahoma_state__79,control systems,1
oklahoma_state,oklahoma_state__80,risk assessment,1
oklahoma_state,oklahoma_state__81,catalysis,1
oklahoma_state,oklahoma_state__82,systems engineering,1
oklahoma_state,oklahoma_state__83,systems engineering,2
oklahoma_state,oklahoma_state__84,process engineering,1
oklahoma_state,oklahoma_state__85,water quality,2
oklahoma_state,oklahoma_state__86,systems engineering,1
oklahoma_state,oklahoma_state__87,systems engineering,2
oklahoma_state,oklahoma_state__88,port infrastructure,1
oklahoma_state,oklahoma_state__89,systems engineering,2
oklahoma_state,oklahoma_state__90,renewable energy,1
oklahoma_state,oklahoma_state__91,biofuels,2
oklahoma_state,oklahoma_state__92,process engineering,1
oklahoma_state,oklahoma_state__93,water quality,1
oklahoma_state,oklahoma_state__94,water quality,3
oklahoma_state,oklahoma_state__95,risk assessment,1
oklahoma_state,oklahoma_state__96,water quality,2
oklahoma_state,oklahoma_state__97,systems engineering,1
oklahoma_state,oklahoma_state__98,biomass gasification,1
oklahoma_state,oklahoma_state__98,catalysis,1
oklahoma_state,oklahoma_state__98,liquefaction,1
oklahoma_state,oklahoma_state__99,cryogenic,1
oklahoma_state,oklahoma_state__100,resource management,1
oklahoma_state,oklahoma_state__101,risk assessment,1
oklahoma_state,oklahoma_state__102,water quality,1
oklahoma_state,oklahoma_state__103,ion exchange,1
oklahoma_state,oklahoma_state__104,ion exchange,1
oklahoma_state,oklahoma_state__105,water quality,1
oklahoma_state,oklahoma_state__106,sustainability,4
oklahoma_state,oklahoma_state__107,explosion,1
oklahoma_state,oklahoma_state__108,risk assessment,1
oklahoma_state,oklahoma_state__109,sustainability,1
oklahoma_state,oklahoma_state__110,quality assurance,1
oklahoma_state,oklahoma_state__111,resource management,1
oklahoma_state,oklahoma_state__112,environmental regulation,1
oklahoma_state,oklahoma_state__113,risk assessment,1
oklahoma_state,oklahoma_state__114,automation,1
oklahoma_state,oklahoma_state__115,heat transfer,1
oklahoma_state,oklahoma_state__116,pipeline,1
oklahoma_state,oklahoma_state__117,corrosion,1
oklahoma_state,oklahoma_state__118,hydrogen,1
oklahoma_state,oklahoma_state__119,sustainability,1
oklahoma_state,oklahoma_state__120,resource management,1
oklahoma_state,oklahoma_state__121,sustainability,1
oklahoma_state,oklahoma_state__122,geographic information systems,1
oklahoma_state,oklahoma_state__123,resource management,1
oklahoma_state,oklahoma_state__124,geographic information systems,1
oklahoma_state,oklahoma_state__125,water quality,1
oklahoma_state,oklahoma_state__126,resource management,1
oklahoma_state,oklahoma_state__127,resource management,2
oklahoma_state,oklahoma_state__128,water quality,1
oklahoma_state,oklahoma_state__129,geographic information systems,1
oklahoma_state,oklahoma_state__130,sustainability,1
oklahoma_state,oklahoma_state__130,resource management,1
oklahoma_state,oklahoma_state__131,resource management,1
oklahoma_state,oklahoma_state__132,water quality,1
oklahoma_state,oklahoma_state__133,resource management,1
oklahoma_state,oklahoma_state__134,biofuels,1
oklahoma_state,oklahoma_state__135,control systems,1
oklahoma_state,oklahoma_state__136,control systems,1
oklahoma_state,oklahoma_state__137,control systems,1
oklahoma_state,oklahoma_state__138,quality assurance,1
oklahoma_state,oklahoma_state__139,engineering drawing,1
oklahoma_state,oklahoma_state__140,technical drawing,1
oklahoma_state,oklahoma_state__140,engineering drawing,1
oklahoma_state,oklahoma_state__141,material selection,1
oklahoma_state,oklahoma_state__142,engineering drawing,1
oklahoma_state,oklahoma_state__143,heat transfer,4
oklahoma_state,oklahoma_state__144,project management,1
oklahoma_state,oklahoma_state__145,project management,1
oklahoma_state,oklahoma_state__146,project management,1
oklahoma_state,oklahoma_state__147,project management,1
oklahoma_state,oklahoma_state__148,combustion,1
oklahoma_state,oklahoma_state__148,control systems,1
oklahoma_state,oklahoma_state__149,sustainability,1
oklahoma_state,oklahoma_state__150,materials science,1
oklahoma_state,oklahoma_state__151,electrochemical,1
oklahoma_state,oklahoma_state__152,materials science,1
oklahoma_state,oklahoma_state__153,materials science,1
oklahoma_state,oklahoma_state__154,chemical engineering,1
oklahoma_state,oklahoma_state__154,materials science,3
oklahoma_state,oklahoma_state__155,solid oxide,4
oklahoma_state,oklahoma_state__155,fuel cell,5
oklahoma_state,oklahoma_state__156,electrochemical,1
oklahoma_state,oklahoma_state__157,material selection,1
oklahoma_state,oklahoma_state__158,control systems,1
oklahoma_state,oklahoma_state__159,combustion,1
oklahoma_state,oklahoma_state__159,control systems,1
oklahoma_state,oklahoma_state__160,chemical engineering,1
oklahoma_state,oklahoma_state__160,materials engineering,1
oklahoma_state,oklahoma_state__161,sustainability,1
oklahoma_state,oklahoma_state__162,corrosion,3
oklahoma_state,oklahoma_state__163,electrochemistry,1
oklahoma_state,oklahoma_state__164,materials science,1
oklahoma_state,oklahoma_state__165,combustion,1
oklahoma_state,oklahoma_state__166,heat transfer,2
oklahoma_state,oklahoma_state__167,control systems,3
oklahoma_state,oklahoma_state__168,compressors,1
oklahoma_state,oklahoma_state__168,combustion,1
oklahoma_state,oklahoma_state__169,renewable energy,1
oklahoma_state,oklahoma_state__170,corrosion,1
oklahoma_state,oklahoma_state__171,corrosion,4
oklahoma_state,oklahoma_state__172,compressors,1
oklahoma_state,oklahoma_state__173,materials science,1
oklahoma_state,oklahoma_state__174,heat transfer,1
oklahoma_state,oklahoma_state__175,combustion,3
oklahoma_state,oklahoma_state__176,compressors,1
oklahoma_state,oklahoma_state__177,control systems,1
oklahoma_state,oklahoma_state__178,heat transfer,1
oklahoma_state,oklahoma_state__179,corrosion,3
oklahoma_state,oklahoma_state__180,esg,1
oklahoma_state,oklahoma_state__181,compressors,1
oklahoma_state,oklahoma_state__181,cryogenic,1
oklahoma_state,oklahoma_state__182,heat transfer,1
oklahoma_state,oklahoma_state__183,electrochemistry,1
oklahoma_state,oklahoma_state__184,control systems,1
oklahoma_state,oklahoma_state__185,heat transfer,3
oklahoma_state,oklahoma_state__186,heat transfer,1
oklahoma_state,oklahoma_state__187,heat transfer,2
oklahoma_state,oklahoma_state__188,heat transfer,2
oklahoma_state,oklahoma_state__189,heat transfer,2
oklahoma_state,oklahoma_state__190,systems engineering,2
oklahoma_state,oklahoma_state__191,fuel cell,1
oklahoma_state,oklahoma_state__191,combustion,1
oklahoma_state,oklahoma_state__192,welding,1
oklahoma_state,oklahoma_state__193,control systems,1
oklahoma_state,oklahoma_state__194,heat transfer,3
oklahoma_state,oklahoma_state__195,resource management,1
oklahoma_state,oklahoma_state__196,project development,1
oklahoma_state,oklahoma_state__197,project development,1
oklahoma_state,oklahoma_state__198,sustainability,1
oklahoma_state,oklahoma_state__198,automation,1
oklahoma_state,oklahoma_state__199,sustainability,1
oklahoma_state,oklahoma_state__200,resource management,2
oklahoma_state,oklahoma_state__201,sustainability,2
oklahoma_state,oklahoma_state__202,resource management,1
oklahoma_state,oklahoma_state__203,sustainability,1
oklahoma_state,oklahoma_state__204,resource management,1
oklahoma_state,oklahoma_state__205,sustainability,2
oklahoma_state,oklahoma_state__205,environmental stewardship,1
oklahoma_state,oklahoma_state__206,sustainability,1
oklahoma_state,oklahoma_state__206,life cycle assessment,1
oklahoma_state,oklahoma_state__207,resource management,1
oklahoma_state,oklahoma_state__208,resource management,2
oklahoma_state,oklahoma_state__209,sustainability,2
oklahoma_state,oklahoma_state__210,resource management,1
oklahoma_state,oklahoma_state__211,resource management,2
oklahoma_state,oklahoma_state__212,project management,2
oklahoma_state,oklahoma_state__213,project management,1
oklahoma_state,oklahoma_state__214,risk assessment,1
oklahoma_state,oklahoma_state__215,predictive analytics,2
oklahoma_state,oklahoma_state__216,pipeline,2
oklahoma_state,oklahoma_state__217,project management,1
oklahoma_state,oklahoma_state__218,project management,1
oklahoma_state,oklahoma_state__219,risk assessment,1
oklahoma_state,oklahoma_state__220,risk assessment,1
oklahoma_state,oklahoma_state__221,predictive analytics,1
oklahoma_state,oklahoma_state__222,resource management,1
oklahoma_state,oklahoma_state__223,resource management,1
oklahoma_state,oklahoma_state__224,sustainability,1
oklahoma_state,oklahoma_state__225,geographic information systems,1
oklahoma_state,oklahoma_state__226,risk assessment,1
oklahoma_state,oklahoma_state__227,risk assessment,1
oklahoma_state,oklahoma_state__228,project management,2
oklahoma_state,oklahoma_state__228,engineering management,1
oklahoma_state,oklahoma_state__229,control systems,1
oklahoma_state,oklahoma_state__230,engineering management,1
oklahoma_state,oklahoma_state__231,engineering management,1
oklahoma_state,oklahoma_state__232,control systems,3
oklahoma_state,oklahoma_state__233,resource management,2
oklahoma_state,oklahoma_state__234,geographic information systems,1
oklahoma_state,oklahoma_state__235,automation,1
oklahoma_state,oklahoma_state__236,engineering management,1
oklahoma_state,oklahoma_state__237,systems engineering,1
oklahoma_state,oklahoma_state__238,project management,3
oklahoma_state,oklahoma_state__239,control systems,1
oklahoma_state,oklahoma_state__240,automation,1
oklahoma_state,oklahoma_state__241,engineering management,1
oklahoma_state,oklahoma_state__242,control systems,1
oklahoma_state,oklahoma_state__243,sustainability,2
oklahoma_state,oklahoma_state__244,resource management,1
oklahoma_state,oklahoma_state__245,resource management,2
oklahoma_state,oklahoma_state__246,ccus,1
oklahoma_state,oklahoma_state__247,sustainability,1
oklahoma_state,oklahoma_state__248,risk assessment,1
oklahoma_state,oklahoma_state__249,sustainability,1
oklahoma_state,oklahoma_state__250,resource management,1
oklahoma_state,oklahoma_state__251,sustainability,1
oklahoma_state,oklahoma_state__252,project management,1
oklahoma_state,oklahoma_state__253,sustainability,1
oklahoma_state,oklahoma_state__254,sustainability,3
oklahoma_state,oklahoma_state__255,sustainability,1
oklahoma_state,oklahoma_state__256,sustainability,2
oklahoma_state,oklahoma_state__257,sustainability,1
oklahoma_state,oklahoma_state__258,sustainability,3
oklahoma_state,oklahoma_state__259,geographic information systems,1
oklahoma_state,oklahoma_state__260,sustainability,1
oklahoma_state,oklahoma_state__261,resource management,1
oklahoma_state,oklahoma_state__262,geographic information systems,1
oklahoma_state,oklahoma_state__263,resource management,2
oklahoma_state,oklahoma_state__264,geographic information systems,2
oklahoma_state,oklahoma_state__265,resource management,1
oklahoma_state,oklahoma_state__266,geographic information systems,1
oklahoma_state,oklahoma_state__267,resource management,1
oklahoma_state,oklahoma_state__268,control systems,1
oklahoma_state,oklahoma_state__269,geographic information systems,2
oklahoma_state,oklahoma_state__269,resource management,2
oklahoma_state,oklahoma_state__270,geographic information systems,2
oklahoma_state,oklahoma_state__271,geographic information systems,1
oklahoma_state,oklahoma_state__272,sustainability,2
oklahoma_state,oklahoma_state__273,geographic information systems,2
oklahoma_state,oklahoma_state__274,resource management,1
oklahoma_state,oklahoma_state__275,resource management,2
oklahoma_state,oklahoma_state__276,geographic information systems,1
oklahoma_state,oklahoma_state__277,geographic information systems,2
oklahoma_state,oklahoma_state__278,resource management,1
oklahoma_state,oklahoma_state__279,geographic information systems,2
oklahoma_state,oklahoma_state__279,resource management,2
oklahoma_state,oklahoma_state__280,resource management,1
oklahoma_state,oklahoma_state__281,geographic information systems,2
oklahoma_state,oklahoma_state__281,resource management,2
oklahoma_state,oklahoma_state__282,geographic information systems,2
oklahoma_state,oklahoma_state__283,water quality,1
oklahoma_state,oklahoma_state__284,water quality,1
oklahoma_state,oklahoma_state__285,geographic information systems,1
oklahoma_state,oklahoma_state__286,geographic information systems,1
oklahoma_state,oklahoma_state__287,sustainability,2
oklahoma_state,oklahoma_state__288,geographic information systems,1
oklahoma_state,oklahoma_state__289,resource management,1
oklahoma_state,oklahoma_state__290,heat transfer,1
oklahoma_state,oklahoma_state__291,water quality,1
oklahoma_state,oklahoma_state__292,water quality,1
oklahoma_state,oklahoma_state__293,heat transfer,1
oklahoma_state,oklahoma_state__294,carbon capture and storage,1
oklahoma_state,oklahoma_state__294,carbon capture,2
oklahoma_state,oklahoma_state__295,carbon storage,1
oklahoma_state,oklahoma_state__296,carbon storage,1
oklahoma_state,oklahoma_state__297,carbon capture and storage,2
oklahoma_state,oklahoma_state__297,ccs,1
oklahoma_state,oklahoma_state__297,carbon capture,2
oklahoma_state,oklahoma_state__297,energy transition,2
oklahoma_state,oklahoma_state__298,ccus,1
oklahoma_state,oklahoma_state__299,project management,1
oklahoma_state,oklahoma_state__300,explosion,4
oklahoma_state,oklahoma_state__301,combustion,1
oklahoma_state,oklahoma_state__301,explosion,3
oklahoma_state,oklahoma_state__302,process safety,1
oklahoma_state,oklahoma_state__302,industrial safety,2
oklahoma_state,oklahoma_state__302,explosion,2
oklahoma_state,oklahoma_state__303,explosion,1
oklahoma_state,oklahoma_state__304,explosion,2
oklahoma_state,oklahoma_state__305,explosion,1
oklahoma_state,oklahoma_state__306,quality assurance,1
oklahoma_state,oklahoma_state__307,quality assurance,3
oklahoma_state,oklahoma_state__308,heat transfer,1
oklahoma_state,oklahoma_state__309,explosion,2
oklahoma_state,oklahoma_state__310,risk assessment,1
oklahoma_state,oklahoma_state__311,quality assurance,1
oklahoma_state,oklahoma_state__312,risk assessment,1
oklahoma_state,oklahoma_state__313,combustion,1
oklahoma_state,oklahoma_state__314,explosion,2
oklahoma_state,oklahoma_state__315,explosion,3
oklahoma_state,oklahoma_state__316,explosion,1
oklahoma_state,oklahoma_state__317,project management,2
oklahoma_state,oklahoma_state__318,risk assessment,1
oklahoma_state,oklahoma_state__319,project management,2
oklahoma_state,oklahoma_state__320,risk mitigation,1
oklahoma_state,oklahoma_state__321,control systems,1
oklahoma_state,oklahoma_state__322,process safety,2
oklahoma_state,oklahoma_state__322,hazop,1
oklahoma_state,oklahoma_state__323,renewable energy,1
oklahoma_state,oklahoma_state__324,quality assurance,1
oklahoma_state,oklahoma_state__325,water quality,1
oklahoma_state,oklahoma_state__326,ion exchange,1
oklahoma_state,oklahoma_state__327,renewable energy,1
oklahoma_state,oklahoma_state__328,risk assessment,1
oklahoma_state,oklahoma_state__329,energy demand,1
oklahoma_state,oklahoma_state__330,risk assessment,1
oklahoma_state,oklahoma_state__331,sustainability,2
oklahoma_state,oklahoma_state__331,environmental stewardship,1
oklahoma_state,oklahoma_state__332,resource management,1
oklahoma_state,oklahoma_state__333,sustainability,1
oklahoma_state,oklahoma_state__333,life cycle assessment,1
oklahoma_state,oklahoma_state__334,iso 14000,1
oklahoma_state,oklahoma_state__335,environmental impact assessment,1
oklahoma_state,oklahoma_state__336,water quality,1
oklahoma_state,oklahoma_state__337,sustainability,1
oklahoma_state,oklahoma_state__338,pressure vessel,1
oklahoma_state,oklahoma_state__339,materials science,1
oklahoma_state,oklahoma_state__340,heat transfer,2
oklahoma_state,oklahoma_state__341,engineering management,1
oklahoma_state,oklahoma_state__342,project management,2
oklahoma_state,oklahoma_state__343,project management,1
oklahoma_state,oklahoma_state__344,sustainability,2
oklahoma_state,oklahoma_state__345,control systems,1
oklahoma_state,oklahoma_state__346,environmental regulation,1
oklahoma_state,oklahoma_state__347,environmental regulation,1
oklahoma_state,oklahoma_state__348,renewable energy,1
oklahoma_state,oklahoma_state__349,risk assessment,1
oklahoma_state,oklahoma_state__350,renewable energy,1
oklahoma_state,oklahoma_state__351,corrosion,1
oklahoma_state,oklahoma_state__352,project management,1
oklahoma_state,oklahoma_state__353,environmental regulation,1
oklahoma_state,oklahoma_state__354,power inverter,1
oklahoma_state,oklahoma_state__355,control systems,2
oklahoma_state,oklahoma_state__356,automation,1
oklahoma_state,oklahoma_state__357,control systems,1
oklahoma_state,oklahoma_state__358,renewable energy,2
oklahoma_state,oklahoma_state__359,fuel cell,1
oklahoma_state,oklahoma_state__360,renewable energy,1
oklahoma_state,oklahoma_state__361,energy policy,1
oklahoma_state,oklahoma_state__362,control systems,1
oklahoma_state,oklahoma_state__363,heat transfer,1
oklahoma_state,oklahoma_state__364,control systems,1
oklahoma_state,oklahoma_state__365,control systems,1
oklahoma_state,oklahoma_state__366,control systems,1
oklahoma_state,oklahoma_state__367,control systems,1
oklahoma_state,oklahoma_state__368,project management,2
oklahoma_state,oklahoma_state__369,renewable energy,2
oklahoma_state,oklahoma_state__369,energy supply,1
oklahoma_state,oklahoma_state__369,energy market,2
oklahoma_state,oklahoma_state__370,renewable energy,1
oklahoma_state,oklahoma_state__370,energy market,2
oklahoma_state,oklahoma_state__371,renewable energy,2
oklahoma_state,oklahoma_state__371,energy supply,1
oklahoma_state,oklahoma_state__371,energy market,2
oklahoma_state,oklahoma_state__372,flammability,1
oklahoma_state,oklahoma_state__373,sustainability,2
oklahoma_state,oklahoma_state__374,sustainability,4
oklahoma_state,oklahoma_state__375,sustainability,4
oklahoma_state,oklahoma_state__376,project management,1
oklahoma_state,oklahoma_state__377,project management,1
oklahoma_state,oklahoma_state__378,construction management,2
oklahoma_state,oklahoma_state__379,sustainability,1
oklahoma_state,oklahoma_state__379,project management,1
oklahoma_state,oklahoma_state__380,construction management,1
oklahoma_state,oklahoma_state__380,project management,1
oklahoma_state,oklahoma_state__381,systems engineering,1
oklahoma_state,oklahoma_state__382,project management,1
oklahoma_state,oklahoma_state__383,pipeline,1
oklahoma_state,oklahoma_state__384,systems engineering,1
oklahoma_state,oklahoma_state__385,resource management,1
oklahoma_state,oklahoma_state__386,pipeline,1
oklahoma_state,oklahoma_state__387,control systems,1
oklahoma_state,oklahoma_state__388,project management,1
oklahoma_state,oklahoma_state__389,sustainability,1
oklahoma_state,oklahoma_state__390,combustion,1
oklahoma_state,oklahoma_state__391,welding,3
oklahoma_state,oklahoma_state__392,heat transfer,1
oklahoma_state,oklahoma_state__393,automation,1
oklahoma_state,oklahoma_state__394,heat transfer,1
oklahoma_state,oklahoma_state__395,quality assurance,1
oklahoma_state,oklahoma_state__396,project management,1
oklahoma_state,oklahoma_state__397,resource management,1
oklahoma_state,oklahoma_state__398,resource management,1
oklahoma_state,oklahoma_state__399,sustainability,2
oklahoma_state,oklahoma_state__399,life cycle analysis,1
oklahoma_state,oklahoma_state__400,sustainability,1
oklahoma_state,oklahoma_state__401,sustainability,2
oregon_state_university,oregon_state_university__0,resource management,1
oregon_state_university,oregon_state_university__1,project management,1
oregon_state_university,oregon_state_university__2,resource management,1
oregon_state_university,oregon_state_university__3,systems engineering,2
oregon_state_university,oregon_state_university__4,heat transfer,1
oregon_state_university,oregon_state_university__5,systems engineering,2
oregon_state_university,oregon_state_university__6,heat transfer,1
oregon_state_university,oregon_state_university__7,project management,1
oregon_state_university,oregon_state_university__8,sustainability,1
oregon_state_university,oregon_state_university__9,technical drawing,1
oregon_state_university,oregon_state_university__10,sustainability,4
oregon_state_university,oregon_state_university__10,life cycle analysis,2
oregon_state_university,oregon_state_university__11,automation,1
oregon_state_university,oregon_state_university__11,process control,1
oregon_state_university,oregon_state_university__12,life cycle assessment,1
oregon_state_university,oregon_state_university__12,material selection,1
oregon_state_university,oregon_state_university__13,sustainability,2
oregon_state_university,oregon_state_university__14,risk mitigation,1
oregon_state_university,oregon_state_university__15,automation,1
oregon_state_university,oregon_state_university__15,process control,1
oregon_state_university,oregon_state_university__16,life cycle assessment,1
oregon_state_university,oregon_state_university__16,material selection,1
oregon_state_university,oregon_state_university__17,energy supply,1
oregon_state_university,oregon_state_university__17,combustion,1
oregon_state_university,oregon_state_university__18,resource management,2
oregon_state_university,oregon_state_university__19,sustainability,1
oregon_state_university,oregon_state_university__20,risk assessment,2
oregon_state_university,oregon_state_university__21,hazard identification,1
oregon_state_university,oregon_state_university__21,risk assessment,2
oregon_state_university,oregon_state_university__22,risk assessment,2
oregon_state_university,oregon_state_university__23,hazard identification,1
oregon_state_university,oregon_state_university__23,risk assessment,2
oregon_state_university,oregon_state_university__24,control systems,1
oregon_state_university,oregon_state_university__25,resource management,2
oregon_state_university,oregon_state_university__26,resource management,1
oregon_state_university,oregon_state_university__27,sustainability,2
oregon_state_university,oregon_state_university__28,sustainability,1
oregon_state_university,oregon_state_university__29,sustainability,2
oregon_state_university,oregon_state_university__29,resource management,1
oregon_state_university,oregon_state_university__30,resource management,1
oregon_state_university,oregon_state_university__31,sustainability,1
oregon_state_university,oregon_state_university__32,sustainability,1
oregon_state_university,oregon_state_university__32,resource management,1
oregon_state_university,oregon_state_university__33,sustainability,2
oregon_state_university,oregon_state_university__34,sustainability,1
oregon_state_university,oregon_state_university__34,resource management,1
oregon_state_university,oregon_state_university__35,sustainability,1
oregon_state_university,oregon_state_university__36,sustainability,1
oregon_state_university,oregon_state_university__37,ion exchange,2
oregon_state_university,oregon_state_university__38,ion exchange,2
oregon_state_university,oregon_state_university__39,heat transfer,1
oregon_state_university,oregon_state_university__40,project management,1
oregon_state_university,oregon_state_university__41,heat transfer,1
oregon_state_university,oregon_state_university__42,sustainability,1
oregon_state_university,oregon_state_university__43,sustainability,1
oregon_state_university,oregon_state_university__44,sustainability,1
oregon_state_university,oregon_state_university__45,resource management,1
oregon_state_university,oregon_state_university__46,control systems,2
oregon_state_university,oregon_state_university__47,energy transition,1
oregon_state_university,oregon_state_university__48,energy transition,1
oregon_state_university,oregon_state_university__49,sustainability,1
oregon_state_university,oregon_state_university__50,sustainability,5
oregon_state_university,oregon_state_university__51,sustainability,2
oregon_state_university,oregon_state_university__52,sustainability,2
oregon_state_university,oregon_state_university__53,sustainability,2
oregon_state_university,oregon_state_university__54,sustainability,3
oregon_state_university,oregon_state_university__55,sustainability,3
oregon_state_university,oregon_state_university__56,project management,3
oregon_state_university,oregon_state_university__57,water quality,1
oregon_state_university,oregon_state_university__58,risk assessment,1
oregon_state_university,oregon_state_university__59,geographic information systems,1
oregon_state_university,oregon_state_university__60,sustainability,1
oregon_state_university,oregon_state_university__61,sustainability,3
oregon_state_university,oregon_state_university__62,heat transfer,1
oregon_state_university,oregon_state_university__63,power generation,1
oregon_state_university,oregon_state_university__64,energy transition,1
oregon_state_university,oregon_state_university__65,energy transition,1
oregon_state_university,oregon_state_university__66,sustainability,1
oregon_state_university,oregon_state_university__67,sustainability,1
oregon_state_university,oregon_state_university__68,hydrogen,1
oregon_state_university,oregon_state_university__69,project management,1
oregon_state_university,oregon_state_university__70,resource management,1
oregon_state_university,oregon_state_university__71,sustainability,1
oregon_state_university,oregon_state_university__72,ccus,1
oregon_state_university,oregon_state_university__73,sustainability,1
oregon_state_university,oregon_state_university__74,sustainability,1
oregon_state_university,oregon_state_university__75,sustainability,1
oregon_state_university,oregon_state_university__76,energy policy,2
oregon_state_university,oregon_state_university__76,energy security,1
oregon_state_university,oregon_state_university__77,renewable energy,3
oregon_state_university,oregon_state_university__77,energy policy,2
oregon_state_university,oregon_state_university__78,energy policy,2
oregon_state_university,oregon_state_university__78,energy security,1
oregon_state_university,oregon_state_university__79,renewable energy,3
oregon_state_university,oregon_state_university__79,energy policy,2
oregon_state_university,oregon_state_university__80,biofuels,1
oregon_state_university,oregon_state_university__81,biofuels,1
oregon_state_university,oregon_state_university__82,greenhouse gas emissions,3
oregon_state_university,oregon_state_university__82,resource management,1
oregon_state_university,oregon_state_university__83,resource management,1
oregon_state_university,oregon_state_university__84,resource management,1
oregon_state_university,oregon_state_university__85,risk assessment,1
oregon_state_university,oregon_state_university__86,heat transfer,1
oregon_state_university,oregon_state_university__87,heat transfer,1
oregon_state_university,oregon_state_university__88,materials science,2
oregon_state_university,oregon_state_university__89,heat transfer,3
oregon_state_university,oregon_state_university__90,heat transfer,1
oregon_state_university,oregon_state_university__91,heat transfer,1
oregon_state_university,oregon_state_university__92,environmental protection,1
oregon_state_university,oregon_state_university__93,heat transfer,1
oregon_state_university,oregon_state_university__94,environmental protection,1
oregon_state_university,oregon_state_university__95,heat transfer,1
oregon_state_university,oregon_state_university__96,risk assessment,1
oregon_state_university,oregon_state_university__97,heat transfer,2
oregon_state_university,oregon_state_university__98,materials science,1
oregon_state_university,oregon_state_university__99,materials science,1
oregon_state_university,oregon_state_university__100,welding,4
oregon_state_university,oregon_state_university__101,welding,4
oregon_state_university,oregon_state_university__102,materials science,1
oregon_state_university,oregon_state_university__103,materials science,3
oregon_state_university,oregon_state_university__104,materials science,1
oregon_state_university,oregon_state_university__105,esg,1
oregon_state_university,oregon_state_university__106,esg,1
oregon_state_university,oregon_state_university__107,resource management,1
oregon_state_university,oregon_state_university__108,sustainability,1
oregon_state_university,oregon_state_university__108,resource management,1
oregon_state_university,oregon_state_university__109,project management,1
oregon_state_university,oregon_state_university__110,project management,1
oregon_state_university,oregon_state_university__111,project management,3
oregon_state_university,oregon_state_university__111,risk assessment,1
oregon_state_university,oregon_state_university__112,resource management,2
oregon_state_university,oregon_state_university__113,project management,1
oregon_state_university,oregon_state_university__114,project management,1
oregon_state_university,oregon_state_university__115,sustainability,1
oregon_state_university,oregon_state_university__116,systems engineering,1
oregon_state_university,oregon_state_university__116,resource management,1
oregon_state_university,oregon_state_university__117,control systems,1
oregon_state_university,oregon_state_university__117,automation,1
oregon_state_university,oregon_state_university__118,sustainability,1
oregon_state_university,oregon_state_university__119,sustainability,1
oregon_state_university,oregon_state_university__120,systems engineering,1
oregon_state_university,oregon_state_university__120,resource management,1
oregon_state_university,oregon_state_university__121,sustainability,1
oregon_state_university,oregon_state_university__122,welding,1
oregon_state_university,oregon_state_university__123,heat transfer,1
oregon_state_university,oregon_state_university__124,heat transfer,1
oregon_state_university,oregon_state_university__125,heat transfer,3
oregon_state_university,oregon_state_university__126,heat transfer,3
oregon_state_university,oregon_state_university__127,heat transfer,1
oregon_state_university,oregon_state_university__128,heat transfer,1
oregon_state_university,oregon_state_university__129,heat transfer,1
oregon_state_university,oregon_state_university__130,combustion,2
oregon_state_university,oregon_state_university__131,heat transfer,3
oregon_state_university,oregon_state_university__132,heat transfer,1
oregon_state_university,oregon_state_university__133,heat transfer,1
oregon_state_university,oregon_state_university__134,sustainability,1
oregon_state_university,oregon_state_university__135,materials science,1
oregon_state_university,oregon_state_university__136,systems engineering,1
oregon_state_university,oregon_state_university__137,control systems,2
oregon_state_university,oregon_state_university__138,heat transfer,3
oregon_state_university,oregon_state_university__139,combustion,2
oregon_state_university,oregon_state_university__140,heat transfer,2
oregon_state_university,oregon_state_university__141,heat transfer,3
oregon_state_university,oregon_state_university__142,heat transfer,3
oregon_state_university,oregon_state_university__143,heat transfer,2
oregon_state_university,oregon_state_university__144,materials science,1
oregon_state_university,oregon_state_university__145,sustainability,1
oregon_state_university,oregon_state_university__146,automation,1
oregon_state_university,oregon_state_university__147,automation,2
oregon_state_university,oregon_state_university__148,project management,1
oregon_state_university,oregon_state_university__149,systems engineering,2
oregon_state_university,oregon_state_university__150,systems engineering,1
oregon_state_university,oregon_state_university__151,systems engineering,1
oregon_state_university,oregon_state_university__152,project management,1
oregon_state_university,oregon_state_university__153,systems engineering,1
oregon_state_university,oregon_state_university__154,systems engineering,1
oregon_state_university,oregon_state_university__155,project management,1
oregon_state_university,oregon_state_university__156,automation,3
oregon_state_university,oregon_state_university__157,automation,1
oregon_state_university,oregon_state_university__158,water usage,1
oregon_state_university,oregon_state_university__159,sustainability,2
oregon_state_university,oregon_state_university__160,control systems,1
oregon_state_university,oregon_state_university__161,sustainability,1
oregon_state_university,oregon_state_university__162,renewable energy,1
oregon_state_university,oregon_state_university__163,sustainability,1
oregon_state_university,oregon_state_university__164,sustainability,1
oregon_state_university,oregon_state_university__165,sustainability,1
oregon_state_university,oregon_state_university__166,greenhouse gas emissions,1
oregon_state_university,oregon_state_university__167,sustainability,2
oregon_state_university,oregon_state_university__168,sustainability,2
oregon_state_university,oregon_state_university__169,sustainability,1
oregon_state_university,oregon_state_university__170,geographic information systems,2
oregon_state_university,oregon_state_university__171,project management,1
oregon_state_university,oregon_state_university__172,resource management,2
oregon_state_university,oregon_state_university__173,sustainability,1
oregon_state_university,oregon_state_university__174,resource management,1
oregon_state_university,oregon_state_university__175,geographic information systems,1
oregon_state_university,oregon_state_university__176,resource management,1
oregon_state_university,oregon_state_university__177,project management,1
oregon_state_university,oregon_state_university__178,sustainability,1
oregon_state_university,oregon_state_university__179,resource management,2
oregon_state_university,oregon_state_university__180,sustainability,1
oregon_state_university,oregon_state_university__181,geographic information systems,1
oregon_state_university,oregon_state_university__182,geographic information systems,1
oregon_state_university,oregon_state_university__183,resource management,1
oregon_state_university,oregon_state_university__184,project management,1
oregon_state_university,oregon_state_university__185,geographic information systems,1
oregon_state_university,oregon_state_university__186,process engineering,1
oregon_state_university,oregon_state_university__187,resource management,1
oregon_state_university,oregon_state_university__188,greenhouse gas emissions,3
oregon_state_university,oregon_state_university__188,resource management,1
oregon_state_university,oregon_state_university__189,risk assessment,1
oregon_state_university,oregon_state_university__190,process control,1
oregon_state_university,oregon_state_university__190,quality assurance,2
oregon_state_university,oregon_state_university__191,heat transfer,1
oregon_state_university,oregon_state_university__192,greenhouse gas emissions,1
oregon_state_university,oregon_state_university__192,ghg emissions,1
oregon_state_university,oregon_state_university__193,resource management,1
oregon_state_university,oregon_state_university__194,geographic information systems,1
oregon_state_university,oregon_state_university__195,heat transfer,1
oregon_state_university,oregon_state_university__196,risk mitigation,1
oregon_state_university,oregon_state_university__197,risk mitigation,1
oregon_state_university,oregon_state_university__198,resource management,1
oregon_state_university,oregon_state_university__199,geographic information systems,2
oregon_state_university,oregon_state_university__200,sustainability,1
oregon_state_university,oregon_state_university__201,sustainability,1
oregon_state_university,oregon_state_university__201,resource management,2
oregon_state_university,oregon_state_university__202,resource management,1
oregon_state_university,oregon_state_university__203,resource management,1
oregon_state_university,oregon_state_university__204,resource management,1
oregon_state_university,oregon_state_university__205,resource management,1
oregon_state_university,oregon_state_university__206,resource management,1
oregon_state_university,oregon_state_university__207,resource management,2
oregon_state_university,oregon_state_university__208,resource management,2
oregon_state_university,oregon_state_university__209,sustainability,1
oregon_state_university,oregon_state_university__209,risk assessment,1
oregon_state_university,oregon_state_university__210,resource management,1
oregon_state_university,oregon_state_university__211,hydrogen,1
oregon_state_university,oregon_state_university__212,risk assessment,1
oregon_state_university,oregon_state_university__213,risk assessment,1
oregon_state_university,oregon_state_university__214,resource management,1
oregon_state_university,oregon_state_university__215,resource management,1
oregon_state_university,oregon_state_university__216,resource management,1
oregon_state_university,oregon_state_university__217,engineering drawing,1
oregon_state_university,oregon_state_university__218,sustainability,1
oregon_state_university,oregon_state_university__219,sustainability,1
oregon_state_university,oregon_state_university__220,quality assurance,1
oregon_state_university,oregon_state_university__221,quality assurance,1
oregon_state_university,oregon_state_university__222,risk assessment,1
oregon_state_university,oregon_state_university__223,engineering management,1
oregon_state_university,oregon_state_university__224,engineering management,1
oregon_state_university,oregon_state_university__224,systems engineering,3
oregon_state_university,oregon_state_university__225,engineering management,2
oregon_state_university,oregon_state_university__226,systems engineering,1
oregon_state_university,oregon_state_university__227,process control,1
oregon_state_university,oregon_state_university__228,project management,1
oregon_state_university,oregon_state_university__228,engineering management,1
oregon_state_university,oregon_state_university__229,sustainability,1
oregon_state_university,oregon_state_university__230,sustainability,1
oregon_state_university,oregon_state_university__230,water quality,1
oregon_state_university,oregon_state_university__231,resource management,1
oregon_state_university,oregon_state_university__232,resource management,1
oregon_state_university,oregon_state_university__233,sustainability,3
oregon_state_university,oregon_state_university__234,energy regulation,1
oregon_state_university,oregon_state_university__235,control systems,1
oregon_state_university,oregon_state_university__236,renewable energy,1
oregon_state_university,oregon_state_university__237,pipeline,1
oregon_state_university,oregon_state_university__238,electrochemical,1
oregon_state_university,oregon_state_university__239,process simulation,1
oregon_state_university,oregon_state_university__240,technical drawing,1
oregon_state_university,oregon_state_university__241,sustainability,1
oregon_state_university,oregon_state_university__242,sustainability,1
oregon_state_university,oregon_state_university__243,process simulation,1
oregon_state_university,oregon_state_university__244,process simulation,1
oregon_state_university,oregon_state_university__245,renewable energy,2
oregon_state_university,oregon_state_university__246,renewable energy,1
oregon_state_university,oregon_state_university__247,control systems,1
oregon_state_university,oregon_state_university__248,project development,1
oregon_state_university,oregon_state_university__249,project development,1
oregon_state_university,oregon_state_university__250,materials science,1
oregon_state_university,oregon_state_university__251,sustainability,1
oregon_state_university,oregon_state_university__252,renewable energy,2
oregon_state_university,oregon_state_university__253,sustainability,1
oregon_state_university,oregon_state_university__254,renewable energy,2
oregon_state_university,oregon_state_university__255,sustainability,1
oregon_state_university,oregon_state_university__256,project management,4
oregon_state_university,oregon_state_university__257,sustainability,2
oregon_state_university,oregon_state_university__257,esg,1
oregon_state_university,oregon_state_university__258,sustainability,2
oregon_state_university,oregon_state_university__258,esg,1
oregon_state_university,oregon_state_university__259,sustainability,1
oregon_state_university,oregon_state_university__260,risk assessment,1
oregon_state_university,oregon_state_university__261,risk assessment,1
oregon_state_university,oregon_state_university__262,hazard identification,1
oregon_state_university,oregon_state_university__263,construction management,1
oregon_state_university,oregon_state_university__264,construction management,2
oregon_state_university,oregon_state_university__265,project management,2
oregon_state_university,oregon_state_university__266,construction management,1
oregon_state_university,oregon_state_university__267,engineering management,1
oregon_state_university,oregon_state_university__268,project management,1
oregon_state_university,oregon_state_university__269,pipeline,1
oregon_state_university,oregon_state_university__270,project management,1
oregon_state_university,oregon_state_university__271,project management,1
oregon_state_university,oregon_state_university__272,water quality,1
oregon_state_university,oregon_state_university__273,pipeline,1
oregon_state_university,oregon_state_university__274,project management,1
oregon_state_university,oregon_state_university__275,project development,1
oregon_state_university,oregon_state_university__275,quality assurance,1
oregon_state_university,oregon_state_university__276,pipeline,1
oregon_state_university,oregon_state_university__277,quality assurance,1
oregon_state_university,oregon_state_university__278,quality assurance,1
oregon_state_university,oregon_state_university__279,quality assurance,1
oregon_state_university,oregon_state_university__280,water quality,1
oregon_state_university,oregon_state_university__281,pipeline,1
oregon_state_university,oregon_state_university__282,water quality,1
oregon_state_university,oregon_state_university__282,control systems,1
oregon_state_university,oregon_state_university__283,project management,1
oregon_state_university,oregon_state_university__284,liquefaction,1
oregon_state_university,oregon_state_university__285,liquefaction,1
oregon_state_university,oregon_state_university__286,control systems,1
oregon_state_university,oregon_state_university__287,pipeline,1
oregon_state_university,oregon_state_university__288,pipeline,1
oregon_state_university,oregon_state_university__289,project management,3
oregon_state_university,oregon_state_university__290,sustainability,1
oregon_state_university,oregon_state_university__291,process engineering,1
oregon_state_university,oregon_state_university__292,process engineering,1
oregon_state_university,oregon_state_university__293,chemical engineering,1
oregon_state_university,oregon_state_university__294,process safety,1
oregon_state_university,oregon_state_university__294,hazard identification,1
oregon_state_university,oregon_state_university__295,heat transfer,2
oregon_state_university,oregon_state_university__296,heat transfer,2
oregon_state_university,oregon_state_university__297,chemical engineering,1
oregon_state_university,oregon_state_university__298,catalyst,1
oregon_state_university,oregon_state_university__299,renewable energy,1
oregon_state_university,oregon_state_university__300,heat transfer,1
oregon_state_university,oregon_state_university__301,fuel cell,1
oregon_state_university,oregon_state_university__301,electrochemical,3
oregon_state_university,oregon_state_university__301,electrochemistry,1
oregon_state_university,oregon_state_university__302,process control,1
oregon_state_university,oregon_state_university__303,chemical engineering,1
oregon_state_university,oregon_state_university__304,chemical engineering,1
oregon_state_university,oregon_state_university__305,catalysis,1
oregon_state_university,oregon_state_university__306,catalysis,1
oregon_state_university,oregon_state_university__306,catalyst,3
oregon_state_university,oregon_state_university__307,catalysis,2
oregon_state_university,oregon_state_university__308,chemical engineering,1
oregon_state_university,oregon_state_university__309,chemical engineering,1
oregon_state_university,oregon_state_university__310,chemical engineering,1
oregon_state_university,oregon_state_university__311,chemical engineering,1
oregon_state_university,oregon_state_university__312,chemical engineering,1
oregon_state_university,oregon_state_university__313,chemical engineering,1
oregon_state_university,oregon_state_university__314,chemical engineering,1
oregon_state_university,oregon_state_university__315,chemical engineering,1
oregon_state_university,oregon_state_university__316,chemical engineering,1
oregon_state_university,oregon_state_university__317,chemical engineering,1
oregon_state_university,oregon_state_university__318,chemical engineering,1
oregon_state_university,oregon_state_university__319,chemical engineering,1
oregon_state_university,oregon_state_university__320,chemical engineering,1
oregon_state_university,oregon_state_university__321,chemical engineering,1
oregon_state_university,oregon_state_university__322,chemical engineering,1
oregon_state_university,oregon_state_university__323,catalyst,1
oregon_state_university,oregon_state_university__324,renewable energy,1
oregon_state_university,oregon_state_university__325,heat transfer,1
oregon_state_university,oregon_state_university__326,fuel cell,1
oregon_state_university,oregon_state_university__326,electrochemical,3
oregon_state_university,oregon_state_university__326,electrochemistry,1
oregon_state_university,oregon_state_university__327,hydrogen,1
oregon_state_university,oregon_state_university__328,electrochemistry,1
oregon_state_university,oregon_state_university__329,electrochemistry,1
oregon_state_university,oregon_state_university__330,electrochemistry,1
oregon_state_university,oregon_state_university__331,electrochemistry,1
oregon_state_university,oregon_state_university__332,electrochemistry,1
oregon_state_university,oregon_state_university__333,materials science,1
oregon_state_university,oregon_state_university__334,hydrogen,1
oregon_state_university,oregon_state_university__335,electrochemistry,1
oregon_state_university,oregon_state_university__336,electrochemistry,1
oregon_state_university,oregon_state_university__337,electrochemistry,1
oregon_state_university,oregon_state_university__338,electrochemistry,1
oregon_state_university,oregon_state_university__339,electrochemistry,1
oregon_state_university,oregon_state_university__340,sustainability,2
oregon_state_university,oregon_state_university__341,control systems,1
oregon_state_university,oregon_state_university__342,control systems,1
oregon_state_university,oregon_state_university__343,automation,1
oregon_state_university,oregon_state_university__344,risk mitigation,1
oregon_state_university,oregon_state_university__345,risk mitigation,1
oregon_state_university,oregon_state_university__346,risk assessment,1
oregon_state_university,oregon_state_university__347,resource management,1
oregon_state_university,oregon_state_university__348,resource management,1
oregon_state_university,oregon_state_university__349,materials science,1
oregon_state_university,oregon_state_university__350,electrochemical,1
oregon_state_university,oregon_state_university__350,electrochemistry,1
oregon_state_university,oregon_state_university__351,heat transfer,1
oregon_state_university,oregon_state_university__352,process engineering,1
oregon_state_university,oregon_state_university__353,sustainability,1
oregon_state_university,oregon_state_university__354,sustainability,1
oregon_state_university,oregon_state_university__354,project management,1
oregon_state_university,oregon_state_university__355,sustainability,1
oregon_state_university,oregon_state_university__355,project management,1
oregon_state_university,oregon_state_university__356,sustainability,1
oregon_state_university,oregon_state_university__356,clean energy,1
oregon_state_university,oregon_state_university__357,project management,1
oregon_state_university,oregon_state_university__358,process control,1
oregon_state_university,oregon_state_university__359,engineering drawing,1
oregon_state_university,oregon_state_university__360,systems engineering,1
oregon_state_university,oregon_state_university__361,project management,1
oregon_state_university,oregon_state_university__362,risk assessment,1
oregon_state_university,oregon_state_university__363,corrosion,2
oregon_state_university,oregon_state_university__364,pipeline,1
oregon_state_university,oregon_state_university__364,corrosion,14
oregon_state_university,oregon_state_university__365,corrosion,1
oregon_state_university,oregon_state_university__366,resource management,1
oregon_state_university,oregon_state_university__367,project development,1
oregon_state_university,oregon_state_university__368,climate policy,1
oregon_state_university,oregon_state_university__369,resource management,1
oregon_state_university,oregon_state_university__370,sustainability,1
oregon_state_university,oregon_state_university__370,resource management,1
oregon_state_university,oregon_state_university__371,environmental regulation,1
oregon_state_university,oregon_state_university__372,sustainability,3
oregon_state_university,oregon_state_university__373,sustainability,1
oregon_state_university,oregon_state_university__374,environmental regulation,1
oregon_state_university,oregon_state_university__375,sustainability,3
oregon_state_university,oregon_state_university__376,heat transfer,1
oregon_state_university,oregon_state_university__377,construction management,1
pennsylvania_state_university,pennsylvania_state_university__0,project management,2
pennsylvania_state_university,pennsylvania_state_university__1,project management,2
pennsylvania_state_university,pennsylvania_state_university__2,project management,1
pennsylvania_state_university,pennsylvania_state_university__2,automation,1
pennsylvania_state_university,pennsylvania_state_university__3,resource management,2
pennsylvania_state_university,pennsylvania_state_university__4,sustainability,1
pennsylvania_state_university,pennsylvania_state_university__5,hydrogen,1
pennsylvania_state_university,pennsylvania_state_university__6,explosion,1
pennsylvania_state_university,pennsylvania_state_university__7,ccs,1
pennsylvania_state_university,pennsylvania_state_university__8,sustainability,1
pennsylvania_state_university,pennsylvania_state_university__9,sustainability,2
pennsylvania_state_university,pennsylvania_state_university__10,resource management,2
pennsylvania_state_university,pennsylvania_state_university__11,sustainability,3
pennsylvania_state_university,pennsylvania_state_university__12,resource management,1
pennsylvania_state_university,pennsylvania_state_university__13,resource management,1
pennsylvania_state_university,pennsylvania_state_university__14,ccus,2
pennsylvania_state_university,pennsylvania_state_university__15,resource management,1
pennsylvania_state_university,pennsylvania_state_university__16,project management,6
pennsylvania_state_university,pennsylvania_state_university__17,project management,1
pennsylvania_state_university,pennsylvania_state_university__18,co2 emissions,1
pennsylvania_state_university,pennsylvania_state_university__19,welding,1
pennsylvania_state_university,pennsylvania_state_university__20,control systems,1
pennsylvania_state_university,pennsylvania_state_university__21,sustainability,2
pennsylvania_state_university,pennsylvania_state_university__21,environmental protection,1
pennsylvania_state_university,pennsylvania_state_university__22,sustainability,11
pennsylvania_state_university,pennsylvania_state_university__23,sustainability,20
pennsylvania_state_university,pennsylvania_state_university__24,sustainability,1
pennsylvania_state_university,pennsylvania_state_university__25,cooling systems,1
pennsylvania_state_university,pennsylvania_state_university__25,heat transfer,1
pennsylvania_state_university,pennsylvania_state_university__26,control systems,1
pennsylvania_state_university,pennsylvania_state_university__27,sustainability,1
pennsylvania_state_university,pennsylvania_state_university__28,sustainability,3
pennsylvania_state_university,pennsylvania_state_university__29,greenhouse gas emissions,2
pennsylvania_state_university,pennsylvania_state_university__29,climate policy,3
pennsylvania_state_university,pennsylvania_state_university__30,greenhouse gas emissions,1
pennsylvania_state_university,pennsylvania_state_university__30,climate policy,2
pennsylvania_state_university,pennsylvania_state_university__31,geographic information systems,1
pennsylvania_state_university,pennsylvania_state_university__32,sustainability,1
pennsylvania_state_university,pennsylvania_state_university__33,sustainability,5
pennsylvania_state_university,pennsylvania_state_university__34,project management,1
pennsylvania_state_university,pennsylvania_state_university__35,sustainability,2
pennsylvania_state_university,pennsylvania_state_university__35,carbon emissions,1
pennsylvania_state_university,pennsylvania_state_university__35,sustainable supply chain,2
pennsylvania_state_university,pennsylvania_state_university__36,sustainability,14
pennsylvania_state_university,pennsylvania_state_university__36,environmental protection,1
pennsylvania_state_university,pennsylvania_state_university__37,quality assurance,1
pennsylvania_state_university,pennsylvania_state_university__38,sustainability,1
pennsylvania_state_university,pennsylvania_state_university__39,environmental protection,1
pennsylvania_state_university,pennsylvania_state_university__40,explosion,1
pennsylvania_state_university,pennsylvania_state_university__41,sustainability,2
pennsylvania_state_university,pennsylvania_state_university__41,geographic information systems,1
pennsylvania_state_university,pennsylvania_state_university__42,ion exchange,1
pennsylvania_state_university,pennsylvania_state_university__43,geographic information systems,3
pennsylvania_state_university,pennsylvania_state_university__44,pipeline,1
pennsylvania_state_university,pennsylvania_state_university__45,project management,2
pennsylvania_state_university,pennsylvania_state_university__46,project management,1
pennsylvania_state_university,pennsylvania_state_university__47,risk assessment,1
pennsylvania_state_university,pennsylvania_state_university__47,risk mitigation,1
pennsylvania_state_university,pennsylvania_state_university__48,sustainability,1
pennsylvania_state_university,pennsylvania_state_university__49,risk assessment,1
pennsylvania_state_university,pennsylvania_state_university__50,risk assessment,1
pennsylvania_state_university,pennsylvania_state_university__51,project management,1
pennsylvania_state_university,pennsylvania_state_university__52,control systems,1
pennsylvania_state_university,pennsylvania_state_university__53,quality assurance,1
pennsylvania_state_university,pennsylvania_state_university__54,project management,2
pennsylvania_state_university,pennsylvania_state_university__55,risk assessment,1
pennsylvania_state_university,pennsylvania_state_university__56,sustainability,1
pennsylvania_state_university,pennsylvania_state_university__57,sustainability,1
pennsylvania_state_university,pennsylvania_state_university__58,geographic information systems,1
pennsylvania_state_university,pennsylvania_state_university__59,sustainability,2
pennsylvania_state_university,pennsylvania_state_university__59,environmental protection,1
pennsylvania_state_university,pennsylvania_state_university__60,sustainability,1
pennsylvania_state_university,pennsylvania_state_university__60,renewable energy,5
pennsylvania_state_university,pennsylvania_state_university__60,energy supply,1
pennsylvania_state_university,pennsylvania_state_university__61,sustainability,1
pennsylvania_state_university,pennsylvania_state_university__62,project management,2
pennsylvania_state_university,pennsylvania_state_university__63,risk assessment,1
pennsylvania_state_university,pennsylvania_state_university__64,ccus,1
pennsylvania_state_university,pennsylvania_state_university__65,quality assurance,1
pennsylvania_state_university,pennsylvania_state_university__66,risk assessment,1
pennsylvania_state_university,pennsylvania_state_university__67,sustainability,1
pennsylvania_state_university,pennsylvania_state_university__68,sustainability,14
pennsylvania_state_university,pennsylvania_state_university__69,risk assessment,1
pennsylvania_state_university,pennsylvania_state_university__70,project management,1
pennsylvania_state_university,pennsylvania_state_university__71,resource management,1
pennsylvania_state_university,pennsylvania_state_university__72,catalyst,1
pennsylvania_state_university,pennsylvania_state_university__73,heat transfer,5
pennsylvania_state_university,pennsylvania_state_university__74,sustainability,2
pennsylvania_state_university,pennsylvania_state_university__74,life cycle analysis,1
pennsylvania_state_university,pennsylvania_state_university__75,process control,1
pennsylvania_state_university,pennsylvania_state_university__76,project management,1
pennsylvania_state_university,pennsylvania_state_university__77,technical drawing,1
pennsylvania_state_university,pennsylvania_state_university__78,resource management,1
pennsylvania_state_university,pennsylvania_state_university__79,control systems,1
pennsylvania_state_university,pennsylvania_state_university__80,heat transfer,6
pennsylvania_state_university,pennsylvania_state_university__81,heat transfer,1
pennsylvania_state_university,pennsylvania_state_university__82,material selection,1
pennsylvania_state_university,pennsylvania_state_university__83,biofuels,1
pennsylvania_state_university,pennsylvania_state_university__84,pipeline,1
pennsylvania_state_university,pennsylvania_state_university__84,energy security,1
pennsylvania_state_university,pennsylvania_state_university__85,catalyst,1
pennsylvania_state_university,pennsylvania_state_university__86,systems engineering,1
pennsylvania_state_university,pennsylvania_state_university__87,pressure testing,1
pennsylvania_state_university,pennsylvania_state_university__88,risk assessment,1
pennsylvania_state_university,pennsylvania_state_university__89,pipeline,1
pennsylvania_state_university,pennsylvania_state_university__90,chemical engineering,1
pennsylvania_state_university,pennsylvania_state_university__91,environmental regulation,1
pennsylvania_state_university,pennsylvania_state_university__91,process engineering,1
pennsylvania_state_university,pennsylvania_state_university__91,corrosion,2
pennsylvania_state_university,pennsylvania_state_university__91,process simulation,1
pennsylvania_state_university,pennsylvania_state_university__92,pipeline,1
pennsylvania_state_university,pennsylvania_state_university__92,combustion,1
pennsylvania_state_university,pennsylvania_state_university__93,sustainability,2
pennsylvania_state_university,pennsylvania_state_university__94,control systems,2
pennsylvania_state_university,pennsylvania_state_university__95,resource management,1
pennsylvania_state_university,pennsylvania_state_university__96,heat transfer,1
pennsylvania_state_university,pennsylvania_state_university__97,risk assessment,1
pennsylvania_state_university,pennsylvania_state_university__98,heat transfer,3
pennsylvania_state_university,pennsylvania_state_university__99,hydrogen,1
pennsylvania_state_university,pennsylvania_state_university__100,hydrogen,1
pennsylvania_state_university,pennsylvania_state_university__101,chemical engineering,1
pennsylvania_state_university,pennsylvania_state_university__101,materials engineering,1
pennsylvania_state_university,pennsylvania_state_university__101,combustion,1
pennsylvania_state_university,pennsylvania_state_university__101,heat transfer,2
pennsylvania_state_university,pennsylvania_state_university__102,hydrogen,1
pennsylvania_state_university,pennsylvania_state_university__103,welding,1
pennsylvania_state_university,pennsylvania_state_university__104,explosion,1
pennsylvania_state_university,pennsylvania_state_university__105,systems engineering,2
pennsylvania_state_university,pennsylvania_state_university__106,quality assurance,1
pennsylvania_state_university,pennsylvania_state_university__107,sustainability,1
pennsylvania_state_university,pennsylvania_state_university__108,sustainability,3
pennsylvania_state_university,pennsylvania_state_university__109,explosion,1
pennsylvania_state_university,pennsylvania_state_university__110,process engineering,1
pennsylvania_state_university,pennsylvania_state_university__111,process engineering,2
pennsylvania_state_university,pennsylvania_state_university__112,process engineering,2
pennsylvania_state_university,pennsylvania_state_university__113,ion exchange,1
pennsylvania_state_university,pennsylvania_state_university__113,electrochemical,1
pennsylvania_state_university,pennsylvania_state_university__114,automation,1
pennsylvania_state_university,pennsylvania_state_university__115,heat transfer,4
pennsylvania_state_university,pennsylvania_state_university__116,greenhouse gas emissions,3
pennsylvania_state_university,pennsylvania_state_university__116,climate change policy,1
pennsylvania_state_university,pennsylvania_state_university__117,power generation,1
pennsylvania_state_university,pennsylvania_state_university__118,pressure vessel,1
pennsylvania_state_university,pennsylvania_state_university__119,materials science,1
pennsylvania_state_university,pennsylvania_state_university__120,risk assessment,1
pennsylvania_state_university,pennsylvania_state_university__121,risk assessment,1
pennsylvania_state_university,pennsylvania_state_university__122,resource management,2
pennsylvania_state_university,pennsylvania_state_university__123,heat transfer,1
pennsylvania_state_university,pennsylvania_state_university__124,heat transfer,1
pennsylvania_state_university,pennsylvania_state_university__125,heat transfer,2
pennsylvania_state_university,pennsylvania_state_university__126,compressors,1
pennsylvania_state_university,pennsylvania_state_university__126,heat transfer,1
pennsylvania_state_university,pennsylvania_state_university__127,combustion,1
pennsylvania_state_university,pennsylvania_state_university__128,control systems,4
pennsylvania_state_university,pennsylvania_state_university__128,process control,1
pennsylvania_state_university,pennsylvania_state_university__129,automation,1
pennsylvania_state_university,pennsylvania_state_university__130,material selection,1
pennsylvania_state_university,pennsylvania_state_university__131,sustainability,1
pennsylvania_state_university,pennsylvania_state_university__132,ion exchange,1
pennsylvania_state_university,pennsylvania_state_university__132,project management,1
pennsylvania_state_university,pennsylvania_state_university__133,combustion,3
pennsylvania_state_university,pennsylvania_state_university__134,materials engineering,2
pennsylvania_state_university,pennsylvania_state_university__134,material selection,1
pennsylvania_state_university,pennsylvania_state_university__135,sustainability,1
pennsylvania_state_university,pennsylvania_state_university__136,sustainability,6
pennsylvania_state_university,pennsylvania_state_university__137,heat transfer,1
pennsylvania_state_university,pennsylvania_state_university__138,greenhouse gas emissions,2
pennsylvania_state_university,pennsylvania_state_university__138,energy policy,1
pennsylvania_state_university,pennsylvania_state_university__139,resource management,3
pennsylvania_state_university,pennsylvania_state_university__140,sustainability,9
pennsylvania_state_university,pennsylvania_state_university__141,materials science,1
pennsylvania_state_university,pennsylvania_state_university__142,project management,4
pennsylvania_state_university,pennsylvania_state_university__143,project management,6
pennsylvania_state_university,pennsylvania_state_university__144,project management,1
pennsylvania_state_university,pennsylvania_state_university__145,sustainability,5
pennsylvania_state_university,pennsylvania_state_university__146,heat transfer,1
pennsylvania_state_university,pennsylvania_state_university__147,heat transfer,1
pennsylvania_state_university,pennsylvania_state_university__148,greenhouse gas emissions,1
pennsylvania_state_university,pennsylvania_state_university__149,greenhouse gas emissions,1
pennsylvania_state_university,pennsylvania_state_university__150,materials science,1
pennsylvania_state_university,pennsylvania_state_university__150,electrochemistry,1
pennsylvania_state_university,pennsylvania_state_university__150,corrosion,1
pennsylvania_state_university,pennsylvania_state_university__151,materials science,2
pennsylvania_state_university,pennsylvania_state_university__152,automation,1
pennsylvania_state_university,pennsylvania_state_university__153,project management,6
pennsylvania_state_university,pennsylvania_state_university__153,resource management,1
pennsylvania_state_university,pennsylvania_state_university__154,project management,2
pennsylvania_state_university,pennsylvania_state_university__154,resource management,7
pennsylvania_state_university,pennsylvania_state_university__155,automation,1
pennsylvania_state_university,pennsylvania_state_university__156,heat transfer,3
pennsylvania_state_university,pennsylvania_state_university__157,heat transfer,3
pennsylvania_state_university,pennsylvania_state_university__158,heat transfer,1
pennsylvania_state_university,pennsylvania_state_university__159,materials science,2
pennsylvania_state_university,pennsylvania_state_university__160,chemical synthesis,1
pennsylvania_state_university,pennsylvania_state_university__160,materials science,2
pennsylvania_state_university,pennsylvania_state_university__161,materials science,1
pennsylvania_state_university,pennsylvania_state_university__162,materials science,1
pennsylvania_state_university,pennsylvania_state_university__163,project management,1
pennsylvania_state_university,pennsylvania_state_university__164,project management,1
pennsylvania_state_university,pennsylvania_state_university__165,project management,1
pennsylvania_state_university,pennsylvania_state_university__166,automation,1
pennsylvania_state_university,pennsylvania_state_university__167,pressure vessel,1
pennsylvania_state_university,pennsylvania_state_university__168,control systems,3
pennsylvania_state_university,pennsylvania_state_university__169,materials science,1
pennsylvania_state_university,pennsylvania_state_university__169,power transformer,1
pennsylvania_state_university,pennsylvania_state_university__170,materials science,1
pennsylvania_state_university,pennsylvania_state_university__170,material selection,1
pennsylvania_state_university,pennsylvania_state_university__171,electrochemical,1
pennsylvania_state_university,pennsylvania_state_university__172,materials science,1
pennsylvania_state_university,pennsylvania_state_university__172,electrochemical,1
pennsylvania_state_university,pennsylvania_state_university__173,materials science,1
pennsylvania_state_university,pennsylvania_state_university__174,project management,1
pennsylvania_state_university,pennsylvania_state_university__175,project development,2
pennsylvania_state_university,pennsylvania_state_university__176,resource management,1
pennsylvania_state_university,pennsylvania_state_university__177,predictive analytics,1
pennsylvania_state_university,pennsylvania_state_university__178,resource management,1
pennsylvania_state_university,pennsylvania_state_university__179,resource management,1
pennsylvania_state_university,pennsylvania_state_university__180,combustion,1
pennsylvania_state_university,pennsylvania_state_university__181,materials science,1
pennsylvania_state_university,pennsylvania_state_university__182,chemical engineering,1
pennsylvania_state_university,pennsylvania_state_university__182,heat transfer,1
pennsylvania_state_university,pennsylvania_state_university__183,resource management,1
pennsylvania_state_university,pennsylvania_state_university__184,resource management,1
pennsylvania_state_university,pennsylvania_state_university__185,combustion,2
pennsylvania_state_university,pennsylvania_state_university__186,fuel cell,9
pennsylvania_state_university,pennsylvania_state_university__186,electrochemistry,2
pennsylvania_state_university,pennsylvania_state_university__186,heat transfer,1
pennsylvania_state_university,pennsylvania_state_university__187,gas turbine,6
pennsylvania_state_university,pennsylvania_state_university__187,heat transfer,1
pennsylvania_state_university,pennsylvania_state_university__188,control systems,2
pennsylvania_state_university,pennsylvania_state_university__189,materials science,3
pennsylvania_state_university,pennsylvania_state_university__190,fuel cell,1
pennsylvania_state_university,pennsylvania_state_university__190,electrochemical,2
pennsylvania_state_university,pennsylvania_state_university__190,electrochemistry,1
pennsylvania_state_university,pennsylvania_state_university__190,corrosion,11
pennsylvania_state_university,pennsylvania_state_university__191,materials engineering,1
pennsylvania_state_university,pennsylvania_state_university__192,ion exchange,1
pennsylvania_state_university,pennsylvania_state_university__192,electrochemical,1
pennsylvania_state_university,pennsylvania_state_university__193,sustainability,1
pennsylvania_state_university,pennsylvania_state_university__193,corrosion,1
pennsylvania_state_university,pennsylvania_state_university__194,resource management,2
pennsylvania_state_university,pennsylvania_state_university__195,resource management,1
pennsylvania_state_university,pennsylvania_state_university__196,chemical engineering,1
pennsylvania_state_university,pennsylvania_state_university__196,materials engineering,1
pennsylvania_state_university,pennsylvania_state_university__196,combustion,1
pennsylvania_state_university,pennsylvania_state_university__196,heat transfer,2
pennsylvania_state_university,pennsylvania_state_university__197,fuel cell,2
pennsylvania_state_university,pennsylvania_state_university__197,renewable energy,1
pennsylvania_state_university,pennsylvania_state_university__197,combustion,1
pennsylvania_state_university,pennsylvania_state_university__197,heat transfer,2
pennsylvania_state_university,pennsylvania_state_university__198,heat transfer,12
pennsylvania_state_university,pennsylvania_state_university__199,heat transfer,1
pennsylvania_state_university,pennsylvania_state_university__200,compressors,2
pennsylvania_state_university,pennsylvania_state_university__201,heat transfer,1
pennsylvania_state_university,pennsylvania_state_university__202,materials science,2
pennsylvania_state_university,pennsylvania_state_university__202,materials engineering,1
pennsylvania_state_university,pennsylvania_state_university__203,esg,1
pennsylvania_state_university,pennsylvania_state_university__204,resource management,2
pennsylvania_state_university,pennsylvania_state_university__205,automation,1
pennsylvania_state_university,pennsylvania_state_university__206,resource management,2
pennsylvania_state_university,pennsylvania_state_university__207,catalyst,1
pennsylvania_state_university,pennsylvania_state_university__208,heat transfer,2
pennsylvania_state_university,pennsylvania_state_university__209,hydrogen,1
pennsylvania_state_university,pennsylvania_state_university__209,combustion,11
pennsylvania_state_university,pennsylvania_state_university__209,heat transfer,1
pennsylvania_state_university,pennsylvania_state_university__209,flammability,2
pennsylvania_state_university,pennsylvania_state_university__210,combustion,3
pennsylvania_state_university,pennsylvania_state_university__211,life cycle analysis,2
pennsylvania_state_university,pennsylvania_state_university__211,materials science,3
pennsylvania_state_university,pennsylvania_state_university__212,materials science,1
pennsylvania_state_university,pennsylvania_state_university__213,materials science,1
pennsylvania_state_university,pennsylvania_state_university__214,materials science,1
pennsylvania_state_university,pennsylvania_state_university__215,resource management,2
pennsylvania_state_university,pennsylvania_state_university__216,risk assessment,1
pennsylvania_state_university,pennsylvania_state_university__216,resource management,1
pennsylvania_state_university,pennsylvania_state_university__217,resource management,1
pennsylvania_state_university,pennsylvania_state_university__218,control systems,1
pennsylvania_state_university,pennsylvania_state_university__219,sustainability,1
pennsylvania_state_university,pennsylvania_state_university__219,heat transfer,1
pennsylvania_state_university,pennsylvania_state_university__220,sustainability,1
pennsylvania_state_university,pennsylvania_state_university__221,welding,2
pennsylvania_state_university,pennsylvania_state_university__222,sustainability,1
pennsylvania_state_university,pennsylvania_state_university__222,materials engineering,3
pennsylvania_state_university,pennsylvania_state_university__223,project management,1
pennsylvania_state_university,pennsylvania_state_university__223,materials science,3
pennsylvania_state_university,pennsylvania_state_university__224,resource management,1
pennsylvania_state_university,pennsylvania_state_university__225,environmental protection,1
pennsylvania_state_university,pennsylvania_state_university__226,resource management,1
pennsylvania_state_university,pennsylvania_state_university__227,control systems,2
pennsylvania_state_university,pennsylvania_state_university__228,heat transfer,1
pennsylvania_state_university,pennsylvania_state_university__229,sustainability,1
pennsylvania_state_university,pennsylvania_state_university__230,quality assurance,2
pennsylvania_state_university,pennsylvania_state_university__231,resource management,2
pennsylvania_state_university,pennsylvania_state_university__232,sustainability,1
pennsylvania_state_university,pennsylvania_state_university__232,water usage,1
pennsylvania_state_university,pennsylvania_state_university__233,geographic information systems,1
pennsylvania_state_university,pennsylvania_state_university__234,sustainability,1
pennsylvania_state_university,pennsylvania_state_university__235,fuel cell,1
pennsylvania_state_university,pennsylvania_state_university__236,automation,1
pennsylvania_state_university,pennsylvania_state_university__237,technical drawing,1
pennsylvania_state_university,pennsylvania_state_university__238,systems engineering,3
pennsylvania_state_university,pennsylvania_state_university__239,predictive analytics,1
pennsylvania_state_university,pennsylvania_state_university__240,project management,1
pennsylvania_state_university,pennsylvania_state_university__241,resource management,1
pennsylvania_state_university,pennsylvania_state_university__242,explosion,1
pennsylvania_state_university,pennsylvania_state_university__243,risk assessment,1
pennsylvania_state_university,pennsylvania_state_university__244,systems engineering,3
pennsylvania_state_university,pennsylvania_state_university__245,project management,1
pennsylvania_state_university,pennsylvania_state_university__246,project development,1
pennsylvania_state_university,pennsylvania_state_university__246,project management,1
pennsylvania_state_university,pennsylvania_state_university__247,project management,1
pennsylvania_state_university,pennsylvania_state_university__248,project management,6
pennsylvania_state_university,pennsylvania_state_university__249,sustainability,1
pennsylvania_state_university,pennsylvania_state_university__250,quality assurance,1
pennsylvania_state_university,pennsylvania_state_university__251,project management,2
pennsylvania_state_university,pennsylvania_state_university__252,resource management,3
pennsylvania_state_university,pennsylvania_state_university__253,sustainability,1
pennsylvania_state_university,pennsylvania_state_university__254,explosion,1
pennsylvania_state_university,pennsylvania_state_university__255,sustainability,1
pennsylvania_state_university,pennsylvania_state_university__256,sustainability,1
pennsylvania_state_university,pennsylvania_state_university__256,project management,1
pennsylvania_state_university,pennsylvania_state_university__256,resource management,1
pennsylvania_state_university,pennsylvania_state_university__257,sustainability,1
pennsylvania_state_university,pennsylvania_state_university__258,resource management,1
pennsylvania_state_university,pennsylvania_state_university__259,ccus,1
pennsylvania_state_university,pennsylvania_state_university__260,environmental regulation,3
pennsylvania_state_university,pennsylvania_state_university__260,combustion,1
pennsylvania_state_university,pennsylvania_state_university__261,resource management,3
pennsylvania_state_university,pennsylvania_state_university__262,quality assurance,2
pennsylvania_state_university,pennsylvania_state_university__263,sustainability,1
pennsylvania_state_university,pennsylvania_state_university__264,project management,1
pennsylvania_state_university,pennsylvania_state_university__265,resource management,1
pennsylvania_state_university,pennsylvania_state_university__266,carbon storage,1
pennsylvania_state_university,pennsylvania_state_university__267,geographic information systems,1
pennsylvania_state_university,pennsylvania_state_university__267,resource management,2
pennsylvania_state_university,pennsylvania_state_university__268,sustainability,7
pennsylvania_state_university,pennsylvania_state_university__269,sustainability,1
pennsylvania_state_university,pennsylvania_state_university__270,resource management,1
pennsylvania_state_university,pennsylvania_state_university__271,geographic information systems,2
pennsylvania_state_university,pennsylvania_state_university__271,resource management,1
pennsylvania_state_university,pennsylvania_state_university__272,quality assurance,1
pennsylvania_state_university,pennsylvania_state_university__273,sustainability,2
pennsylvania_state_university,pennsylvania_state_university__274,geographic information systems,1
pennsylvania_state_university,pennsylvania_state_university__274,resource management,1
pennsylvania_state_university,pennsylvania_state_university__275,resource management,1
pennsylvania_state_university,pennsylvania_state_university__276,hydrogen,1
pennsylvania_state_university,pennsylvania_state_university__277,resource management,1
pennsylvania_state_university,pennsylvania_state_university__278,water quality,1
pennsylvania_state_university,pennsylvania_state_university__279,quality assurance,1
pennsylvania_state_university,pennsylvania_state_university__280,systems engineering,2
pennsylvania_state_university,pennsylvania_state_university__281,resource management,1
pennsylvania_state_university,pennsylvania_state_university__282,sustainability,1
pennsylvania_state_university,pennsylvania_state_university__283,risk assessment,1
pennsylvania_state_university,pennsylvania_state_university__284,sustainability,2
pennsylvania_state_university,pennsylvania_state_university__285,heat transfer,4
pennsylvania_state_university,pennsylvania_state_university__286,ccus,1
pennsylvania_state_university,pennsylvania_state_university__287,systems engineering,4
pennsylvania_state_university,pennsylvania_state_university__288,systems engineering,1
pennsylvania_state_university,pennsylvania_state_university__289,explosion,1
pennsylvania_state_university,pennsylvania_state_university__290,geographic information systems,1
pennsylvania_state_university,pennsylvania_state_university__291,geographic information systems,1
pennsylvania_state_university,pennsylvania_state_university__292,geographic information systems,4
pennsylvania_state_university,pennsylvania_state_university__293,environmental regulation,1
pennsylvania_state_university,pennsylvania_state_university__293,resource management,1
pennsylvania_state_university,pennsylvania_state_university__294,resource management,1
pennsylvania_state_university,pennsylvania_state_university__295,sustainability,4
pennsylvania_state_university,pennsylvania_state_university__295,water quality,1
pennsylvania_state_university,pennsylvania_state_university__296,sustainability,1
pennsylvania_state_university,pennsylvania_state_university__296,resource management,1
pennsylvania_state_university,pennsylvania_state_university__297,resource management,5
pennsylvania_state_university,pennsylvania_state_university__298,sustainability,4
pennsylvania_state_university,pennsylvania_state_university__299,geographic information systems,2
pennsylvania_state_university,pennsylvania_state_university__300,water quality,1
pennsylvania_state_university,pennsylvania_state_university__301,sustainability,2
pennsylvania_state_university,pennsylvania_state_university__302,risk assessment,1
pennsylvania_state_university,pennsylvania_state_university__303,resource management,3
pennsylvania_state_university,pennsylvania_state_university__304,sustainability,1
pennsylvania_state_university,pennsylvania_state_university__305,predictive analytics,1
pennsylvania_state_university,pennsylvania_state_university__306,heat transfer,1
pennsylvania_state_university,pennsylvania_state_university__307,water quality,2
pennsylvania_state_university,pennsylvania_state_university__308,engineering drawing,2
pennsylvania_state_university,pennsylvania_state_university__309,pressure vessel,1
pennsylvania_state_university,pennsylvania_state_university__310,resource management,2
pennsylvania_state_university,pennsylvania_state_university__311,sustainability,5
pennsylvania_state_university,pennsylvania_state_university__312,environmental protection,1
pennsylvania_state_university,pennsylvania_state_university__312,resource management,5
pennsylvania_state_university,pennsylvania_state_university__313,sustainability,1
pennsylvania_state_university,pennsylvania_state_university__314,quality assurance,1
pennsylvania_state_university,pennsylvania_state_university__315,renewable energy,1
pennsylvania_state_university,pennsylvania_state_university__315,electricity markets,1
pennsylvania_state_university,pennsylvania_state_university__316,welding,2
pennsylvania_state_university,pennsylvania_state_university__317,pressure vessel,1
pennsylvania_state_university,pennsylvania_state_university__318,pressure vessel,1
pennsylvania_state_university,pennsylvania_state_university__319,water quality,2
pennsylvania_state_university,pennsylvania_state_university__320,resource management,2
pennsylvania_state_university,pennsylvania_state_university__321,ion exchange,1
pennsylvania_state_university,pennsylvania_state_university__322,resource management,1
pennsylvania_state_university,pennsylvania_state_university__323,greenhouse gas emissions,3
pennsylvania_state_university,pennsylvania_state_university__323,climate change policy,1
pennsylvania_state_university,pennsylvania_state_university__324,environmental protection,1
pennsylvania_state_university,pennsylvania_state_university__325,process control,1
pennsylvania_state_university,pennsylvania_state_university__326,engineering drawing,1
pennsylvania_state_university,pennsylvania_state_university__327,sustainability,1
pennsylvania_state_university,pennsylvania_state_university__328,electrochemical,4
pennsylvania_state_university,pennsylvania_state_university__329,heat transfer,5
pennsylvania_state_university,pennsylvania_state_university__330,materials engineering,1
pennsylvania_state_university,pennsylvania_state_university__331,water quality,3
pennsylvania_state_university,pennsylvania_state_university__331,resource management,1
pennsylvania_state_university,pennsylvania_state_university__332,sustainability,3
pennsylvania_state_university,pennsylvania_state_university__333,resource management,1
pennsylvania_state_university,pennsylvania_state_university__334,catalyst,1
pennsylvania_state_university,pennsylvania_state_university__334,sustainability,8
pennsylvania_state_university,pennsylvania_state_university__335,sustainability,9
pennsylvania_state_university,pennsylvania_state_university__335,environmental impact assessment,1
pennsylvania_state_university,pennsylvania_state_university__336,geographic information systems,1
pennsylvania_state_university,pennsylvania_state_university__337,geographic information systems,3
pennsylvania_state_university,pennsylvania_state_university__338,automation,1
pennsylvania_state_university,pennsylvania_state_university__339,risk assessment,1
pennsylvania_state_university,pennsylvania_state_university__339,resource management,1
pennsylvania_state_university,pennsylvania_state_university__340,welding,2
pennsylvania_state_university,pennsylvania_state_university__341,energy policy,2
pennsylvania_state_university,pennsylvania_state_university__342,energy policy,1
pennsylvania_state_university,pennsylvania_state_university__342,energy market,1
pennsylvania_state_university,pennsylvania_state_university__343,sustainability,5
pennsylvania_state_university,pennsylvania_state_university__344,heat transfer,1
pennsylvania_state_university,pennsylvania_state_university__345,environmental protection,1
pennsylvania_state_university,pennsylvania_state_university__346,sustainability,2
pennsylvania_state_university,pennsylvania_state_university__347,environmental regulation,1
pennsylvania_state_university,pennsylvania_state_university__348,renewable energy,2
pennsylvania_state_university,pennsylvania_state_university__348,energy transition,3
pennsylvania_state_university,pennsylvania_state_university__348,carbon emissions,1
pennsylvania_state_university,pennsylvania_state_university__349,power generation,1
pennsylvania_state_university,pennsylvania_state_university__349,electricity markets,3
pennsylvania_state_university,pennsylvania_state_university__350,sustainability,1
pennsylvania_state_university,pennsylvania_state_university__351,project management,1
pennsylvania_state_university,pennsylvania_state_university__352,systems engineering,1
pennsylvania_state_university,pennsylvania_state_university__352,risk assessment,1
pennsylvania_state_university,pennsylvania_state_university__353,project management,1
pennsylvania_state_university,pennsylvania_state_university__354,project management,1
pennsylvania_state_university,pennsylvania_state_university__355,greenhouse gas emissions,1
pennsylvania_state_university,pennsylvania_state_university__356,risk assessment,1
pennsylvania_state_university,pennsylvania_state_university__357,energy market,2
pennsylvania_state_university,pennsylvania_state_university__358,engineering management,1
pennsylvania_state_university,pennsylvania_state_university__359,engineering management,1
pennsylvania_state_university,pennsylvania_state_university__360,materials science,1
pennsylvania_state_university,pennsylvania_state_university__361,ccus,1
pennsylvania_state_university,pennsylvania_state_university__362,technical drawing,1
pennsylvania_state_university,pennsylvania_state_university__363,greenhouse gas emissions,1
pennsylvania_state_university,pennsylvania_state_university__364,greenhouse gas emissions,1
pennsylvania_state_university,pennsylvania_state_university__365,environmental protection,2
pennsylvania_state_university,pennsylvania_state_university__366,environmental protection,3
pennsylvania_state_university,pennsylvania_state_university__367,control systems,1
pennsylvania_state_university,pennsylvania_state_university__368,resource management,3
pennsylvania_state_university,pennsylvania_state_university__369,energy policy,2
pennsylvania_state_university,pennsylvania_state_university__370,sustainability,2
pennsylvania_state_university,pennsylvania_state_university__370,resource management,1
pennsylvania_state_university,pennsylvania_state_university__371,materials science,1
pennsylvania_state_university,pennsylvania_state_university__372,materials science,1
pennsylvania_state_university,pennsylvania_state_university__373,electrochemical,6
pennsylvania_state_university,pennsylvania_state_university__373,corrosion,6
pennsylvania_state_university,pennsylvania_state_university__374,combustion,2
pennsylvania_state_university,pennsylvania_state_university__375,heat transfer,1
pennsylvania_state_university,pennsylvania_state_university__376,energy transition,1
pennsylvania_state_university,pennsylvania_state_university__376,energy demand,2
pennsylvania_state_university,pennsylvania_state_university__377,process control,1
pennsylvania_state_university,pennsylvania_state_university__378,project management,1
pennsylvania_state_university,pennsylvania_state_university__379,heat transfer,8
pennsylvania_state_university,pennsylvania_state_university__380,control systems,7
pennsylvania_state_university,pennsylvania_state_university__381,energy policy,9
pennsylvania_state_university,pennsylvania_state_university__382,environmental regulation,1
pennsylvania_state_university,pennsylvania_state_university__383,sustainability,9
pennsylvania_state_university,pennsylvania_state_university__384,corrosion,1
pennsylvania_state_university,pennsylvania_state_university__385,project management,1
pennsylvania_state_university,pennsylvania_state_university__386,project management,1
pennsylvania_state_university,pennsylvania_state_university__387,materials science,2
pennsylvania_state_university,pennsylvania_state_university__388,ansys,1
pennsylvania_state_university,pennsylvania_state_university__389,materials engineering,1
pennsylvania_state_university,pennsylvania_state_university__390,power generation,1
pennsylvania_state_university,pennsylvania_state_university__390,renewable energy,2
pennsylvania_state_university,pennsylvania_state_university__390,electricity markets,3
pennsylvania_state_university,pennsylvania_state_university__391,sustainability,1
pennsylvania_state_university,pennsylvania_state_university__392,hydrogen,7
pennsylvania_state_university,pennsylvania_state_university__392,fuel cell,9
pennsylvania_state_university,pennsylvania_state_university__392,chemical engineering,2
pennsylvania_state_university,pennsylvania_state_university__392,electrochemical,3
pennsylvania_state_university,pennsylvania_state_university__392,electrochemistry,2
pennsylvania_state_university,pennsylvania_state_university__393,hydrogen,1
pennsylvania_state_university,pennsylvania_state_university__393,combustion,11
pennsylvania_state_university,pennsylvania_state_university__393,heat transfer,1
pennsylvania_state_university,pennsylvania_state_university__393,flammability,2
pennsylvania_state_university,pennsylvania_state_university__394,hydrogen,1
pennsylvania_state_university,pennsylvania_state_university__394,electrolysis,1
pennsylvania_state_university,pennsylvania_state_university__394,fuel cell,1
pennsylvania_state_university,pennsylvania_state_university__394,electrochemical,1
pennsylvania_state_university,pennsylvania_state_university__395,renewable energy,1
pennsylvania_state_university,pennsylvania_state_university__396,control systems,1
pennsylvania_state_university,pennsylvania_state_university__397,geographic information systems,2
pennsylvania_state_university,pennsylvania_state_university__398,geographic information systems,1
pennsylvania_state_university,pennsylvania_state_university__399,project management,1
pennsylvania_state_university,pennsylvania_state_university__399,geographic information systems,4
pennsylvania_state_university,pennsylvania_state_university__400,pipeline,2
pennsylvania_state_university,pennsylvania_state_university__400,sustainability,1
pennsylvania_state_university,pennsylvania_state_university__400,energy demand,1
pennsylvania_state_university,pennsylvania_state_university__400,geographic information systems,2
pennsylvania_state_university,pennsylvania_state_university__401,project management,6
pennsylvania_state_university,pennsylvania_state_university__402,control systems,1
pennsylvania_state_university,pennsylvania_state_university__403,systems engineering,1
pennsylvania_state_university,pennsylvania_state_university__404,sustainability,1
pennsylvania_state_university,pennsylvania_state_university__405,sustainability,2
pennsylvania_state_university,pennsylvania_state_university__405,renewable energy,2
pennsylvania_state_university,pennsylvania_state_university__406,power generation,1
pennsylvania_state_university,pennsylvania_state_university__407,catalysis,2
pennsylvania_state_university,pennsylvania_state_university__407,fuel cell,3
pennsylvania_state_university,pennsylvania_state_university__407,chemical engineering,3
pennsylvania_state_university,pennsylvania_state_university__407,electrochemical,7
pennsylvania_state_university,pennsylvania_state_university__407,electrochemistry,2
pennsylvania_state_university,pennsylvania_state_university__407,corrosion,2
pennsylvania_state_university,pennsylvania_state_university__408,chemical engineering,1
pennsylvania_state_university,pennsylvania_state_university__408,electrochemical,7
pennsylvania_state_university,pennsylvania_state_university__408,electrochemistry,1
pennsylvania_state_university,pennsylvania_state_university__409,coal gasification,1
pennsylvania_state_university,pennsylvania_state_university__409,liquefaction,1
pennsylvania_state_university,pennsylvania_state_university__410,catalysis,3
pennsylvania_state_university,pennsylvania_state_university__411,corrosion,1
pennsylvania_state_university,pennsylvania_state_university__412,sustainability,1
pennsylvania_state_university,pennsylvania_state_university__413,geographic information systems,2
pennsylvania_state_university,pennsylvania_state_university__414,geographic information systems,1
pennsylvania_state_university,pennsylvania_state_university__415,geographic information systems,1
pennsylvania_state_university,pennsylvania_state_university__416,heat transfer,1
pennsylvania_state_university,pennsylvania_state_university__417,control systems,1
pennsylvania_state_university,pennsylvania_state_university__418,combustion,5
pennsylvania_state_university,pennsylvania_state_university__419,materials science,1
pennsylvania_state_university,pennsylvania_state_university__420,sustainability,9
pennsylvania_state_university,pennsylvania_state_university__421,sustainability,3
pennsylvania_state_university,pennsylvania_state_university__422,automation,1
pennsylvania_state_university,pennsylvania_state_university__423,project management,1
pennsylvania_state_university,pennsylvania_state_university__423,systems engineering,1
pennsylvania_state_university,pennsylvania_state_university__424,project development,1
pennsylvania_state_university,pennsylvania_state_university__425,sustainability,6
pennsylvania_state_university,pennsylvania_state_university__426,systems engineering,6
pennsylvania_state_university,pennsylvania_state_university__427,power generation,1
pennsylvania_state_university,pennsylvania_state_university__428,project management,1
pennsylvania_state_university,pennsylvania_state_university__429,sustainability,1
pennsylvania_state_university,pennsylvania_state_university__429,energy policy,1
pennsylvania_state_university,pennsylvania_state_university__429,energy security,1
pennsylvania_state_university,pennsylvania_state_university__429,energy demand,1
pennsylvania_state_university,pennsylvania_state_university__430,water quality,2
pennsylvania_state_university,pennsylvania_state_university__431,materials science,1
pennsylvania_state_university,pennsylvania_state_university__432,materials science,3
pennsylvania_state_university,pennsylvania_state_university__433,heat transfer,3
pennsylvania_state_university,pennsylvania_state_university__434,sustainability,1
pennsylvania_state_university,pennsylvania_state_university__435,sustainability,1
pennsylvania_state_university,pennsylvania_state_university__436,predictive analytics,3
pennsylvania_state_university,pennsylvania_state_university__437,sustainability,2
pennsylvania_state_university,pennsylvania_state_university__437,carbon emissions,1
pennsylvania_state_university,pennsylvania_state_university__438,control systems,3
pennsylvania_state_university,pennsylvania_state_university__439,automation,4
pennsylvania_state_university,pennsylvania_state_university__440,power quality,1
pennsylvania_state_university,pennsylvania_state_university__441,automation,2
pennsylvania_state_university,pennsylvania_state_university__441,process control,2
pennsylvania_state_university,pennsylvania_state_university__442,project management,1
pennsylvania_state_university,pennsylvania_state_university__443,control systems,3
pennsylvania_state_university,pennsylvania_state_university__444,electrochemical,2
pennsylvania_state_university,pennsylvania_state_university__445,power transformer,1
pennsylvania_state_university,pennsylvania_state_university__446,ccus,2
pennsylvania_state_university,pennsylvania_state_university__447,carbon emissions,1
pennsylvania_state_university,pennsylvania_state_university__448,sustainability,9
pennsylvania_state_university,pennsylvania_state_university__449,project management,1
pennsylvania_state_university,pennsylvania_state_university__450,sustainability,1
pennsylvania_state_university,pennsylvania_state_university__451,sustainability,1
pennsylvania_state_university,pennsylvania_state_university__452,pipeline,1
pennsylvania_state_university,pennsylvania_state_university__453,fuel cell,1
pennsylvania_state_university,pennsylvania_state_university__453,power quality,1
pennsylvania_state_university,pennsylvania_state_university__454,carbon market,1
pennsylvania_state_university,pennsylvania_state_university__454,carbon markets,1
pennsylvania_state_university,pennsylvania_state_university__455,materials engineering,1
pennsylvania_state_university,pennsylvania_state_university__455,process simulation,1
pennsylvania_state_university,pennsylvania_state_university__456,environmental protection,1
pennsylvania_state_university,pennsylvania_state_university__457,process control,1
pennsylvania_state_university,pennsylvania_state_university__458,corrosion,1
pennsylvania_state_university,pennsylvania_state_university__459,control systems,1
pennsylvania_state_university,pennsylvania_state_university__460,ccus,1
pennsylvania_state_university,pennsylvania_state_university__461,control systems,1
pennsylvania_state_university,pennsylvania_state_university__462,control systems,4
pennsylvania_state_university,pennsylvania_state_university__463,control systems,3
pennsylvania_state_university,pennsylvania_state_university__464,automation,2
pennsylvania_state_university,pennsylvania_state_university__465,power quality,1
pennsylvania_state_university,pennsylvania_state_university__466,renewable energy,1
pennsylvania_state_university,pennsylvania_state_university__467,power generation,1
pennsylvania_state_university,pennsylvania_state_university__467,control systems,1
pennsylvania_state_university,pennsylvania_state_university__467,automation,1
pennsylvania_state_university,pennsylvania_state_university__468,power transformer,1
pennsylvania_state_university,pennsylvania_state_university__469,sustainability,1
pennsylvania_state_university,pennsylvania_state_university__470,materials science,3
pennsylvania_state_university,pennsylvania_state_university__471,process control,1
pennsylvania_state_university,pennsylvania_state_university__472,risk assessment,1
pennsylvania_state_university,pennsylvania_state_university__473,explosion,1
pennsylvania_state_university,pennsylvania_state_university__474,resource management,1
pennsylvania_state_university,pennsylvania_state_university__475,ccus,1
pennsylvania_state_university,pennsylvania_state_university__476,project management,1
pennsylvania_state_university,pennsylvania_state_university__477,project management,1
pennsylvania_state_university,pennsylvania_state_university__477,engineering management,1
pennsylvania_state_university,pennsylvania_state_university__477,systems engineering,2
pennsylvania_state_university,pennsylvania_state_university__478,sustainability,3
pennsylvania_state_university,pennsylvania_state_university__479,sustainability,3
pennsylvania_state_university,pennsylvania_state_university__480,sustainability,1
pennsylvania_state_university,pennsylvania_state_university__481,ccus,1
pennsylvania_state_university,pennsylvania_state_university__482,ccus,1
pennsylvania_state_university,pennsylvania_state_university__483,sustainability,1
pennsylvania_state_university,pennsylvania_state_university__484,environmental protection,1
pennsylvania_state_university,pennsylvania_state_university__485,sustainability,1
pennsylvania_state_university,pennsylvania_state_university__486,water quality,1
pennsylvania_state_university,pennsylvania_state_university__487,sustainability,1
pennsylvania_state_university,pennsylvania_state_university__488,sustainability,1
pennsylvania_state_university,pennsylvania_state_university__489,water quality,1
pennsylvania_state_university,pennsylvania_state_university__490,sustainability,1
pennsylvania_state_university,pennsylvania_state_university__490,water quality,1
pennsylvania_state_university,pennsylvania_state_university__491,sustainability,1
pennsylvania_state_university,pennsylvania_state_university__492,sustainability,1
pennsylvania_state_university,pennsylvania_state_university__493,sustainability,1
pennsylvania_state_university,pennsylvania_state_university__494,sustainability,1
pennsylvania_state_university,pennsylvania_state_university__495,project management,1
pennsylvania_state_university,pennsylvania_state_university__496,project development,2
pennsylvania_state_university,pennsylvania_state_university__496,engineering management,1
pennsylvania_state_university,pennsylvania_state_university__497,construction management,3
pennsylvania_state_university,pennsylvania_state_university__498,materials science,3
pennsylvania_state_university,pennsylvania_state_university__499,environmental protection,1
pennsylvania_state_university,pennsylvania_state_university__500,water quality,1
pennsylvania_state_university,pennsylvania_state_university__501,renewable energy,1
pennsylvania_state_university,pennsylvania_state_university__501,carbon emissions,1
pennsylvania_state_university,pennsylvania_state_university__501,co2 emissions,1
pennsylvania_state_university,pennsylvania_state_university__502,project management,5
pennsylvania_state_university,pennsylvania_state_university__503,sustainability,2
pennsylvania_state_university,pennsylvania_state_university__503,material selection,1
pennsylvania_state_university,pennsylvania_state_university__504,materials engineering,2
pennsylvania_state_university,pennsylvania_state_university__505,automation,1
pennsylvania_state_university,pennsylvania_state_university__506,construction management,4
pennsylvania_state_university,pennsylvania_state_university__507,resource management,1
pennsylvania_state_university,pennsylvania_state_university__508,geographic information systems,1
pennsylvania_state_university,pennsylvania_state_university__509,sustainability,1
pennsylvania_state_university,pennsylvania_state_university__510,electrochemistry,1
pennsylvania_state_university,pennsylvania_state_university__510,corrosion,1
pennsylvania_state_university,pennsylvania_state_university__510,water quality,5
pennsylvania_state_university,pennsylvania_state_university__511,fuel cell,1
pennsylvania_state_university,pennsylvania_state_university__511,electrochemistry,1
pennsylvania_state_university,pennsylvania_state_university__512,electrolysis,1
pennsylvania_state_university,pennsylvania_state_university__512,catalysis,1
pennsylvania_state_university,pennsylvania_state_university__512,electrochemistry,1
pennsylvania_state_university,pennsylvania_state_university__512,corrosion,1
pennsylvania_state_university,pennsylvania_state_university__513,equipment maintenance,3
pennsylvania_state_university,pennsylvania_state_university__514,power quality,2
pennsylvania_state_university,pennsylvania_state_university__515,equipment maintenance,1
pennsylvania_state_university,pennsylvania_state_university__516,sustainability,1
pennsylvania_state_university,pennsylvania_state_university__517,sustainability,4
pennsylvania_state_university,pennsylvania_state_university__518,construction management,1
pennsylvania_state_university,pennsylvania_state_university__519,construction management,1
pennsylvania_state_university,pennsylvania_state_university__520,electrolysis,1
pennsylvania_state_university,pennsylvania_state_university__520,catalysis,1
pennsylvania_state_university,pennsylvania_state_university__520,electrochemistry,1
pennsylvania_state_university,pennsylvania_state_university__520,corrosion,1
pennsylvania_state_university,pennsylvania_state_university__521,chemical engineering,1
pennsylvania_state_university,pennsylvania_state_university__522,hydride,1
pennsylvania_state_university,pennsylvania_state_university__523,catalyst,1
pennsylvania_state_university,pennsylvania_state_university__524,resource management,1
pennsylvania_state_university,pennsylvania_state_university__525,explosion,1
pennsylvania_state_university,pennsylvania_state_university__526,project management,11
pennsylvania_state_university,pennsylvania_state_university__527,sustainability,5
pennsylvania_state_university,pennsylvania_state_university__528,sustainability,5
pennsylvania_state_university,pennsylvania_state_university__529,resource management,1
pennsylvania_state_university,pennsylvania_state_university__530,electrochemistry,1
pennsylvania_state_university,pennsylvania_state_university__531,chemical engineering,3
pennsylvania_state_university,pennsylvania_state_university__532,chemical engineering,3
pennsylvania_state_university,pennsylvania_state_university__532,heat transfer,1
pennsylvania_state_university,pennsylvania_state_university__533,chemical engineering,3
pennsylvania_state_university,pennsylvania_state_university__533,heat transfer,1
pennsylvania_state_university,pennsylvania_state_university__534,compressors,1
pennsylvania_state_university,pennsylvania_state_university__534,chemical engineering,3
pennsylvania_state_university,pennsylvania_state_university__535,compressors,1
pennsylvania_state_university,pennsylvania_state_university__535,chemical engineering,3
pennsylvania_state_university,pennsylvania_state_university__536,chemical engineering,5
pennsylvania_state_university,pennsylvania_state_university__537,heat transfer,3
pennsylvania_state_university,pennsylvania_state_university__538,sustainability,2
pennsylvania_state_university,pennsylvania_state_university__539,pipeline,1
pennsylvania_state_university,pennsylvania_state_university__540,water quality,1
pennsylvania_state_university,pennsylvania_state_university__541,hydrogen,1
pennsylvania_state_university,pennsylvania_state_university__542,chemical engineering,2
pennsylvania_state_university,pennsylvania_state_university__542,process safety,1
pennsylvania_state_university,pennsylvania_state_university__543,chemical engineering,1
pennsylvania_state_university,pennsylvania_state_university__544,chemical engineering,1
pennsylvania_state_university,pennsylvania_state_university__545,heat transfer,4
pennsylvania_state_university,pennsylvania_state_university__546,chemical engineering,3
pennsylvania_state_university,pennsylvania_state_university__547,heat transfer,1
pennsylvania_state_university,pennsylvania_state_university__548,control systems,3
pennsylvania_state_university,pennsylvania_state_university__549,catalysis,1
pennsylvania_state_university,pennsylvania_state_university__550,catalyst,1
pennsylvania_state_university,pennsylvania_state_university__551,electrochemistry,3
pennsylvania_state_university,pennsylvania_state_university__552,sustainability,1
pennsylvania_state_university,pennsylvania_state_university__552,chemical engineering,2
pennsylvania_state_university,pennsylvania_state_university__553,electrochemical,1
pennsylvania_state_university,pennsylvania_state_university__553,combustion,1
pennsylvania_state_university,pennsylvania_state_university__554,chemical engineering,1
pennsylvania_state_university,pennsylvania_state_university__555,environmental regulation,3
pennsylvania_state_university,pennsylvania_state_university__555,combustion,1
pennsylvania_state_university,pennsylvania_state_university__556,process engineering,2
pennsylvania_state_university,pennsylvania_state_university__557,power generation,1
pennsylvania_state_university,pennsylvania_state_university__558,chemical engineering,1
pennsylvania_state_university,pennsylvania_state_university__559,chemical engineering,1
pennsylvania_state_university,pennsylvania_state_university__560,chemical engineering,1
pennsylvania_state_university,pennsylvania_state_university__561,chemical engineering,1
pennsylvania_state_university,pennsylvania_state_university__562,chemical engineering,1
pennsylvania_state_university,pennsylvania_state_university__563,sustainability,1
pennsylvania_state_university,pennsylvania_state_university__564,compressors,1
pennsylvania_state_university,pennsylvania_state_university__565,catalysis,1
pennsylvania_state_university,pennsylvania_state_university__565,systems engineering,2
pennsylvania_state_university,pennsylvania_state_university__565,combustion,1
pennsylvania_state_university,pennsylvania_state_university__566,process engineering,2
pennsylvania_state_university,pennsylvania_state_university__567,chemical synthesis,1
pennsylvania_state_university,pennsylvania_state_university__568,materials science,1
pennsylvania_state_university,pennsylvania_state_university__568,electrochemical,1
pennsylvania_state_university,pennsylvania_state_university__569,catalysis,2
pennsylvania_state_university,pennsylvania_state_university__570,chemical engineering,1
pennsylvania_state_university,pennsylvania_state_university__570,electrochemistry,1
pennsylvania_state_university,pennsylvania_state_university__571,combustion,1
pennsylvania_state_university,pennsylvania_state_university__572,hydrogen,1
pennsylvania_state_university,pennsylvania_state_university__572,catalysis,1
pennsylvania_state_university,pennsylvania_state_university__572,chemical engineering,1
pennsylvania_state_university,pennsylvania_state_university__573,chemical engineering,1
pennsylvania_state_university,pennsylvania_state_university__574,catalysis,1
pennsylvania_state_university,pennsylvania_state_university__575,chemical engineering,1
pennsylvania_state_university,pennsylvania_state_university__575,process safety,5
pennsylvania_state_university,pennsylvania_state_university__575,flammability,1
pennsylvania_state_university,pennsylvania_state_university__576,chemical engineering,1
pennsylvania_state_university,pennsylvania_state_university__577,chemical engineering,1
pennsylvania_state_university,pennsylvania_state_university__577,block flow diagram,1
pennsylvania_state_university,pennsylvania_state_university__578,chemical engineering,6
pennsylvania_state_university,pennsylvania_state_university__578,heat transfer,1
pennsylvania_state_university,pennsylvania_state_university__579,chemical engineering,2
pennsylvania_state_university,pennsylvania_state_university__580,chemical engineering,8
pennsylvania_state_university,pennsylvania_state_university__581,chemical engineering,1
pennsylvania_state_university,pennsylvania_state_university__582,chemical engineering,1
pennsylvania_state_university,pennsylvania_state_university__583,heat transfer,1
pennsylvania_state_university,pennsylvania_state_university__584,control systems,1
pennsylvania_state_university,pennsylvania_state_university__585,project management,1
pennsylvania_state_university,pennsylvania_state_university__586,catalysis,1
pennsylvania_state_university,pennsylvania_state_university__587,explosion,1
pennsylvania_state_university,pennsylvania_state_university__588,risk assessment,2
pennsylvania_state_university,pennsylvania_state_university__589,heat transfer,2
pennsylvania_state_university,pennsylvania_state_university__590,heat transfer,2
pennsylvania_state_university,pennsylvania_state_university__591,control systems,5
pennsylvania_state_university,pennsylvania_state_university__591,automation,1
pennsylvania_state_university,pennsylvania_state_university__592,sustainability,1
pennsylvania_state_university,pennsylvania_state_university__592,control systems,1
pennsylvania_state_university,pennsylvania_state_university__593,control systems,3
pennsylvania_state_university,pennsylvania_state_university__594,control systems,1
pennsylvania_state_university,pennsylvania_state_university__595,power quality,1
pennsylvania_state_university,pennsylvania_state_university__596,energy market,1
pennsylvania_state_university,pennsylvania_state_university__597,construction management,4
pennsylvania_state_university,pennsylvania_state_university__598,risk assessment,1
pennsylvania_state_university,pennsylvania_state_university__599,construction management,3
pennsylvania_state_university,pennsylvania_state_university__600,construction management,1
pennsylvania_state_university,pennsylvania_state_university__601,sustainability,1
pennsylvania_state_university,pennsylvania_state_university__602,project development,1
pennsylvania_state_university,pennsylvania_state_university__603,quality assurance,1
pennsylvania_state_university,pennsylvania_state_university__604,sustainability,1
pennsylvania_state_university,pennsylvania_state_university__605,resource management,1
pennsylvania_state_university,pennsylvania_state_university__606,energy supply,1
pennsylvania_state_university,pennsylvania_state_university__607,greenhouse gas emissions,3
pennsylvania_state_university,pennsylvania_state_university__607,climate change policy,1
pennsylvania_state_university,pennsylvania_state_university__608,catalyst,1
pennsylvania_state_university,pennsylvania_state_university__609,sustainability,1
pennsylvania_state_university,pennsylvania_state_university__610,sustainability,1
pennsylvania_state_university,pennsylvania_state_university__610,resource management,1
pennsylvania_state_university,pennsylvania_state_university__611,water quality,1
pennsylvania_state_university,pennsylvania_state_university__612,sustainability,1
pennsylvania_state_university,pennsylvania_state_university__613,combustion,3
pennsylvania_state_university,pennsylvania_state_university__614,resource management,2
pennsylvania_state_university,pennsylvania_state_university__615,life cycle assessment,3
pennsylvania_state_university,pennsylvania_state_university__616,sustainability,1
pennsylvania_state_university,pennsylvania_state_university__617,welding,2
pennsylvania_state_university,pennsylvania_state_university__617,project development,1
pennsylvania_state_university,pennsylvania_state_university__618,sustainability,5
pennsylvania_state_university,pennsylvania_state_university__619,biomass gasification,1
pennsylvania_state_university,pennsylvania_state_university__620,power generation,1
pennsylvania_state_university,pennsylvania_state_university__621,renewable energy,1
pennsylvania_state_university,pennsylvania_state_university__622,sustainability,1
pennsylvania_state_university,pennsylvania_state_university__623,sustainability,2
pennsylvania_state_university,pennsylvania_state_university__624,resource management,1
pennsylvania_state_university,pennsylvania_state_university__625,project management,1
pennsylvania_state_university,pennsylvania_state_university__626,sustainability,6
pennsylvania_state_university,pennsylvania_state_university__627,sustainability,2
pennsylvania_state_university,pennsylvania_state_university__628,resource management,1
pennsylvania_state_university,pennsylvania_state_university__629,environmental protection,1
pennsylvania_state_university,pennsylvania_state_university__630,heat transfer,1
pennsylvania_state_university,pennsylvania_state_university__631,sustainability,1
pennsylvania_state_university,pennsylvania_state_university__632,sustainability,1
pennsylvania_state_university,pennsylvania_state_university__633,automation,1
pennsylvania_state_university,pennsylvania_state_university__634,automation,1
pennsylvania_state_university,pennsylvania_state_university__635,project management,1
pennsylvania_state_university,pennsylvania_state_university__636,heat transfer,1
pennsylvania_state_university,pennsylvania_state_university__637,sustainability,1
pennsylvania_state_university,pennsylvania_state_university__638,control systems,6
pennsylvania_state_university,pennsylvania_state_university__639,sustainability,1
pennsylvania_state_university,pennsylvania_state_university__640,explosion,1
rice_university,rice_university__0,explosion,1
rice_university,rice_university__1,sustainability,1
rice_university,rice_university__2,materials engineering,1
rice_university,rice_university__3,sustainability,1
rice_university,rice_university__3,environmental protection,1
rice_university,rice_university__4,explosion,1
rice_university,rice_university__5,technical drawing,1
rice_university,rice_university__6,sustainability,1
rice_university,rice_university__6,environmental protection,1
rice_university,rice_university__7,heat transfer,2
rice_university,rice_university__8,project management,1
rice_university,rice_university__9,project management,1
rice_university,rice_university__10,ansys,1
rice_university,rice_university__11,control systems,3
rice_university,rice_university__12,heat transfer,1
rice_university,rice_university__13,heat transfer,1
rice_university,rice_university__14,heat transfer,2
rice_university,rice_university__15,heat transfer,1
rice_university,rice_university__16,heat transfer,1
rice_university,rice_university__17,heat transfer,1
rice_university,rice_university__18,heat transfer,1
rice_university,rice_university__19,systems engineering,1
rice_university,rice_university__20,heat transfer,2
rice_university,rice_university__21,heat transfer,1
rice_university,rice_university__22,heat transfer,1
rice_university,rice_university__23,heat transfer,1
rice_university,rice_university__24,compressors,1
rice_university,rice_university__24,combustion,2
rice_university,rice_university__25,pipeline,1
rice_university,rice_university__25,heat transfer,1
rice_university,rice_university__25,control systems,1
rice_university,rice_university__26,control systems,3
rice_university,rice_university__27,heat transfer,1
rice_university,rice_university__28,explosion,1
rice_university,rice_university__29,predictive analytics,1
rice_university,rice_university__30,predictive analytics,1
rice_university,rice_university__31,energy security,1
rice_university,rice_university__32,sustainability,1
rice_university,rice_university__33,predictive analytics,1
rice_university,rice_university__34,predictive analytics,1
rice_university,rice_university__35,project management,1
rice_university,rice_university__36,project management,3
rice_university,rice_university__37,engineering management,3
rice_university,rice_university__38,project management,2
rice_university,rice_university__39,engineering management,1
rice_university,rice_university__40,system optimization,1
rice_university,rice_university__41,pipeline,1
rice_university,rice_university__42,process control,1
rice_university,rice_university__43,project development,1
rice_university,rice_university__44,risk assessment,2
rice_university,rice_university__45,pipeline,1
rice_university,rice_university__46,process control,1
rice_university,rice_university__47,materials science,1
rice_university,rice_university__48,risk assessment,2
rice_university,rice_university__49,sustainability,1
rice_university,rice_university__50,sustainability,1
rice_university,rice_university__51,sustainability,1
rice_university,rice_university__52,sustainability,1
rice_university,rice_university__53,sustainability,1
rice_university,rice_university__54,materials science,2
rice_university,rice_university__55,materials science,2
rice_university,rice_university__56,materials engineering,1
rice_university,rice_university__57,materials science,2
rice_university,rice_university__57,heat transfer,1
rice_university,rice_university__58,materials science,1
rice_university,rice_university__59,materials science,1
rice_university,rice_university__60,materials science,1
rice_university,rice_university__61,materials science,1
rice_university,rice_university__62,materials science,1
rice_university,rice_university__63,materials science,3
rice_university,rice_university__64,materials science,3
rice_university,rice_university__65,materials science,2
rice_university,rice_university__66,materials science,1
rice_university,rice_university__67,materials science,3
rice_university,rice_university__68,materials science,1
rice_university,rice_university__69,materials science,2
rice_university,rice_university__69,heat transfer,1
rice_university,rice_university__70,materials science,1
rice_university,rice_university__71,materials engineering,1
rice_university,rice_university__72,materials science,1
rice_university,rice_university__73,corrosion,6
rice_university,rice_university__74,materials science,2
rice_university,rice_university__75,materials science,2
rice_university,rice_university__76,materials science,1
rice_university,rice_university__77,heat transfer,2
rice_university,rice_university__78,materials engineering,1
rice_university,rice_university__79,risk assessment,2
rice_university,rice_university__79,corrosion,1
rice_university,rice_university__80,materials science,1
rice_university,rice_university__81,fuel cell,1
rice_university,rice_university__81,electrochemical,3
rice_university,rice_university__81,electrochemistry,1
rice_university,rice_university__82,risk assessment,2
rice_university,rice_university__82,corrosion,1
rice_university,rice_university__83,materials science,1
rice_university,rice_university__84,esg,1
rice_university,rice_university__85,materials science,1
rice_university,rice_university__86,materials science,1
rice_university,rice_university__87,explosion,1
rice_university,rice_university__88,control systems,1
rice_university,rice_university__89,explosion,1
rice_university,rice_university__90,explosion,1
rice_university,rice_university__91,energy market,2
rice_university,rice_university__92,energy market,1
rice_university,rice_university__93,energy security,1
rice_university,rice_university__94,decarbonization,1
rice_university,rice_university__94,energy transition,2
rice_university,rice_university__95,renewable energy,1
rice_university,rice_university__95,energy market,3
rice_university,rice_university__95,renewable energy credit,1
rice_university,rice_university__96,energy transition,2
rice_university,rice_university__97,sustainability,1
rice_university,rice_university__98,sustainability,1
rice_university,rice_university__98,impact investing,2
rice_university,rice_university__98,sustainable finance,3
rice_university,rice_university__99,hydrogen,1
rice_university,rice_university__99,power generation,2
rice_university,rice_university__99,energy transition,1
rice_university,rice_university__100,explosion,1
rice_university,rice_university__101,control systems,1
rice_university,rice_university__102,energy transition,1
rice_university,rice_university__103,automation,1
rice_university,rice_university__104,project management,2
rice_university,rice_university__105,risk assessment,1
rice_university,rice_university__105,risk mitigation,1
rice_university,rice_university__106,renewable energy,1
rice_university,rice_university__107,hydrogen,1
rice_university,rice_university__107,carbon capture,1
rice_university,rice_university__107,energy transition,2
rice_university,rice_university__108,energy transition,1
rice_university,rice_university__109,esg,4
rice_university,rice_university__110,energy transition,1
rice_university,rice_university__111,power generation,1
rice_university,rice_university__111,renewable energy,1
rice_university,rice_university__111,decarbonization,1
rice_university,rice_university__111,energy transition,3
rice_university,rice_university__111,energy security,1
rice_university,rice_university__111,energy supply,1
rice_university,rice_university__112,energy transition,1
rice_university,rice_university__113,renewable energy,1
rice_university,rice_university__113,energy transition,1
rice_university,rice_university__114,explosion,1
rice_university,rice_university__115,control systems,4
rice_university,rice_university__116,energy transition,1
rice_university,rice_university__117,sustainability,1
rice_university,rice_university__118,resource management,1
rice_university,rice_university__119,sustainability,1
rice_university,rice_university__120,sustainability,1
rice_university,rice_university__120,water quality,1
rice_university,rice_university__121,energy supply,1
rice_university,rice_university__122,energy supply,1
rice_university,rice_university__123,sustainability,3
rice_university,rice_university__124,energy transition,1
rice_university,rice_university__125,catalyst,1
rice_university,rice_university__126,energy transition,1
rice_university,rice_university__127,sustainability,2
rice_university,rice_university__128,sustainability,1
rice_university,rice_university__129,sustainability,1
rice_university,rice_university__130,sustainability,1
rice_university,rice_university__131,sustainability,1
rice_university,rice_university__132,sustainability,1
rice_university,rice_university__133,renewable energy,2
rice_university,rice_university__133,clean energy,1
rice_university,rice_university__134,sustainability,1
rice_university,rice_university__135,life cycle analysis,1
rice_university,rice_university__136,sustainability,3
rice_university,rice_university__137,sustainability,3
rice_university,rice_university__138,sustainability,1
rice_university,rice_university__139,geographic information systems,1
rice_university,rice_university__140,geographic information systems,1
rice_university,rice_university__141,engineering drawing,2
rice_university,rice_university__142,project development,1
rice_university,rice_university__142,project management,1
rice_university,rice_university__143,engineering drawing,2
rice_university,rice_university__144,sustainability,1
rice_university,rice_university__145,sustainability,1
rice_university,rice_university__146,catalyst,1
rice_university,rice_university__147,sustainability,1
rice_university,rice_university__147,carbon emissions,1
rice_university,rice_university__148,sustainability,2
rice_university,rice_university__149,pipeline,1
rice_university,rice_university__150,energy security,1
rice_university,rice_university__150,energy demand,1
rice_university,rice_university__151,energy supply,1
rice_university,rice_university__152,energy policy,1
rice_university,rice_university__153,energy market,1
rice_university,rice_university__154,energy security,1
rice_university,rice_university__154,energy demand,1
rice_university,rice_university__155,carbon tax,1
rice_university,rice_university__156,climate policy,1
rice_university,rice_university__157,energy supply,1
rice_university,rice_university__158,energy security,1
rice_university,rice_university__158,energy market,1
rice_university,rice_university__159,fuel supply,1
rice_university,rice_university__159,project development,1
rice_university,rice_university__160,renewable energy,1
rice_university,rice_university__161,energy demand,1
rice_university,rice_university__162,risk assessment,1
rice_university,rice_university__163,control systems,3
rice_university,rice_university__164,pipeline,1
rice_university,rice_university__165,sustainability,1
rice_university,rice_university__166,resource management,1
rice_university,rice_university__167,materials science,1
rice_university,rice_university__168,materials science,1
rice_university,rice_university__169,control systems,1
rice_university,rice_university__170,pipeline,1
rice_university,rice_university__171,resource management,1
rice_university,rice_university__172,pipeline,1
rice_university,rice_university__173,heat transfer,1
rice_university,rice_university__174,heat transfer,1
rice_university,rice_university__175,materials science,1
rice_university,rice_university__176,resource management,1
rice_university,rice_university__177,materials science,1
rice_university,rice_university__178,hydrogen,1
rice_university,rice_university__178,energy transition,1
rice_university,rice_university__179,geographic information systems,1
rice_university,rice_university__180,energy transition,1
rice_university,rice_university__181,automation,1
rice_university,rice_university__182,pipeline,1
rice_university,rice_university__183,chemical engineering,1
rice_university,rice_university__184,carbon storage,1
rice_university,rice_university__185,heat transfer,1
rice_university,rice_university__186,heat transfer,1
rice_university,rice_university__187,hydrogen,1
rice_university,rice_university__187,carbon capture,1
rice_university,rice_university__187,sustainability,1
rice_university,rice_university__187,energy transition,4
rice_university,rice_university__187,carbon market,1
rice_university,rice_university__187,carbon markets,1
rice_university,rice_university__188,catalysis,1
rice_university,rice_university__189,catalysis,1
rice_university,rice_university__190,sustainability,1
rice_university,rice_university__191,energy transition,2
rice_university,rice_university__192,esg,1
rice_university,rice_university__193,automation,1
rice_university,rice_university__194,resource management,1
rice_university,rice_university__195,resource management,1
rice_university,rice_university__196,pipeline,1
rice_university,rice_university__197,electrochemistry,1
rice_university,rice_university__198,materials science,1
rice_university,rice_university__199,catalysis,1
rice_university,rice_university__200,catalysis,1
rice_university,rice_university__201,geographic information systems,1
rice_university,rice_university__202,energy transition,1
rice_university,rice_university__203,carbon storage,1
rice_university,rice_university__204,heat transfer,1
rice_university,rice_university__205,heat transfer,1
rice_university,rice_university__206,hydrogen,1
rice_university,rice_university__206,carbon capture,1
rice_university,rice_university__206,sustainability,1
rice_university,rice_university__206,energy transition,4
rice_university,rice_university__206,carbon market,1
rice_university,rice_university__206,carbon markets,1
rice_university,rice_university__207,automation,1
rice_university,rice_university__208,sustainability,1
rice_university,rice_university__209,project development,1
rice_university,rice_university__209,project management,1
rice_university,rice_university__210,risk assessment,1
rice_university,rice_university__210,water quality,1
rice_university,rice_university__211,sustainability,1
rice_university,rice_university__211,water quality,1
rice_university,rice_university__212,water quality,1
rice_university,rice_university__213,water quality,2
rice_university,rice_university__214,explosion,1
rice_university,rice_university__215,sustainability,1
rice_university,rice_university__216,life cycle analysis,1
rice_university,rice_university__217,risk assessment,1
rice_university,rice_university__218,sustainability,4
rice_university,rice_university__219,ansys,1
rice_university,rice_university__220,risk assessment,1
rice_university,rice_university__221,sustainability,1
rice_university,rice_university__222,risk assessment,2
rice_university,rice_university__223,project development,1
rice_university,rice_university__223,project management,1
rice_university,rice_university__224,life cycle analysis,1
rice_university,rice_university__225,risk assessment,1
rice_university,rice_university__225,water quality,1
rice_university,rice_university__226,risk assessment,1
rice_university,rice_university__227,risk assessment,1
rice_university,rice_university__228,sustainability,1
rice_university,rice_university__229,sustainability,1
rice_university,rice_university__230,catalysis,1
rice_university,rice_university__230,water quality,1
rice_university,rice_university__231,sustainability,1
rice_university,rice_university__232,risk assessment,1
rice_university,rice_university__233,risk assessment,2
rice_university,rice_university__234,chemical engineering,2
rice_university,rice_university__235,sustainability,1
rice_university,rice_university__236,chemical engineering,2
rice_university,rice_university__237,chemical engineering,1
rice_university,rice_university__238,chemical engineering,1
rice_university,rice_university__239,chemical engineering,2
rice_university,rice_university__240,chemical engineering,1
rice_university,rice_university__240,process safety,2
rice_university,rice_university__241,sustainability,1
rice_university,rice_university__242,catalysis,1
rice_university,rice_university__243,chemical engineering,1
rice_university,rice_university__244,chemical engineering,1
rice_university,rice_university__245,sustainability,1
rice_university,rice_university__245,chemical engineering,2
rice_university,rice_university__246,chemical engineering,1
rice_university,rice_university__246,technoeconomic analysis,1
rice_university,rice_university__247,systems engineering,1
rice_university,rice_university__247,process engineering,1
rice_university,rice_university__247,control systems,1
rice_university,rice_university__248,fuel cell,1
rice_university,rice_university__248,renewable energy,1
rice_university,rice_university__248,chemical engineering,1
rice_university,rice_university__249,carbon capture,1
rice_university,rice_university__250,chemical engineering,2
rice_university,rice_university__250,process control,1
rice_university,rice_university__251,pipeline,1
rice_university,rice_university__252,chemical engineering,1
rice_university,rice_university__253,catalysis,1
rice_university,rice_university__253,energy transition,1
rice_university,rice_university__253,chemical engineering,1
rice_university,rice_university__254,chemical engineering,1
rice_university,rice_university__254,control systems,1
rice_university,rice_university__255,chemical engineering,1
rice_university,rice_university__256,chemical engineering,1
rice_university,rice_university__257,chemical engineering,1
rice_university,rice_university__258,chemical engineering,1
rice_university,rice_university__258,technoeconomic analysis,1
rice_university,rice_university__259,water splitting,1
rice_university,rice_university__259,fuel cell,1
rice_university,rice_university__259,renewable energy,1
rice_university,rice_university__259,electrochemical,1
rice_university,rice_university__259,electrochemistry,1
rice_university,rice_university__260,catalysis,1
rice_university,rice_university__260,sustainability,3
rice_university,rice_university__261,fuel cell,1
rice_university,rice_university__261,renewable energy,1
rice_university,rice_university__261,chemical engineering,1
rice_university,rice_university__262,carbon capture,1
rice_university,rice_university__263,hydrogen,1
rice_university,rice_university__263,power generation,1
rice_university,rice_university__263,energy supply,1
rice_university,rice_university__264,energy transition,1
rice_university,rice_university__265,pipeline,1
rice_university,rice_university__266,catalysis,1
rice_university,rice_university__267,chemical engineering,1
rice_university,rice_university__268,catalysis,1
rice_university,rice_university__268,energy transition,1
rice_university,rice_university__268,chemical engineering,1
rice_university,rice_university__269,catalysis,3
rice_university,rice_university__270,sustainability,2
rice_university,rice_university__271,catalysis,2
rice_university,rice_university__271,catalyst,2
rice_university,rice_university__272,chemical engineering,2
rice_university,rice_university__273,risk assessment,2
rice_university,rice_university__273,corrosion,1
rice_university,rice_university__274,chemical engineering,1
rice_university,rice_university__275,risk assessment,2
rice_university,rice_university__275,corrosion,1
rice_university,rice_university__276,chemical engineering,1
rice_university,rice_university__277,materials science,1
rice_university,rice_university__278,chemical engineering,1
rice_university,rice_university__279,hydrogen,1
rice_university,rice_university__279,carbon capture,1
rice_university,rice_university__279,sustainability,1
rice_university,rice_university__279,energy transition,4
rice_university,rice_university__279,carbon market,1
rice_university,rice_university__279,carbon markets,1
rice_university,rice_university__280,chemical engineering,1
rice_university,rice_university__281,chemical engineering,2
rice_university,rice_university__282,chemical engineering,2
rice_university,rice_university__283,chemical engineering,1
rice_university,rice_university__284,predictive analytics,1
rice_university,rice_university__285,sustainability,1
rice_university,rice_university__286,sustainability,1
rice_university,rice_university__287,environmental regulation,1
rice_university,rice_university__288,sustainability,1
rice_university,rice_university__289,resource management,1
rice_university,rice_university__290,sustainability,1
rice_university,rice_university__290,water quality,1
rice_university,rice_university__291,materials science,1
rice_university,rice_university__292,automation,1
rice_university,rice_university__293,materials engineering,1
rice_university,rice_university__294,sustainability,1
rice_university,rice_university__294,carbon emissions,1
rice_university,rice_university__295,sustainability,1
rice_university,rice_university__296,energy policy,1
rice_university,rice_university__296,energy security,1
rice_university,rice_university__297,automation,1
rice_university,rice_university__298,sustainability,1
rice_university,rice_university__298,carbon emissions,1
rice_university,rice_university__299,resource management,1
rice_university,rice_university__300,risk assessment,4
rice_university,rice_university__301,pipeline,1
rice_university,rice_university__301,sustainability,1
rice_university,rice_university__301,environmental impact assessment,1
rice_university,rice_university__302,environmental regulation,1
rice_university,rice_university__303,sustainability,1
rice_university,rice_university__304,sustainability,1
rice_university,rice_university__305,sustainability,1
rice_university,rice_university__306,sustainability,1
rice_university,rice_university__307,sustainability,1
rice_university,rice_university__308,sustainability,1
rice_university,rice_university__309,materials engineering,1
rice_university,rice_university__310,risk assessment,1
rice_university,rice_university__310,control systems,1
rice_university,rice_university__311,risk assessment,1
rice_university,rice_university__312,sustainability,1
rice_university,rice_university__313,sustainability,1
rice_university,rice_university__314,sustainability,1
rice_university,rice_university__315,sustainability,1
rice_university,rice_university__316,sustainability,1
rice_university,rice_university__317,renewable energy,2
rice_university,rice_university__317,clean energy,1
rice_university,rice_university__318,resource management,3
rice_university,rice_university__319,renewable energy,2
rice_university,rice_university__319,clean energy,1
rice_university,rice_university__320,resource management,3
texas_a_m,texas_a_m__0,electrochemistry,1
texas_a_m,texas_a_m__1,electrochemistry,1
texas_a_m,texas_a_m__2,electrochemistry,1
texas_a_m,texas_a_m__3,electrochemistry,1
texas_a_m,texas_a_m__4,electrochemistry,1
texas_a_m,texas_a_m__5,chemical engineering,1
texas_a_m,texas_a_m__5,materials science,1
texas_a_m,texas_a_m__6,catalysis,1
texas_a_m,texas_a_m__7,greenhouse gas emissions,1
texas_a_m,texas_a_m__8,resource management,2
texas_a_m,texas_a_m__9,resource management,2
texas_a_m,texas_a_m__10,environmental protection,1
texas_a_m,texas_a_m__11,sustainability,1
texas_a_m,texas_a_m__12,resource management,1
texas_a_m,texas_a_m__13,resource management,1
texas_a_m,texas_a_m__14,corrosion,1
texas_a_m,texas_a_m__15,pipeline,1
texas_a_m,texas_a_m__16,risk assessment,1
texas_a_m,texas_a_m__17,risk assessment,2
texas_a_m,texas_a_m__18,risk assessment,2
texas_a_m,texas_a_m__19,risk assessment,3
texas_a_m,texas_a_m__20,resource management,1
texas_a_m,texas_a_m__21,ion exchange,1
texas_a_m,texas_a_m__22,project management,4
texas_a_m,texas_a_m__23,risk assessment,1
texas_a_m,texas_a_m__24,hazard identification,1
texas_a_m,texas_a_m__25,risk assessment,3
texas_a_m,texas_a_m__26,sustainability,3
texas_a_m,texas_a_m__27,energy policy,1
texas_a_m,texas_a_m__28,sustainability,2
texas_a_m,texas_a_m__29,project management,1
texas_a_m,texas_a_m__30,energy policy,1
texas_a_m,texas_a_m__31,energy demand,1
texas_a_m,texas_a_m__32,project management,1
texas_a_m,texas_a_m__33,corrosion,1
texas_a_m,texas_a_m__34,ccs,2
texas_a_m,texas_a_m__34,co2 capture,2
texas_a_m,texas_a_m__35,sustainability,2
texas_a_m,texas_a_m__35,energy policy,1
texas_a_m,texas_a_m__35,energy security,1
texas_a_m,texas_a_m__36,hydrogen,1
texas_a_m,texas_a_m__36,compressed gas,1
texas_a_m,texas_a_m__36,power generation,2
texas_a_m,texas_a_m__37,pipeline,1
texas_a_m,texas_a_m__38,pipeline,1
texas_a_m,texas_a_m__39,pipeline,1
texas_a_m,texas_a_m__40,risk assessment,1
texas_a_m,texas_a_m__41,heat transfer,1
texas_a_m,texas_a_m__42,heat transfer,1
texas_a_m,texas_a_m__43,power generation,1
texas_a_m,texas_a_m__44,process safety,1
texas_a_m,texas_a_m__45,heat transfer,2
texas_a_m,texas_a_m__46,corrosion,1
texas_a_m,texas_a_m__47,project development,1
texas_a_m,texas_a_m__47,project management,2
texas_a_m,texas_a_m__47,risk assessment,1
texas_a_m,texas_a_m__48,project development,1
texas_a_m,texas_a_m__49,combustion,1
texas_a_m,texas_a_m__50,renewable energy,1
texas_a_m,texas_a_m__51,pipeline,2
texas_a_m,texas_a_m__52,hydrogen,5
texas_a_m,texas_a_m__52,clean energy,1
texas_a_m,texas_a_m__52,decarbonization,1
texas_a_m,texas_a_m__53,heat transfer,1
texas_a_m,texas_a_m__54,combustion,3
texas_a_m,texas_a_m__55,heat transfer,4
texas_a_m,texas_a_m__56,heat transfer,1
texas_a_m,texas_a_m__57,heat transfer,2
texas_a_m,texas_a_m__58,engineering drawing,1
texas_a_m,texas_a_m__59,combustion,4
texas_a_m,texas_a_m__59,flammability,1
texas_a_m,texas_a_m__60,gas turbine,2
texas_a_m,texas_a_m__60,heat transfer,4
texas_a_m,texas_a_m__61,heat transfer,1
texas_a_m,texas_a_m__62,heat transfer,2
texas_a_m,texas_a_m__63,control systems,1
texas_a_m,texas_a_m__64,control systems,1
texas_a_m,texas_a_m__65,electrochemical,1
texas_a_m,texas_a_m__65,corrosion,3
texas_a_m,texas_a_m__66,heat transfer,1
texas_a_m,texas_a_m__67,gas turbine,1
texas_a_m,texas_a_m__68,control systems,1
texas_a_m,texas_a_m__69,fuel cell,1
texas_a_m,texas_a_m__70,heat transfer,1
texas_a_m,texas_a_m__71,materials science,1
texas_a_m,texas_a_m__72,heat transfer,1
texas_a_m,texas_a_m__73,heat transfer,1
texas_a_m,texas_a_m__73,automation,1
texas_a_m,texas_a_m__74,process control,1
texas_a_m,texas_a_m__75,systems engineering,1
texas_a_m,texas_a_m__76,systems engineering,1
texas_a_m,texas_a_m__77,systems engineering,2
texas_a_m,texas_a_m__78,heat transfer,1
texas_a_m,texas_a_m__79,risk assessment,2
texas_a_m,texas_a_m__80,engineering management,1
texas_a_m,texas_a_m__80,control systems,1
texas_a_m,texas_a_m__81,project management,1
texas_a_m,texas_a_m__81,systems engineering,1
texas_a_m,texas_a_m__82,systems engineering,2
texas_a_m,texas_a_m__83,systems engineering,1
texas_a_m,texas_a_m__84,systems engineering,1
texas_a_m,texas_a_m__85,project management,1
texas_a_m,texas_a_m__85,systems engineering,1
texas_a_m,texas_a_m__86,systems engineering,2
texas_a_m,texas_a_m__87,project management,1
texas_a_m,texas_a_m__88,system optimization,1
texas_a_m,texas_a_m__89,automation,1
texas_a_m,texas_a_m__90,systems engineering,1
texas_a_m,texas_a_m__91,control systems,3
texas_a_m,texas_a_m__92,project management,2
texas_a_m,texas_a_m__93,materials science,1
texas_a_m,texas_a_m__94,hydrogen,1
texas_a_m,texas_a_m__95,materials science,2
texas_a_m,texas_a_m__96,materials science,1
texas_a_m,texas_a_m__97,materials science,1
texas_a_m,texas_a_m__98,materials science,2
texas_a_m,texas_a_m__99,materials science,1
texas_a_m,texas_a_m__100,materials science,1
texas_a_m,texas_a_m__101,materials science,1
texas_a_m,texas_a_m__101,electrochemistry,1
texas_a_m,texas_a_m__102,electrochemical,1
texas_a_m,texas_a_m__102,electrochemistry,2
texas_a_m,texas_a_m__102,corrosion,2
texas_a_m,texas_a_m__103,electrochemistry,2
texas_a_m,texas_a_m__103,corrosion,3
texas_a_m,texas_a_m__104,corrosion,2
texas_a_m,texas_a_m__105,materials science,1
texas_a_m,texas_a_m__106,materials science,1
texas_a_m,texas_a_m__107,materials science,1
texas_a_m,texas_a_m__108,pipeline,1
texas_a_m,texas_a_m__109,control systems,2
texas_a_m,texas_a_m__110,automation,1
texas_a_m,texas_a_m__111,control systems,1
texas_a_m,texas_a_m__112,automation,2
texas_a_m,texas_a_m__113,life cycle analysis,1
texas_a_m,texas_a_m__114,risk assessment,1
texas_a_m,texas_a_m__115,control systems,1
texas_a_m,texas_a_m__116,project management,1
texas_a_m,texas_a_m__117,fuel cell,1
texas_a_m,texas_a_m__118,project management,1
texas_a_m,texas_a_m__119,corrosion,1
texas_a_m,texas_a_m__120,water quality,1
texas_a_m,texas_a_m__121,engineering management,1
texas_a_m,texas_a_m__121,risk assessment,1
texas_a_m,texas_a_m__122,hazard identification,1
texas_a_m,texas_a_m__122,risk assessment,3
texas_a_m,texas_a_m__123,pressure vessel,1
texas_a_m,texas_a_m__124,project development,1
texas_a_m,texas_a_m__125,resource management,1
texas_a_m,texas_a_m__126,risk assessment,1
texas_a_m,texas_a_m__126,risk mitigation,1
texas_a_m,texas_a_m__127,pipeline,1
texas_a_m,texas_a_m__127,liquefaction,1
texas_a_m,texas_a_m__128,quality assurance,1
texas_a_m,texas_a_m__129,engineering management,2
texas_a_m,texas_a_m__130,systems engineering,1
texas_a_m,texas_a_m__131,project development,2
texas_a_m,texas_a_m__132,risk assessment,1
texas_a_m,texas_a_m__133,systems engineering,1
texas_a_m,texas_a_m__134,chemical engineering,1
texas_a_m,texas_a_m__135,chemical engineering,1
texas_a_m,texas_a_m__136,chemical engineering,2
texas_a_m,texas_a_m__137,chemical engineering,1
texas_a_m,texas_a_m__138,chemical engineering,1
texas_a_m,texas_a_m__139,process control,1
texas_a_m,texas_a_m__140,chemical synthesis,1
texas_a_m,texas_a_m__141,catalysis,1
texas_a_m,texas_a_m__141,catalyst,2
texas_a_m,texas_a_m__142,electrochemical,1
texas_a_m,texas_a_m__143,chemical engineering,1
texas_a_m,texas_a_m__144,process safety,2
texas_a_m,texas_a_m__144,hazard identification,1
texas_a_m,texas_a_m__144,risk assessment,1
texas_a_m,texas_a_m__144,explosion,1
texas_a_m,texas_a_m__145,gas processing,1
texas_a_m,texas_a_m__146,risk assessment,2
texas_a_m,texas_a_m__147,chemical engineering,2
texas_a_m,texas_a_m__148,chemical engineering,2
texas_a_m,texas_a_m__149,sustainability,1
texas_a_m,texas_a_m__149,chemical engineering,1
texas_a_m,texas_a_m__150,chemical engineering,2
texas_a_m,texas_a_m__151,electrochemical,3
texas_a_m,texas_a_m__151,electrochemistry,1
texas_a_m,texas_a_m__152,process engineering,2
texas_a_m,texas_a_m__153,chemical engineering,1
texas_a_m,texas_a_m__154,chemical engineering,1
texas_a_m,texas_a_m__155,chemical engineering,1
texas_a_m,texas_a_m__156,control systems,1
texas_a_m,texas_a_m__157,control systems,1
texas_a_m,texas_a_m__158,control systems,1
texas_a_m,texas_a_m__159,combustion,2
texas_a_m,texas_a_m__160,combustion,2
texas_a_m,texas_a_m__161,heat transfer,1
texas_a_m,texas_a_m__162,materials science,1
texas_a_m,texas_a_m__163,project management,1
texas_a_m,texas_a_m__164,sustainability,1
texas_a_m,texas_a_m__165,resource management,1
texas_a_m,texas_a_m__166,resource management,1
texas_a_m,texas_a_m__167,resource management,1
texas_a_m,texas_a_m__168,resource management,1
texas_a_m,texas_a_m__169,resource management,3
texas_a_m,texas_a_m__170,resource management,1
texas_a_m,texas_a_m__171,control systems,1
texas_a_m,texas_a_m__172,environmental protection,1
texas_a_m,texas_a_m__173,resource management,1
texas_a_m,texas_a_m__174,risk assessment,1
texas_a_m,texas_a_m__175,project management,2
texas_a_m,texas_a_m__176,resource management,2
texas_a_m,texas_a_m__177,control systems,1
texas_a_m,texas_a_m__178,resource management,1
texas_a_m,texas_a_m__179,energy market,1
texas_a_m,texas_a_m__179,project development,1
texas_a_m,texas_a_m__180,risk assessment,1
texas_a_m,texas_a_m__181,energy market,1
texas_a_m,texas_a_m__182,project management,1
texas_a_m,texas_a_m__183,predictive analytics,3
texas_a_m,texas_a_m__184,project management,1
texas_a_m,texas_a_m__185,automation,1
texas_a_m,texas_a_m__186,welding,1
texas_a_m,texas_a_m__187,environmental impact assessment,1
texas_a_m,texas_a_m__188,risk assessment,1
texas_a_m,texas_a_m__189,esg,1
texas_a_m,texas_a_m__190,esg,1
texas_a_m,texas_a_m__191,hydrogen,1
texas_a_m,texas_a_m__192,explosion,1
texas_a_m,texas_a_m__193,decarbonization,1
texas_a_m,texas_a_m__194,geographic information systems,1
texas_a_m,texas_a_m__195,geographic information systems,1
texas_a_m,texas_a_m__196,geographic information systems,1
texas_a_m,texas_a_m__197,automation,1
texas_a_m,texas_a_m__198,energy policy,1
texas_a_m,texas_a_m__198,energy regulation,1
texas_a_m,texas_a_m__198,energy market,3
texas_a_m,texas_a_m__199,hydrogen,1
texas_a_m,texas_a_m__200,catalysis,2
texas_a_m,texas_a_m__201,resource management,1
texas_a_m,texas_a_m__202,resource management,1
texas_a_m,texas_a_m__203,sustainability,1
texas_a_m,texas_a_m__204,project management,2
texas_a_m,texas_a_m__205,sustainability,2
texas_a_m,texas_a_m__206,sustainability,1
texas_a_m,texas_a_m__206,environmental protection,1
texas_a_m,texas_a_m__207,project management,1
texas_a_m,texas_a_m__208,sustainability,1
texas_a_m,texas_a_m__209,sustainability,2
texas_a_m,texas_a_m__210,cooling systems,1
texas_a_m,texas_a_m__211,project management,1
texas_a_m,texas_a_m__212,sustainability,1
texas_a_m,texas_a_m__213,construction management,1
texas_a_m,texas_a_m__214,control systems,1
texas_a_m,texas_a_m__215,construction management,1
texas_a_m,texas_a_m__216,construction management,1
texas_a_m,texas_a_m__217,risk assessment,1
texas_a_m,texas_a_m__218,risk assessment,1
texas_a_m,texas_a_m__219,sustainability,1
texas_a_m,texas_a_m__219,water quality,1
texas_a_m,texas_a_m__220,water quality,1
texas_a_m,texas_a_m__221,cooling systems,1
texas_a_m,texas_a_m__221,control systems,1
texas_a_m,texas_a_m__222,heat transfer,1
texas_a_m,texas_a_m__223,cooling systems,1
texas_a_m,texas_a_m__223,control systems,1
texas_a_m,texas_a_m__224,resource management,1
texas_a_m,texas_a_m__225,sustainability,1
texas_a_m,texas_a_m__226,risk assessment,1
texas_a_m,texas_a_m__227,resource management,1
texas_a_m,texas_a_m__228,water quality,1
texas_a_m,texas_a_m__229,resource management,1
texas_a_m,texas_a_m__230,sustainability,1
texas_a_m,texas_a_m__231,resource management,1
texas_a_m,texas_a_m__232,environmental impact assessment,2
texas_a_m,texas_a_m__233,water quality,1
texas_a_m,texas_a_m__234,biofuels,1
texas_a_m,texas_a_m__234,renewable energy,1
texas_a_m,texas_a_m__235,control systems,1
texas_a_m,texas_a_m__236,quality assurance,1
texas_a_m,texas_a_m__237,process control,2
texas_a_m,texas_a_m__237,quality assurance,2
texas_a_m,texas_a_m__238,resource management,1
texas_a_m,texas_a_m__239,resource management,1
texas_a_m,texas_a_m__240,geographic information systems,1
texas_a_m,texas_a_m__241,renewable energy,3
texas_a_m,texas_a_m__242,process engineering,1
texas_a_m,texas_a_m__242,process control,1
texas_a_m,texas_a_m__243,process engineering,1
texas_a_m,texas_a_m__244,resource management,1
texas_a_m,texas_a_m__245,resource management,1
texas_a_m,texas_a_m__246,geographic information systems,1
texas_a_m,texas_a_m__247,water quality,1
texas_a_m,texas_a_m__248,resource management,1
texas_a_m,texas_a_m__249,resource management,1
texas_a_m,texas_a_m__250,resource management,1
texas_a_m,texas_a_m__251,resource management,1
texas_a_m,texas_a_m__252,quality assurance,1
texas_a_m,texas_a_m__253,process control,2
texas_a_m,texas_a_m__253,quality assurance,2
texas_a_m,texas_a_m__254,pipeline,1
texas_a_m,texas_a_m__255,resource management,2
texas_a_m,texas_a_m__256,project management,1
texas_a_m,texas_a_m__257,gas handling,1
texas_a_m,texas_a_m__257,cryogenic,1
texas_a_m,texas_a_m__258,resource management,1
texas_a_m,texas_a_m__259,water quality,1
texas_a_m,texas_a_m__260,resource management,2
texas_a_m,texas_a_m__261,project management,1
texas_a_m,texas_a_m__262,automation,1
texas_a_m,texas_a_m__263,welding,3
texas_a_m,texas_a_m__264,heat transfer,1
texas_a_m,texas_a_m__265,power generation,1
texas_a_m,texas_a_m__266,automation,1
texas_a_m,texas_a_m__267,pipeline,1
texas_a_m,texas_a_m__267,materials science,1
texas_a_m,texas_a_m__267,corrosion,1
texas_a_m,texas_a_m__268,combustion,1
texas_a_m,texas_a_m__269,heat transfer,4
texas_a_m,texas_a_m__270,compressors,1
texas_a_m,texas_a_m__271,project management,1
texas_a_m,texas_a_m__272,combustion,1
texas_a_m,texas_a_m__272,automation,2
texas_a_m,texas_a_m__273,power generation,1
texas_a_m,texas_a_m__273,gas turbine,3
texas_a_m,texas_a_m__274,project management,1
texas_a_m,texas_a_m__275,power generation,1
texas_a_m,texas_a_m__276,risk assessment,1
texas_a_m,texas_a_m__277,materials science,1
texas_a_m,texas_a_m__278,control systems,1
texas_a_m,texas_a_m__279,power generation,1
texas_a_m,texas_a_m__280,resource management,2
texas_a_m,texas_a_m__281,geographic information systems,1
texas_a_m,texas_a_m__282,energy transition,1
texas_a_m,texas_a_m__283,risk mitigation,1
texas_a_m,texas_a_m__284,risk assessment,1
texas_a_m,texas_a_m__285,resource management,1
texas_a_m,texas_a_m__286,power generation,1
texas_a_m,texas_a_m__287,energy policy,1
texas_a_m,texas_a_m__288,pipeline,1
texas_a_m,texas_a_m__289,explosion,1
texas_a_m,texas_a_m__290,pipeline,1
texas_a_m,texas_a_m__291,heat transfer,1
texas_a_m,texas_a_m__292,materials science,2
texas_a_m,texas_a_m__293,power generation,1
texas_a_m,texas_a_m__294,control systems,1
texas_a_m,texas_a_m__294,process control,1
texas_a_m,texas_a_m__295,materials science,1
texas_a_m,texas_a_m__295,materials engineering,1
texas_a_m,texas_a_m__296,corrosion,1
texas_a_m,texas_a_m__297,materials engineering,1
texas_a_m,texas_a_m__298,pressure vessel,1
texas_a_m,texas_a_m__299,project management,1
texas_a_m,texas_a_m__300,pipeline,1
texas_a_m,texas_a_m__301,pressure vessel,1
texas_a_m,texas_a_m__301,heat transfer,1
texas_a_m,texas_a_m__302,pipeline,1
texas_a_m,texas_a_m__303,pipeline,2
texas_a_m,texas_a_m__304,sustainability,1
texas_a_m,texas_a_m__305,sustainability,1
texas_a_m,texas_a_m__306,project management,1
texas_a_m,texas_a_m__307,project management,1
texas_a_m,texas_a_m__308,project development,1
texas_a_m,texas_a_m__308,project management,2
texas_a_m,texas_a_m__308,risk assessment,1
texas_a_m,texas_a_m__309,project management,3
texas_a_m,texas_a_m__310,renewable energy,1
texas_a_m,texas_a_m__311,pipeline,2
texas_a_m,texas_a_m__312,hydrogen,5
texas_a_m,texas_a_m__312,clean energy,1
texas_a_m,texas_a_m__312,decarbonization,1
texas_a_m,texas_a_m__313,materials science,2
texas_a_m,texas_a_m__314,materials science,1
texas_a_m,texas_a_m__314,materials engineering,1
texas_a_m,texas_a_m__315,materials science,1
texas_a_m,texas_a_m__316,materials science,2
texas_a_m,texas_a_m__317,materials science,1
texas_a_m,texas_a_m__318,materials science,1
texas_a_m,texas_a_m__319,materials science,1
texas_a_m,texas_a_m__320,materials science,1
texas_a_m,texas_a_m__321,materials science,2
texas_a_m,texas_a_m__322,project management,1
texas_a_m,texas_a_m__322,systems engineering,1
texas_a_m,texas_a_m__322,material selection,1
texas_a_m,texas_a_m__323,materials science,1
texas_a_m,texas_a_m__324,materials science,1
texas_a_m,texas_a_m__325,electrochemical,1
texas_a_m,texas_a_m__325,electrochemistry,2
texas_a_m,texas_a_m__325,corrosion,2
texas_a_m,texas_a_m__326,electrochemistry,2
texas_a_m,texas_a_m__326,corrosion,3
texas_a_m,texas_a_m__327,corrosion,2
texas_a_m,texas_a_m__328,materials science,1
texas_a_m,texas_a_m__329,materials science,1
texas_a_m,texas_a_m__330,materials science,1
texas_a_m,texas_a_m__331,materials science,1
texas_a_m,texas_a_m__332,materials science,1
texas_a_m,texas_a_m__333,materials science,1
texas_a_m,texas_a_m__334,control systems,1
texas_a_m,texas_a_m__335,control systems,1
texas_a_m,texas_a_m__336,project management,1
texas_a_m,texas_a_m__336,material selection,1
texas_a_m,texas_a_m__337,project management,1
texas_a_m,texas_a_m__338,heat transfer,1
texas_a_m,texas_a_m__339,gas turbine,1
texas_a_m,texas_a_m__339,combustion,3
texas_a_m,texas_a_m__340,heat transfer,1
texas_a_m,texas_a_m__341,compressors,1
texas_a_m,texas_a_m__342,heat transfer,1
texas_a_m,texas_a_m__343,heat transfer,1
texas_a_m,texas_a_m__344,corrosion,3
texas_a_m,texas_a_m__345,heat transfer,3
texas_a_m,texas_a_m__346,heat transfer,2
texas_a_m,texas_a_m__347,fuel cell,1
texas_a_m,texas_a_m__348,explosion,1
texas_a_m,texas_a_m__349,material selection,1
texas_a_m,texas_a_m__350,quality assurance,1
texas_a_m,texas_a_m__351,quality assurance,1
texas_a_m,texas_a_m__352,project management,1
texas_a_m,texas_a_m__353,automation,1
texas_a_m,texas_a_m__354,systems engineering,1
texas_a_m,texas_a_m__355,systems engineering,1
texas_a_m,texas_a_m__356,engineering management,1
texas_a_m,texas_a_m__357,systems engineering,1
texas_a_m,texas_a_m__358,systems engineering,1
texas_a_m,texas_a_m__359,power generation,1
texas_a_m,texas_a_m__359,systems engineering,1
texas_a_m,texas_a_m__360,systems engineering,1
texas_a_m,texas_a_m__361,systems engineering,1
texas_a_m,texas_a_m__362,systems engineering,1
texas_a_m,texas_a_m__363,systems engineering,1
texas_a_m,texas_a_m__364,project management,1
texas_a_m,texas_a_m__364,systems engineering,1
texas_a_m,texas_a_m__365,systems engineering,1
texas_a_m,texas_a_m__366,systems engineering,1
texas_a_m,texas_a_m__367,systems engineering,1
texas_a_m,texas_a_m__368,systems engineering,1
texas_a_m,texas_a_m__369,systems engineering,1
texas_a_m,texas_a_m__370,systems engineering,1
texas_a_m,texas_a_m__371,automation,1
texas_a_m,texas_a_m__372,systems engineering,1
texas_a_m,texas_a_m__373,project management,1
texas_a_m,texas_a_m__374,systems engineering,1
texas_a_m,texas_a_m__375,control systems,1
texas_a_m,texas_a_m__376,systems engineering,1
texas_a_m,texas_a_m__377,systems engineering,1
texas_a_m,texas_a_m__378,systems engineering,1
texas_a_m,texas_a_m__379,systems engineering,1
texas_a_m,texas_a_m__380,systems engineering,1
texas_a_m,texas_a_m__380,control systems,3
texas_a_m,texas_a_m__381,systems engineering,1
texas_a_m,texas_a_m__382,systems engineering,1
texas_a_m,texas_a_m__383,control systems,1
texas_a_m,texas_a_m__384,predictive analytics,1
texas_a_m,texas_a_m__385,pipeline,1
texas_a_m,texas_a_m__385,automation,1
texas_a_m,texas_a_m__386,project management,1
texas_a_m,texas_a_m__387,welding,1
texas_a_m,texas_a_m__388,corrosion,1
texas_a_m,texas_a_m__389,welding,2
texas_a_m,texas_a_m__390,process control,1
texas_a_m,texas_a_m__390,quality assurance,1
texas_a_m,texas_a_m__391,compressors,1
texas_a_m,texas_a_m__392,automation,1
texas_a_m,texas_a_m__393,project management,1
texas_a_m,texas_a_m__394,automation,1
texas_a_m,texas_a_m__395,control systems,2
texas_a_m,texas_a_m__396,control systems,1
texas_a_m,texas_a_m__397,pipeline,1
texas_a_m,texas_a_m__398,process control,1
texas_a_m,texas_a_m__399,resource management,1
texas_a_m,texas_a_m__400,project management,1
texas_a_m,texas_a_m__400,quality assurance,1
texas_a_m,texas_a_m__401,pipeline,1
texas_a_m,texas_a_m__402,pipeline,1
texas_a_m,texas_a_m__403,risk assessment,1
texas_a_m,texas_a_m__404,water quality,2
texas_a_m,texas_a_m__405,pressure vessel,1
texas_a_m,texas_a_m__406,materials engineering,1
texas_a_m,texas_a_m__407,sustainability,1
texas_a_m,texas_a_m__408,chemical engineering,1
texas_a_m,texas_a_m__409,chemical engineering,2
texas_a_m,texas_a_m__410,chemical engineering,1
texas_a_m,texas_a_m__411,chemical engineering,2
texas_a_m,texas_a_m__412,chemical engineering,2
texas_a_m,texas_a_m__413,chemical engineering,1
texas_a_m,texas_a_m__414,chemical engineering,1
texas_a_m,texas_a_m__415,chemical engineering,1
texas_a_m,texas_a_m__416,chemical engineering,1
texas_a_m,texas_a_m__416,materials science,1
texas_a_m,texas_a_m__417,chemical engineering,1
texas_a_m,texas_a_m__417,heat transfer,2
texas_a_m,texas_a_m__418,chemical engineering,1
texas_a_m,texas_a_m__419,chemical engineering,1
texas_a_m,texas_a_m__420,sustainability,1
texas_a_m,texas_a_m__420,chemical engineering,1
texas_a_m,texas_a_m__421,process engineering,1
texas_a_m,texas_a_m__421,process control,1
texas_a_m,texas_a_m__422,chemical engineering,2
texas_a_m,texas_a_m__423,risk assessment,1
texas_a_m,texas_a_m__424,chemical engineering,1
texas_a_m,texas_a_m__425,chemical engineering,1
texas_a_m,texas_a_m__426,electrochemical,1
texas_a_m,texas_a_m__427,project management,1
texas_a_m,texas_a_m__428,construction management,2
texas_a_m,texas_a_m__429,environmental protection,1
texas_a_m,texas_a_m__429,risk assessment,1
texas_a_m,texas_a_m__430,water quality,2
texas_a_m,texas_a_m__431,quality assurance,1
texas_a_m,texas_a_m__432,pipeline,1
texas_a_m,texas_a_m__433,sustainability,1
texas_a_m,texas_a_m__433,water quality,1
texas_a_m,texas_a_m__434,water quality,2
texas_a_m,texas_a_m__435,environmental protection,1
texas_a_m,texas_a_m__435,risk assessment,1
texas_a_m,texas_a_m__436,water quality,2
texas_a_m,texas_a_m__437,electrochemical,1
texas_a_m,texas_a_m__438,chemical engineering,1
texas_a_m,texas_a_m__439,process safety,2
texas_a_m,texas_a_m__439,explosion,1
texas_a_m,texas_a_m__440,water quality,1
texas_a_m,texas_a_m__441,gas processing,1
texas_a_m,texas_a_m__441,process simulation,1
texas_a_m,texas_a_m__442,control systems,1
texas_a_m,texas_a_m__443,sustainability,1
texas_a_m,texas_a_m__443,renewable energy,1
texas_a_m,texas_a_m__443,chemical engineering,1
texas_a_m,texas_a_m__444,chemical engineering,2
texas_a_m,texas_a_m__445,chemical engineering,1
texas_a_m,texas_a_m__446,electrochemical,3
texas_a_m,texas_a_m__446,electrochemistry,1
texas_a_m,texas_a_m__447,process engineering,2
texas_a_m,texas_a_m__448,catalysis,2
texas_a_m,texas_a_m__448,catalyst,3
texas_a_m,texas_a_m__449,carbon capture and storage,1
texas_a_m,texas_a_m__449,carbon capture,1
texas_a_m,texas_a_m__450,chemical engineering,1
texas_a_m,texas_a_m__451,catalyst,1
texas_a_m,texas_a_m__451,process engineering,1
texas_a_m,texas_a_m__452,chemical engineering,1
texas_a_m,texas_a_m__453,chemical engineering,1
texas_a_m,texas_a_m__454,chemical engineering,2
texas_a_m,texas_a_m__455,chemical engineering,1
texas_a_m,texas_a_m__456,control systems,3
texas_a_m,texas_a_m__457,pipeline,1
texas_a_m,texas_a_m__458,sustainability,1
texas_a_m,texas_a_m__458,water quality,1
texas_a_m,texas_a_m__459,sustainability,3
texas_a_m,texas_a_m__459,life cycle analysis,1
texas_a_m,texas_a_m__460,combustion,1
texas_a_m,texas_a_m__460,heat transfer,1
texas_a_m,texas_a_m__461,systems engineering,1
texas_a_m,texas_a_m__462,materials science,1
texas_a_m,texas_a_m__463,compressors,1
texas_a_m,texas_a_m__464,combustion,2
texas_a_m,texas_a_m__464,heat transfer,1
texas_a_m,texas_a_m__465,control systems,1
texas_a_m,texas_a_m__466,heat transfer,2
texas_a_m,texas_a_m__467,project management,3
texas_a_m,texas_a_m__468,predictive analytics,3
texas_a_m,texas_a_m__469,project management,1
texas_a_m,texas_a_m__470,project management,1
texas_a_m,texas_a_m__471,predictive analytics,3
texas_a_m,texas_a_m__472,control systems,1
texas_a_m,texas_a_m__473,energy market,1
texas_a_m,texas_a_m__474,resource management,1
texas_a_m,texas_a_m__475,resource management,2
texas_a_m,texas_a_m__476,resource management,1
texas_a_m,texas_a_m__477,project management,2
texas_a_m,texas_a_m__478,resource management,1
texas_a_m,texas_a_m__479,risk assessment,1
texas_a_m,texas_a_m__480,heat transfer,1
texas_a_m,texas_a_m__481,hydrogen,1
texas_a_m,texas_a_m__482,materials science,1
texas_a_m,texas_a_m__483,esg,2
texas_a_m,texas_a_m__484,quality assurance,1
texas_a_m,texas_a_m__485,sustainability,1
texas_a_m,texas_a_m__486,sustainability,1
texas_a_m,texas_a_m__487,renewable energy,1
texas_a_m,texas_a_m__487,decarbonization,1
texas_a_m,texas_a_m__488,geographic information systems,2
texas_a_m,texas_a_m__489,geographic information systems,1
texas_a_m,texas_a_m__490,decarbonization,4
texas_a_m,texas_a_m__491,geographic information systems,1
texas_a_m,texas_a_m__492,geographic information systems,2
texas_a_m,texas_a_m__493,geographic information systems,1
texas_a_m,texas_a_m__494,water quality,1
texas_a_m,texas_a_m__495,environmental protection,1
texas_a_m,texas_a_m__496,project management,1
texas_a_m,texas_a_m__497,project management,1
texas_a_m,texas_a_m__498,energy policy,1
texas_a_m,texas_a_m__498,energy regulation,1
texas_a_m,texas_a_m__498,energy market,3
texas_a_m,texas_a_m__499,resource management,1
texas_a_m,texas_a_m__500,resource management,1
texas_a_m,texas_a_m__501,sustainability,1
texas_a_m,texas_a_m__502,cooling systems,1
texas_a_m,texas_a_m__503,sustainability,1
texas_a_m,texas_a_m__504,sustainability,1
texas_a_m,texas_a_m__505,sustainability,1
texas_a_m,texas_a_m__506,project management,1
texas_a_m,texas_a_m__507,sustainability,1
texas_a_m,texas_a_m__508,sustainability,1
texas_a_m,texas_a_m__509,sustainability,2
texas_a_m,texas_a_m__510,sustainability,1
texas_a_m,texas_a_m__511,water quality,1
texas_a_m,texas_a_m__512,sustainability,1
texas_a_m,texas_a_m__512,water quality,1
texas_a_m,texas_a_m__513,water quality,1
texas_a_m,texas_a_m__514,resource management,1
texas_a_m,texas_a_m__515,sustainability,1
texas_a_m,texas_a_m__515,water quality,1
texas_a_m,texas_a_m__516,water quality,1
texas_a_m,texas_a_m__517,hazard identification,1
texas_a_m,texas_a_m__518,project management,1
texas_a_m,texas_a_m__519,project management,3
texas_a_m,texas_a_m__520,project management,2
texas_a_m,texas_a_m__521,construction management,1
texas_a_m,texas_a_m__522,project management,1
texas_a_m,texas_a_m__523,project management,1
texas_a_m,texas_a_m__524,project management,1
texas_a_m,texas_a_m__525,project management,1
texas_a_m,texas_a_m__526,construction management,1
texas_a_m,texas_a_m__527,hazard identification,1
texas_a_m,texas_a_m__528,sustainability,1
texas_a_m,texas_a_m__529,sustainability,1
texas_a_m,texas_a_m__529,resource management,1
texas_a_m,texas_a_m__530,geographic information systems,2
texas_a_m,texas_a_m__530,resource management,1
texas_a_m,texas_a_m__531,water quality,1
texas_a_m,texas_a_m__532,sustainability,1
texas_a_m,texas_a_m__533,water quality,1
texas_a_m,texas_a_m__534,environmental impact assessment,2
texas_a_m,texas_a_m__535,biofuels,1
texas_a_m,texas_a_m__535,renewable energy,1
texas_a_m,texas_a_m__536,environmental regulation,2
texas_a_m,texas_a_m__536,water quality,1
texas_a_m,texas_a_m__537,project management,1
texas_a_m,texas_a_m__538,sustainability,1
texas_a_m,texas_a_m__539,sustainability,2
texas_a_m,texas_a_m__540,sustainability,1
texas_a_m,texas_a_m__541,automation,1
texas_a_m,texas_a_m__542,sustainability,1
texas_a_m,texas_a_m__543,sustainability,2
texas_a_m,texas_a_m__544,geographic information systems,2
texas_a_m,texas_a_m__544,resource management,1
texas_a_m,texas_a_m__545,geographic information systems,1
texas_a_m,texas_a_m__546,resource management,1
texas_a_m,texas_a_m__547,process engineering,1
texas_a_m,texas_a_m__547,heat transfer,1
texas_a_m,texas_a_m__548,combustion,1
texas_a_m,texas_a_m__549,process engineering,1
texas_a_m,texas_a_m__549,heat transfer,1
texas_a_m,texas_a_m__550,process engineering,1
texas_a_m,texas_a_m__551,geographic information systems,2
texas_a_m,texas_a_m__551,resource management,1
texas_a_m,texas_a_m__552,process control,2
texas_a_m,texas_a_m__552,quality assurance,2
texas_a_m,texas_a_m__553,project management,3
texas_a_m,texas_a_m__554,environmental regulation,1
texas_a_m,texas_a_m__555,engineering drawing,1
texas_a_m,texas_a_m__556,automation,1
texas_a_m,texas_a_m__557,pipeline,1
texas_a_m,texas_a_m__558,renewable energy,3
texas_a_m,texas_a_m__559,process engineering,1
texas_a_m,texas_a_m__559,process control,1
texas_a_m,texas_a_m__560,chemical engineering,1
texas_a_m,texas_a_m__561,pipeline,1
texas_a_m,texas_a_m__562,water quality,1
texas_a_m,texas_a_m__563,water quality,1
texas_a_m,texas_a_m__564,process control,2
texas_a_m,texas_a_m__564,quality assurance,2
texas_a_m,texas_a_m__565,welding,1
tuskegee_university,tuskegee_university__0,project management,1
tuskegee_university,tuskegee_university__1,catalysis,1
tuskegee_university,tuskegee_university__2,life cycle assessment,1
tuskegee_university,tuskegee_university__3,control systems,2
tuskegee_university,tuskegee_university__4,control systems,2
tuskegee_university,tuskegee_university__5,construction management,1
tuskegee_university,tuskegee_university__6,resource management,1
tuskegee_university,tuskegee_university__7,electrochemical,1
tuskegee_university,tuskegee_university__8,electrochemical,1
tuskegee_university,tuskegee_university__9,cryogenic,1
tuskegee_university,tuskegee_university__9,chemical engineering,2
tuskegee_university,tuskegee_university__9,process engineering,1
tuskegee_university,tuskegee_university__9,electrochemical,1
tuskegee_university,tuskegee_university__10,chemical engineering,1
tuskegee_university,tuskegee_university__11,catalyst,2
tuskegee_university,tuskegee_university__11,heat transfer,1
tuskegee_university,tuskegee_university__12,chemical engineering,1
tuskegee_university,tuskegee_university__13,chemical engineering,1
tuskegee_university,tuskegee_university__14,heat transfer,3
tuskegee_university,tuskegee_university__15,control systems,1
tuskegee_university,tuskegee_university__16,chemical engineering,2
tuskegee_university,tuskegee_university__17,chemical engineering,1
tuskegee_university,tuskegee_university__18,process control,2
tuskegee_university,tuskegee_university__19,process control,1
tuskegee_university,tuskegee_university__20,chemical engineering,1
tuskegee_university,tuskegee_university__21,chemical engineering,1
tuskegee_university,tuskegee_university__22,chemical engineering,1
tuskegee_university,tuskegee_university__23,heat transfer,2
tuskegee_university,tuskegee_university__24,heat transfer,1
tuskegee_university,tuskegee_university__25,liquefaction,1
tuskegee_university,tuskegee_university__25,chemical engineering,2
tuskegee_university,tuskegee_university__26,chemical engineering,2
tuskegee_university,tuskegee_university__27,resource management,1
tuskegee_university,tuskegee_university__28,pipeline,1
tuskegee_university,tuskegee_university__29,project development,1
tuskegee_university,tuskegee_university__29,project management,1
tuskegee_university,tuskegee_university__30,project management,1
tuskegee_university,tuskegee_university__31,project management,1
tuskegee_university,tuskegee_university__31,quality assurance,1
tuskegee_university,tuskegee_university__32,automation,1
tuskegee_university,tuskegee_university__33,project management,1
tuskegee_university,tuskegee_university__34,construction management,1
tuskegee_university,tuskegee_university__35,construction management,1
tuskegee_university,tuskegee_university__36,construction management,1
tuskegee_university,tuskegee_university__37,construction management,1
tuskegee_university,tuskegee_university__38,construction management,1
tuskegee_university,tuskegee_university__38,project management,1
tuskegee_university,tuskegee_university__39,construction management,1
tuskegee_university,tuskegee_university__39,project management,2
tuskegee_university,tuskegee_university__40,control systems,2
tuskegee_university,tuskegee_university__41,control systems,2
tuskegee_university,tuskegee_university__42,construction management,1
tuskegee_university,tuskegee_university__43,pipeline,1
tuskegee_university,tuskegee_university__44,automation,1
tuskegee_university,tuskegee_university__45,project management,1
tuskegee_university,tuskegee_university__46,systems engineering,1
tuskegee_university,tuskegee_university__47,project management,1
tuskegee_university,tuskegee_university__48,system optimization,1
tuskegee_university,tuskegee_university__49,control systems,1
tuskegee_university,tuskegee_university__50,environmental regulation,1
tuskegee_university,tuskegee_university__51,ion exchange,1
tuskegee_university,tuskegee_university__52,fuel cell,1
tuskegee_university,tuskegee_university__52,renewable energy,3
tuskegee_university,tuskegee_university__53,control systems,1
tuskegee_university,tuskegee_university__54,control systems,2
tuskegee_university,tuskegee_university__55,control systems,3
tuskegee_university,tuskegee_university__56,risk assessment,1
tuskegee_university,tuskegee_university__57,risk assessment,1
tuskegee_university,tuskegee_university__58,geographic information systems,1
tuskegee_university,tuskegee_university__59,geographic information systems,1
tuskegee_university,tuskegee_university__60,resource management,1
tuskegee_university,tuskegee_university__61,environmental regulation,1
tuskegee_university,tuskegee_university__62,process engineering,1
tuskegee_university,tuskegee_university__63,resource management,1
tuskegee_university,tuskegee_university__64,risk assessment,1
tuskegee_university,tuskegee_university__65,risk assessment,1
tuskegee_university,tuskegee_university__66,risk assessment,1
tuskegee_university,tuskegee_university__67,quality assurance,1
tuskegee_university,tuskegee_university__68,heat transfer,3
tuskegee_university,tuskegee_university__69,cryogenic,2
tuskegee_university,tuskegee_university__69,heat transfer,1
tuskegee_university,tuskegee_university__70,heat transfer,3
tuskegee_university,tuskegee_university__71,corrosion,1
tuskegee_university,tuskegee_university__72,project management,1
tuskegee_university,tuskegee_university__72,engineering management,1
tuskegee_university,tuskegee_university__73,heat transfer,2
tuskegee_university,tuskegee_university__74,control systems,1
tuskegee_university,tuskegee_university__74,automation,2
tuskegee_university,tuskegee_university__75,chemical synthesis,1
tuskegee_university,tuskegee_university__76,renewable energy,2
tuskegee_university,tuskegee_university__76,clean energy,1
tuskegee_university,tuskegee_university__77,materials science,1
tuskegee_university,tuskegee_university__78,materials science,2
tuskegee_university,tuskegee_university__79,pressure vessel,1
tuskegee_university,tuskegee_university__80,compressors,1
tuskegee_university,tuskegee_university__81,control systems,1
tuskegee_university,tuskegee_university__82,renewable energy,2
tuskegee_university,tuskegee_university__83,risk assessment,1
tuskegee_university,tuskegee_university__84,heat transfer,1
tuskegee_university,tuskegee_university__85,heat transfer,4
tuskegee_university,tuskegee_university__86,materials engineering,1
tuskegee_university,tuskegee_university__87,compressors,1
tuskegee_university,tuskegee_university__87,combustion,2
tuskegee_university,tuskegee_university__88,engineering drawing,1
tuskegee_university,tuskegee_university__89,sustainability,1
tuskegee_university,tuskegee_university__90,materials science,1
tuskegee_university,tuskegee_university__91,process simulation,1
tuskegee_university,tuskegee_university__92,chemical synthesis,1
tuskegee_university,tuskegee_university__93,materials science,1
tuskegee_university,tuskegee_university__94,materials science,1
tuskegee_university,tuskegee_university__95,materials science,2
tuskegee_university,tuskegee_university__96,materials science,1
tuskegee_university,tuskegee_university__97,materials science,2
tuskegee_university,tuskegee_university__98,materials science,1
tuskegee_university,tuskegee_university__99,materials engineering,1
tuskegee_university,tuskegee_university__100,materials science,1
tuskegee_university,tuskegee_university__101,materials science,1
tuskegee_university,tuskegee_university__102,materials engineering,1
tuskegee_university,tuskegee_university__103,ansys,1
tuskegee_university,tuskegee_university__104,sustainability,1
tuskegee_university,tuskegee_university__105,risk assessment,1
tuskegee_university,tuskegee_university__106,ion exchange,1
tuskegee_university,tuskegee_university__107,resource management,1
tuskegee_university,tuskegee_university__108,project management,1
tuskegee_university,tuskegee_university__108,systems engineering,4
tuskegee_university,tuskegee_university__109,control systems,1
tuskegee_university,tuskegee_university__110,gas turbine,1
tuskegee_university,tuskegee_university__110,combustion,1
tuskegee_university,tuskegee_university__111,project management,1
tuskegee_university,tuskegee_university__111,systems engineering,5
tuskegee_university,tuskegee_university__112,pressure vessel,1
university_of_florida,university_of_florida__0,electrochemistry,1
university_of_florida,university_of_florida__1,electrochemistry,1
university_of_florida,university_of_florida__2,electrochemical,1
university_of_florida,university_of_florida__3,electrochemical,1
university_of_florida,university_of_florida__4,project development,1
university_of_florida,university_of_florida__5,electrochemistry,1
university_of_florida,university_of_florida__6,electrochemical,1
university_of_florida,university_of_florida__7,catalysis,3
university_of_florida,university_of_florida__8,electrochemistry,1
university_of_florida,university_of_florida__9,catalysis,1
university_of_florida,university_of_florida__10,chemical engineering,2
university_of_florida,university_of_florida__11,chemical engineering,1
university_of_florida,university_of_florida__12,sustainability,3
university_of_florida,university_of_florida__13,heat transfer,3
university_of_florida,university_of_florida__14,chemical engineering,1
university_of_florida,university_of_florida__14,process control,1
university_of_florida,university_of_florida__15,process control,1
university_of_florida,university_of_florida__16,catalysis,1
university_of_florida,university_of_florida__17,catalyst,1
university_of_florida,university_of_florida__18,sustainability,1
university_of_florida,university_of_florida__19,sustainability,2
university_of_florida,university_of_florida__20,chemical engineering,1
university_of_florida,university_of_florida__20,process safety,2
university_of_florida,university_of_florida__21,chemical engineering,1
university_of_florida,university_of_florida__21,corrosion,1
university_of_florida,university_of_florida__22,chemical engineering,1
university_of_florida,university_of_florida__23,chemical engineering,2
university_of_florida,university_of_florida__24,chemical engineering,1
university_of_florida,university_of_florida__25,chemical engineering,1
university_of_florida,university_of_florida__26,chemical engineering,1
university_of_florida,university_of_florida__27,resource management,1
university_of_florida,university_of_florida__28,resource management,1
university_of_florida,university_of_florida__29,sustainability,2
university_of_florida,university_of_florida__30,geographic information systems,1
university_of_florida,university_of_florida__31,geographic information systems,1
university_of_florida,university_of_florida__31,automation,1
university_of_florida,university_of_florida__32,sustainability,3
university_of_florida,university_of_florida__33,sustainability,1
university_of_florida,university_of_florida__34,water quality,1
university_of_florida,university_of_florida__35,water quality,2
university_of_florida,university_of_florida__36,water quality,1
university_of_florida,university_of_florida__37,sustainability,1
university_of_florida,university_of_florida__38,ion exchange,1
university_of_florida,university_of_florida__39,quality assurance,1
university_of_florida,university_of_florida__40,geographic information systems,1
university_of_florida,university_of_florida__41,catalyst,1
university_of_florida,university_of_florida__42,sustainability,3
university_of_florida,university_of_florida__43,project development,1
university_of_florida,university_of_florida__44,project development,1
university_of_florida,university_of_florida__45,automation,1
university_of_florida,university_of_florida__46,control systems,3
university_of_florida,university_of_florida__47,control systems,1
university_of_florida,university_of_florida__48,pipeline,1
university_of_florida,university_of_florida__48,control systems,1
university_of_florida,university_of_florida__49,project management,2
university_of_florida,university_of_florida__50,project development,1
university_of_florida,university_of_florida__51,sustainability,3
university_of_florida,university_of_florida__52,sustainability,1
university_of_florida,university_of_florida__53,resource management,1
university_of_florida,university_of_florida__54,sustainability,3
university_of_florida,university_of_florida__55,project management,2
university_of_florida,university_of_florida__56,sustainability,3
university_of_florida,university_of_florida__57,resource management,1
university_of_florida,university_of_florida__58,sustainability,3
university_of_florida,university_of_florida__59,heat transfer,1
university_of_florida,university_of_florida__60,heat transfer,3
university_of_florida,university_of_florida__61,risk assessment,2
university_of_florida,university_of_florida__62,sustainability,3
university_of_florida,university_of_florida__63,industrial safety,1
university_of_florida,university_of_florida__63,control systems,1
university_of_florida,university_of_florida__64,industrial safety,1
university_of_florida,university_of_florida__64,control systems,1
university_of_florida,university_of_florida__65,energy and society,1
university_of_florida,university_of_florida__66,power generation,1
university_of_florida,university_of_florida__67,project management,1
university_of_florida,university_of_florida__68,heat transfer,1
university_of_florida,university_of_florida__69,cryogenic,2
university_of_florida,university_of_florida__69,liquefaction,1
university_of_florida,university_of_florida__70,control systems,1
university_of_florida,university_of_florida__71,ion exchange,1
university_of_florida,university_of_florida__72,corrosion,1
university_of_florida,university_of_florida__73,control systems,2
university_of_florida,university_of_florida__74,resource management,1
university_of_florida,university_of_florida__75,risk mitigation,1
university_of_florida,university_of_florida__76,materials science,2
university_of_florida,university_of_florida__77,materials science,2
university_of_florida,university_of_florida__78,materials science,1
university_of_florida,university_of_florida__79,resource management,2
university_of_florida,university_of_florida__80,systems engineering,1
university_of_florida,university_of_florida__81,heat transfer,1
university_of_florida,university_of_florida__82,hydrogen,1
university_of_florida,university_of_florida__82,fuel cell,1
university_of_florida,university_of_florida__82,electrochemical,1
university_of_florida,university_of_florida__83,heat transfer,3
university_of_florida,university_of_florida__84,heat transfer,1
university_of_florida,university_of_florida__85,control systems,1
university_of_florida,university_of_florida__86,esg,1
university_of_florida,university_of_florida__87,esg,1
university_of_florida,university_of_florida__88,control systems,1
university_of_florida,university_of_florida__89,power generation,1
university_of_florida,university_of_florida__89,electrochemical,1
university_of_florida,university_of_florida__89,heat transfer,1
university_of_florida,university_of_florida__90,project management,1
university_of_florida,university_of_florida__91,sustainability,1
university_of_florida,university_of_florida__92,systems engineering,2
university_of_florida,university_of_florida__93,catalyst,1
university_of_florida,university_of_florida__94,systems engineering,1
university_of_florida,university_of_florida__95,systems engineering,2
university_of_florida,university_of_florida__96,systems engineering,1
university_of_florida,university_of_florida__97,systems engineering,1
university_of_florida,university_of_florida__98,systems engineering,1
university_of_florida,university_of_florida__99,systems engineering,2
university_of_florida,university_of_florida__100,systems engineering,1
university_of_florida,university_of_florida__101,pipeline,1
university_of_florida,university_of_florida__102,project management,1
university_of_florida,university_of_florida__103,sustainability,3
university_of_florida,university_of_florida__104,sustainability,2
university_of_florida,university_of_florida__105,sustainability,2
university_of_florida,university_of_florida__106,geographic information systems,1
university_of_florida,university_of_florida__106,resource management,1
university_of_florida,university_of_florida__107,geographic information systems,1
university_of_florida,university_of_florida__108,sustainability,1
university_of_florida,university_of_florida__109,resource management,1
university_of_florida,university_of_florida__110,water quality,1
university_of_florida,university_of_florida__111,resource management,2
university_of_florida,university_of_florida__112,sustainability,2
university_of_florida,university_of_florida__113,sustainability,1
university_of_florida,university_of_florida__114,geographic information systems,1
university_of_florida,university_of_florida__114,resource management,1
university_of_florida,university_of_florida__115,water quality,1
university_of_florida,university_of_florida__116,resource management,1
university_of_florida,university_of_florida__117,sustainability,1
university_of_florida,university_of_florida__118,resource management,1
university_of_florida,university_of_florida__119,control systems,1
university_of_florida,university_of_florida__120,geographic information systems,2
university_of_florida,university_of_florida__121,resource management,1
university_of_florida,university_of_florida__122,resource management,1
university_of_florida,university_of_florida__123,sustainability,2
university_of_florida,university_of_florida__124,water quality,1
university_of_florida,university_of_florida__125,technical drawing,1
university_of_florida,university_of_florida__126,control systems,1
university_of_florida,university_of_florida__127,ion exchange,1
university_of_florida,university_of_florida__128,project management,1
university_of_florida,university_of_florida__129,project management,1
university_of_florida,university_of_florida__130,project management,1
university_of_florida,university_of_florida__131,heat transfer,1
university_of_florida,university_of_florida__132,sustainability,2
university_of_florida,university_of_florida__133,pipeline,1
university_of_florida,university_of_florida__134,project management,1
university_of_florida,university_of_florida__135,ccus,1
university_of_florida,university_of_florida__136,sustainability,1
university_of_florida,university_of_florida__137,pipeline,1
university_of_florida,university_of_florida__138,pipeline,1
university_of_florida,university_of_florida__139,project management,1
university_of_florida,university_of_florida__140,construction management,1
university_of_florida,university_of_florida__141,construction management,1
university_of_florida,university_of_florida__142,sustainability,2
university_of_florida,university_of_florida__143,pipeline,1
university_of_florida,university_of_florida__144,construction management,1
university_of_florida,university_of_florida__145,sustainability,1
university_of_florida,university_of_florida__146,sustainability,1
university_of_florida,university_of_florida__146,life cycle assessment,1
university_of_florida,university_of_florida__147,project management,1
university_of_florida,university_of_florida__148,construction management,1
university_of_florida,university_of_florida__149,project management,1
university_of_florida,university_of_florida__150,sustainability,1
university_of_florida,university_of_florida__151,construction management,1
university_of_florida,university_of_florida__151,project management,1
university_of_florida,university_of_florida__152,project management,1
university_of_florida,university_of_florida__152,quality assurance,1
university_of_florida,university_of_florida__153,construction management,2
university_of_florida,university_of_florida__154,water quality,2
university_of_florida,university_of_florida__155,geographic information systems,1
university_of_florida,university_of_florida__156,pipeline,1
university_of_florida,university_of_florida__157,project management,1
university_of_florida,university_of_florida__158,project management,1
university_of_florida,university_of_florida__159,pipeline,1
university_of_florida,university_of_florida__160,project management,1
university_of_florida,university_of_florida__161,sustainability,1
university_of_florida,university_of_florida__162,sustainability,1
university_of_florida,university_of_florida__163,sustainability,1
university_of_florida,university_of_florida__164,project development,1
university_of_florida,university_of_florida__165,biofuels,3
university_of_florida,university_of_florida__166,water quality,1
university_of_florida,university_of_florida__167,risk assessment,1
university_of_florida,university_of_florida__168,resource management,1
university_of_florida,university_of_florida__168,quality assurance,1
university_of_florida,university_of_florida__169,project management,1
university_of_florida,university_of_florida__170,project management,1
university_of_florida,university_of_florida__171,environmental regulation,1
university_of_florida,university_of_florida__172,resource management,1
university_of_florida,university_of_florida__173,sustainability,1
university_of_florida,university_of_florida__174,process engineering,1
university_of_florida,university_of_florida__175,resource management,2
university_of_florida,university_of_florida__176,control systems,1
university_of_florida,university_of_florida__177,control systems,2
university_of_florida,university_of_florida__178,resource management,1
university_of_florida,university_of_florida__179,risk assessment,1
university_of_florida,university_of_florida__180,project management,1
university_of_houston,university_of_houston__0,sustainability,3
university_of_houston,university_of_houston__1,construction management,1
university_of_houston,university_of_houston__2,construction management,1
university_of_houston,university_of_houston__2,project management,1
university_of_houston,university_of_houston__3,renewable energy,1
university_of_houston,university_of_houston__4,project management,2
university_of_houston,university_of_houston__5,quality assurance,1
university_of_houston,university_of_houston__6,construction management,1
university_of_houston,university_of_houston__7,power transformer,1
university_of_houston,university_of_houston__8,power transformer,1
university_of_houston,university_of_houston__9,control systems,1
university_of_houston,university_of_houston__10,esg,1
university_of_houston,university_of_houston__10,control systems,1
university_of_houston,university_of_houston__11,electrochemical,1
university_of_houston,university_of_houston__12,materials engineering,1
university_of_houston,university_of_houston__13,materials engineering,1
university_of_houston,university_of_houston__14,combustion,1
university_of_houston,university_of_houston__15,control systems,1
university_of_houston,university_of_houston__16,heat transfer,2
university_of_houston,university_of_houston__17,heat transfer,3
university_of_houston,university_of_houston__18,materials science,1
university_of_houston,university_of_houston__19,control systems,1
university_of_houston,university_of_houston__20,materials science,2
university_of_houston,university_of_houston__21,process control,1
university_of_houston,university_of_houston__22,resource management,1
university_of_houston,university_of_houston__23,process control,1
university_of_houston,university_of_houston__24,automation,1
university_of_houston,university_of_houston__25,project management,1
university_of_houston,university_of_houston__26,resource management,1
university_of_houston,university_of_houston__27,resource management,1
university_of_houston,university_of_houston__28,resource management,1
university_of_houston,university_of_houston__29,sustainability,1
university_of_houston,university_of_houston__30,fuel cell,1
university_of_houston,university_of_houston__30,renewable energy,3
university_of_houston,university_of_houston__31,control systems,1
university_of_houston,university_of_houston__32,materials engineering,1
university_of_houston,university_of_houston__33,control systems,1
university_of_houston,university_of_houston__34,materials engineering,1
university_of_houston,university_of_houston__35,control systems,2
university_of_houston,university_of_houston__36,control systems,2
university_of_houston,university_of_houston__37,sustainability,1
university_of_houston,university_of_houston__38,sustainability,1
university_of_houston,university_of_houston__39,energy supply,1
university_of_houston,university_of_houston__40,sustainability,2
university_of_houston,university_of_houston__40,energy security,1
university_of_houston,university_of_houston__41,renewable energy,1
university_of_houston,university_of_houston__42,sustainability,3
university_of_houston,university_of_houston__43,sustainability,3
university_of_houston,university_of_houston__44,sustainability,2
university_of_houston,university_of_houston__45,fuel cell,2
university_of_houston,university_of_houston__46,ion exchange,1
university_of_houston,university_of_houston__47,power quality,1
university_of_houston,university_of_houston__48,power generation,1
university_of_houston,university_of_houston__49,power quality,1
university_of_houston,university_of_houston__50,project management,1
university_of_houston,university_of_houston__51,project management,1
university_of_houston,university_of_houston__52,control systems,2
university_of_houston,university_of_houston__53,control systems,1
university_of_houston,university_of_houston__54,water quality,1
university_of_houston,university_of_houston__55,project management,1
university_of_houston,university_of_houston__56,project development,1
university_of_houston,university_of_houston__57,resource management,2
university_of_houston,university_of_houston__58,sustainability,1
university_of_houston,university_of_houston__59,risk assessment,1
university_of_houston,university_of_houston__60,construction management,2
university_of_houston,university_of_houston__61,construction management,1
university_of_houston,university_of_houston__62,construction management,1
university_of_houston,university_of_houston__63,sustainability,1
university_of_houston,university_of_houston__64,ccs,1
university_of_houston,university_of_houston__65,sustainability,2
university_of_houston,university_of_houston__65,energy security,1
university_of_houston,university_of_houston__66,material selection,1
university_of_houston,university_of_houston__67,project development,1
university_of_houston,university_of_houston__68,sustainability,1
university_of_houston,university_of_houston__69,quality assurance,1
university_of_houston,university_of_houston__70,sustainability,1
university_of_houston,university_of_houston__71,sustainability,1
university_of_houston,university_of_houston__72,water quality,2
university_of_houston,university_of_houston__73,energy market,1
university_of_houston,university_of_houston__74,environmental regulation,1
university_of_houston,university_of_houston__75,sustainability,1
university_of_houston,university_of_houston__76,sustainability,1
university_of_houston,university_of_houston__77,sustainability,1
university_of_houston,university_of_houston__78,sustainability,1
university_of_houston,university_of_houston__79,sustainability,1
university_of_houston,university_of_houston__80,pipeline,1
university_of_houston,university_of_houston__81,electrochemistry,1
university_of_houston,university_of_houston__82,catalysis,1
university_of_houston,university_of_houston__83,electrochemistry,1
university_of_houston,university_of_houston__84,fuel cell,1
university_of_houston,university_of_houston__85,fuel cell,2
university_of_houston,university_of_houston__85,clean energy,1
university_of_houston,university_of_houston__86,material selection,1
university_of_houston,university_of_houston__87,heat transfer,3
university_of_houston,university_of_houston__88,pipeline,4
university_of_houston,university_of_houston__88,material selection,1
university_of_houston,university_of_houston__88,corrosion,1
university_of_houston,university_of_houston__89,pressure vessel,1
university_of_houston,university_of_houston__90,control systems,1
university_of_houston,university_of_houston__91,power generation,1
university_of_houston,university_of_houston__91,renewable energy,1
university_of_houston,university_of_houston__92,ccs,1
university_of_houston,university_of_houston__93,quality assurance,1
university_of_houston,university_of_houston__94,sustainability,1
university_of_houston,university_of_houston__95,project management,2
university_of_houston,university_of_houston__96,systems engineering,3
university_of_houston,university_of_houston__97,systems engineering,4
university_of_houston,university_of_houston__98,project management,2
university_of_houston,university_of_houston__99,systems engineering,2
university_of_houston,university_of_houston__100,systems engineering,1
university_of_houston,university_of_houston__101,engineering management,1
university_of_houston,university_of_houston__101,systems engineering,3
university_of_houston,university_of_houston__102,sustainability,1
university_of_houston,university_of_houston__103,control systems,1
university_of_houston,university_of_houston__104,project management,1
university_of_houston,university_of_houston__105,energy supply,1
university_of_houston,university_of_houston__106,sustainable supply chain,1
university_of_houston,university_of_houston__107,control systems,1
university_of_houston,university_of_houston__108,geographic information systems,1
university_of_houston,university_of_houston__109,control systems,1
university_of_houston,university_of_houston__110,technical drawing,1
university_of_houston,university_of_houston__111,hydride,1
university_of_houston,university_of_houston__112,electrochemistry,1
university_of_houston,university_of_houston__113,electrochemistry,1
university_of_houston,university_of_houston__114,electrochemistry,1
university_of_houston,university_of_houston__115,project management,1
university_of_houston,university_of_houston__116,project management,2
university_of_houston,university_of_houston__117,automation,1
university_of_houston,university_of_houston__118,automation,1
university_of_houston,university_of_houston__119,control systems,1
university_of_houston,university_of_houston__120,project management,1
university_of_houston,university_of_houston__121,ccs,1
university_of_houston,university_of_houston__122,ccs,1
university_of_houston,university_of_houston__123,ccs,1
university_of_houston,university_of_houston__124,ccs,1
university_of_houston,university_of_houston__125,ccs,2
university_of_houston,university_of_houston__126,hydrogen,1
university_of_houston,university_of_houston__126,fuel cell,1
university_of_houston,university_of_houston__127,catalyst,1
university_of_houston,university_of_houston__128,chemical engineering,1
university_of_houston,university_of_houston__129,process engineering,1
university_of_houston,university_of_houston__129,hazard identification,1
university_of_houston,university_of_houston__129,explosion,1
university_of_houston,university_of_houston__130,sustainability,2
university_of_houston,university_of_houston__131,catalysis,2
university_of_houston,university_of_houston__131,catalyst,2
university_of_houston,university_of_houston__132,process control,1
university_of_houston,university_of_houston__133,chemical engineering,1
university_of_houston,university_of_houston__134,materials engineering,1
university_of_houston,university_of_houston__135,materials engineering,1
university_of_houston,university_of_houston__136,chemical engineering,1
university_of_houston,university_of_houston__137,chemical engineering,1
university_of_houston,university_of_houston__138,chemical engineering,1
university_of_houston,university_of_houston__138,process control,1
university_of_houston,university_of_houston__139,chemical engineering,1
university_of_houston,university_of_houston__140,chemical engineering,1
university_of_houston,university_of_houston__141,chemical engineering,1
university_of_houston,university_of_houston__141,process control,1
university_of_houston,university_of_houston__142,chemical engineering,1
university_of_houston,university_of_houston__143,chemical engineering,1
university_of_houston,university_of_houston__144,materials science,1
university_of_houston,university_of_houston__145,chemical engineering,2
university_of_houston,university_of_houston__146,pipeline,1
western_michigan_university,western_michigan_university__0,sustainability,1
western_michigan_university,western_michigan_university__1,chemical engineering,1
western_michigan_university,western_michigan_university__2,fuel cell,1
western_michigan_university,western_michigan_university__2,renewable energy,2
western_michigan_university,western_michigan_university__3,biofuels,2
western_michigan_university,western_michigan_university__3,chemical engineering,2
western_michigan_university,western_michigan_university__4,process control,1
western_michigan_university,western_michigan_university__5,chemical engineering,2
western_michigan_university,western_michigan_university__6,sustainability,1
western_michigan_university,western_michigan_university__7,sustainability,3
western_michigan_university,western_michigan_university__8,sustainability,1
western_michigan_university,western_michigan_university__9,material selection,1
western_michigan_university,western_michigan_university__10,project management,1
western_michigan_university,western_michigan_university__11,engineering management,1
western_michigan_university,western_michigan_university__12,sustainability,2
western_michigan_university,western_michigan_university__12,chemical engineering,1
western_michigan_university,western_michigan_university__13,sustainability,2
western_michigan_university,western_michigan_university__14,sustainability,2
western_michigan_university,western_michigan_university__15,sustainability,3
western_michigan_university,western_michigan_university__16,sustainability,1
western_michigan_university,western_michigan_university__17,sustainability,1
western_michigan_university,western_michigan_university__17,project management,1
western_michigan_university,western_michigan_university__18,resource management,1
western_michigan_university,western_michigan_university__19,ccus,1
western_michigan_university,western_michigan_university__20,sustainability,1
western_michigan_university,western_michigan_university__21,chemical engineering,1
western_michigan_university,western_michigan_university__21,heat transfer,1
western_michigan_university,western_michigan_university__22,combustion,1
western_michigan_university,western_michigan_university__23,chemical engineering,1
western_michigan_university,western_michigan_university__24,process safety,1
western_michigan_university,western_michigan_university__24,hazard identification,1
western_michigan_university,western_michigan_university__24,risk assessment,1
western_michigan_university,western_michigan_university__24,explosion,1
western_michigan_university,western_michigan_university__25,chemical engineering,1
western_michigan_university,western_michigan_university__25,process engineering,1
western_michigan_university,western_michigan_university__26,chemical engineering,1
western_michigan_university,western_michigan_university__27,chemical engineering,1
western_michigan_university,western_michigan_university__28,chemical engineering,1
western_michigan_university,western_michigan_university__29,chemical engineering,1
western_michigan_university,western_michigan_university__29,heat transfer,2
western_michigan_university,western_michigan_university__30,chemical engineering,1
western_michigan_university,western_michigan_university__31,sustainability,1
western_michigan_university,western_michigan_university__32,chemical engineering,3
western_michigan_university,western_michigan_university__32,process safety,1
western_michigan_university,western_michigan_university__33,chemical engineering,4
western_michigan_university,western_michigan_university__33,process simulation,1
western_michigan_university,western_michigan_university__34,sustainability,3
western_michigan_university,western_michigan_university__35,catalysis,1
western_michigan_university,western_michigan_university__36,sustainability,1
western_michigan_university,western_michigan_university__37,pipeline,1
western_michigan_university,western_michigan_university__38,sustainability,2
western_michigan_university,western_michigan_university__39,project management,1
western_michigan_university,western_michigan_university__40,power generation,1
western_michigan_university,western_michigan_university__41,power generation,1
western_michigan_university,western_michigan_university__42,control systems,1
western_michigan_university,western_michigan_university__43,control systems,1
western_michigan_university,western_michigan_university__44,welding,1
western_michigan_university,western_michigan_university__45,project management,1
western_michigan_university,western_michigan_university__46,quality assurance,1
western_michigan_university,western_michigan_university__47,resource management,1
western_michigan_university,western_michigan_university__48,resource management,1
western_michigan_university,western_michigan_university__49,port infrastructure,1
western_michigan_university,western_michigan_university__50,power generation,1
western_michigan_university,western_michigan_university__51,project management,2
western_michigan_university,western_michigan_university__52,control systems,2
western_michigan_university,western_michigan_university__53,project management,1
western_michigan_university,western_michigan_university__54,sustainability,1
western_michigan_university,western_michigan_university__54,project management,1
western_michigan_university,western_michigan_university__55,chemical synthesis,1
western_michigan_university,western_michigan_university__56,electrochemical,1
western_michigan_university,western_michigan_university__57,electrochemistry,1
western_michigan_university,western_michigan_university__58,environmental protection,1
western_michigan_university,western_michigan_university__59,electrochemical,1
western_michigan_university,western_michigan_university__60,electrochemistry,1
western_michigan_university,western_michigan_university__61,sustainability,1
western_michigan_university,western_michigan_university__62,sustainability,1
western_michigan_university,western_michigan_university__63,chemical engineering,2
western_michigan_university,western_michigan_university__64,risk assessment,1
western_michigan_university,western_michigan_university__65,project management,5
western_michigan_university,western_michigan_university__66,sustainability,1
western_michigan_university,western_michigan_university__66,automation,1
western_michigan_university,western_michigan_university__67,predictive analytics,1
western_michigan_university,western_michigan_university__68,welding,2
western_michigan_university,western_michigan_university__69,control systems,1
western_michigan_university,western_michigan_university__70,control systems,1
western_michigan_university,western_michigan_university__71,corrosion,1
western_michigan_university,western_michigan_university__72,corrosion,1
western_michigan_university,western_michigan_university__73,port infrastructure,1
western_michigan_university,western_michigan_university__74,resource management,1
western_michigan_university,western_michigan_university__75,power generation,1
western_michigan_university,western_michigan_university__75,gas turbine,1
western_michigan_university,western_michigan_university__76,project management,1
western_michigan_university,western_michigan_university__77,risk mitigation,1
western_michigan_university,western_michigan_university__78,project management,1
western_michigan_university,western_michigan_university__79,ion exchange,1
western_michigan_university,western_michigan_university__80,engineering management,2
western_michigan_university,western_michigan_university__81,project management,1
western_michigan_university,western_michigan_university__82,sustainability,1
western_michigan_university,western_michigan_university__83,sustainability,4
western_michigan_university,western_michigan_university__84,sustainability,2
western_michigan_university,western_michigan_university__85,sustainability,1
western_michigan_university,western_michigan_university__86,sustainability,1
western_michigan_university,western_michigan_university__87,sustainability,1
western_michigan_university,western_michigan_university__88,sustainability,1
western_michigan_university,western_michigan_university__89,sustainability,1
western_michigan_university,western_michigan_university__90,sustainability,1
western_michigan_university,western_michigan_university__91,sustainability,2
western_michigan_university,western_michigan_university__92,sustainability,1
western_michigan_university,western_michigan_university__93,resource management,1
western_michigan_university,western_michigan_university__94,sustainability,1
western_michigan_university,western_michigan_university__95,sustainability,1
western_michigan_university,western_michigan_university__96,resource management,1
western_michigan_university,western_michigan_university__97,environmental regulation,1
western_michigan_university,western_michigan_university__98,hydrogen,1
western_michigan_university,western_michigan_university__99,environmental impact assessment,1
western_michigan_university,western_michigan_university__100,water quality,1
western_michigan_university,western_michigan_university__101,geographic information systems,1
western_michigan_university,western_michigan_university__102,sustainability,1
western_michigan_university,western_michigan_university__103,project management,1
western_michigan_university,western_michigan_university__104,risk assessment,1
western_michigan_university,western_michigan_university__105,sustainability,1
western_michigan_university,western_michigan_university__106,sustainability,1
western_michigan_university,western_michigan_university__107,sustainability,1
western_michigan_university,western_michigan_university__108,sustainability,1
western_michigan_university,western_michigan_university__108,resource management,1
western_michigan_university,western_michigan_university__109,sustainability,1
western_michigan_university,western_michigan_university__110,sustainability,2
western_michigan_university,western_michigan_university__110,geographic information systems,1
western_michigan_university,western_michigan_university__111,sustainability,1
western_michigan_university,western_michigan_university__112,sustainability,1
western_michigan_university,western_michigan_university__112,geographic information systems,2
western_michigan_university,western_michigan_university__113,sustainability,1
western_michigan_university,western_michigan_university__114,sustainability,1
western_michigan_university,western_michigan_university__115,sustainability,1
western_michigan_university,western_michigan_university__116,sustainability,1
western_michigan_university,western_michigan_university__117,sustainability,2
western_michigan_university,western_michigan_university__118,sustainability,1
western_michigan_university,western_michigan_university__118,environmental impact assessment,1
western_michigan_university,western_michigan_university__119,engineering management,1
western_michigan_university,western_michigan_university__120,quality assurance,1
western_michigan_university,western_michigan_university__121,sustainability,2
western_michigan_university,western_michigan_university__122,welding,1
western_michigan_university,western_michigan_university__123,process control,1
western_michigan_university,western_michigan_university__123,quality assurance,1
western_michigan_university,western_michigan_university__124,heat transfer,1
western_michigan_university,western_michigan_university__125,materials science,1
western_michigan_university,western_michigan_university__126,welding,1
western_michigan_university,western_michigan_university__127,sustainability,1
western_michigan_university,western_michigan_university__128,technical drawing,1
western_michigan_university,western_michigan_university__129,resource management,1
western_michigan_university,western_michigan_university__130,control systems,1
western_michigan_university,western_michigan_university__131,control systems,1
western_michigan_university,western_michigan_university__132,sustainability,3
western_michigan_university,western_michigan_university__133,sustainability,5
western_michigan_university,western_michigan_university__134,supply chain logistics,1
western_michigan_university,western_michigan_university__135,sustainability,1
western_michigan_university,western_michigan_university__136,resource management,3
western_michigan_university,western_michigan_university__137,resource management,1
western_michigan_university,western_michigan_university__138,project management,1
western_michigan_university,western_michigan_university__138,resource management,1
western_michigan_university,western_michigan_university__139,resource management,1
western_michigan_university,western_michigan_university__140,sustainability,1
western_michigan_university,western_michigan_university__141,combustion,1
western_michigan_university,western_michigan_university__142,control systems,1
western_michigan_university,western_michigan_university__143,combustion,1
western_michigan_university,western_michigan_university__144,power generation,1
western_michigan_university,western_michigan_university__144,chemical engineering,1
western_michigan_university,western_michigan_university__144,heat transfer,1
western_michigan_university,western_michigan_university__145,chemical engineering,2
western_michigan_university,western_michigan_university__146,chemical engineering,1
western_michigan_university,western_michigan_university__146,combustion,1
western_michigan_university,western_michigan_university__147,heat transfer,1
western_michigan_university,western_michigan_university__148,combustion,3
western_michigan_university,western_michigan_university__149,control systems,2
western_michigan_university,western_michigan_university__150,materials science,1
western_michigan_university,western_michigan_university__151,heat transfer,1
western_michigan_university,western_michigan_university__152,sustainability,1
western_michigan_university,western_michigan_university__153,control systems,1
western_michigan_university,western_michigan_university__154,hydrogen,1
western_michigan_university,western_michigan_university__154,fuel cell,3
western_michigan_university,western_michigan_university__154,electrochemistry,1
western_michigan_university,western_michigan_university__155,material selection,2
western_michigan_university,western_michigan_university__155,corrosion,1
western_michigan_university,western_michigan_university__156,heat transfer,1
western_michigan_university,western_michigan_university__157,heat transfer,1
western_michigan_university,western_michigan_university__158,project management,1
western_michigan_university,western_michigan_university__159,sustainability,1
western_michigan_university,western_michigan_university__160,chemical engineering,2
western_michigan_university,western_michigan_university__161,water quality,2
western_michigan_university,western_michigan_university__162,process engineering,1
western_michigan_university,western_michigan_university__163,chemical engineering,2
western_michigan_university,western_michigan_university__164,sustainability,1
western_michigan_university,western_michigan_university__165,sustainability,3
western_michigan_university,western_michigan_university__166,sustainability,1
western_michigan_university,western_michigan_university__167,sustainability,1
western_michigan_university,western_michigan_university__168,sustainability,1
western_michigan_university,western_michigan_university__169,hydrogen,1
western_michigan_university,western_michigan_university__170,explosion,1
western_michigan_university,western_michigan_university__171,sustainability,1
western_michigan_university,western_michigan_university__171,renewable energy,1
western_michigan_university,western_michigan_university__172,sustainability,1
western_michigan_university,western_michigan_university__173,sustainability,1
western_michigan_university,western_michigan_university__174,sustainability,1
western_michigan_university,western_michigan_university__175,sustainability,1
western_michigan_university,western_michigan_university__176,sustainability,1
western_michigan_university,western_michigan_university__177,resource management,2
western_michigan_university,western_michigan_university__178,project management,1
western_michigan_university,western_michigan_university__179,sustainability,4
western_michigan_university,western_michigan_university__180,sustainability,1
western_michigan_university,western_michigan_university__181,sustainability,1
western_michigan_university,western_michigan_university__182,greenhouse gas emissions,1
western_michigan_university,western_michigan_university__183,sustainability,1
western_michigan_university,western_michigan_university__184,sustainability,1
western_michigan_university,western_michigan_university__185,sustainability,2
western_michigan_university,western_michigan_university__186,project management,2
western_michigan_university,western_michigan_university__187,project management,1
western_michigan_university,western_michigan_university__188,project management,1
western_michigan_university,western_michigan_university__189,sustainability,1
western_michigan_university,western_michigan_university__190,sustainability,2
western_michigan_university,western_michigan_university__191,sustainability,2
western_michigan_university,western_michigan_university__192,sustainability,1
western_michigan_university,western_michigan_university__193,sustainability,1
western_michigan_university,western_michigan_university__194,heat transfer,1
western_michigan_university,western_michigan_university__195,compressors,1
western_michigan_university,western_michigan_university__196,sustainability,3
western_michigan_university,western_michigan_university__197,sustainability,4
western_michigan_university,western_michigan_university__198,risk assessment,1
