school,course_id,keyword
appalachian_state_university,appalachian_state_university__0,Resource Management
appalachian_state_university,appalachian_state_university__1,Resource Management
appalachian_state_university,appalachian_state_university__2,Resource Management
appalachian_state_university,appalachian_state_university__3,Resource Management
appalachian_state_university,appalachian_state_university__4,Resource Management
appalachian_state_university,appalachian_state_university__5,Control Systems
appalachian_state_university,appalachian_state_university__6,Life Cycle Assessment
appalachian_state_university,appalachian_state_university__6,Syngas
appalachian_state_university,appalachian_state_university__7,Renewable Energy
appalachian_state_university,appalachian_state_university__7,Project Development
appalachian_state_university,appalachian_state_university__8,Energy Market
appalachian_state_university,appalachian_state_university__8,Renewable Energy
appalachian_state_university,appalachian_state_university__8,Energy Policy
appalachian_state_university,appalachian_state_university__8,Clean Energy
appalachian_state_university,appalachian_state_university__9,Renewable Energy
appalachian_state_university,appalachian_state_university__10,Renewable Energy
appalachian_state_university,appalachian_state_university__11,Water Quality
appalachian_state_university,appalachian_state_university__12,Resource Management
appalachian_state_university,appalachian_state_university__13,Hydrogen
appalachian_state_university,appalachian_state_university__14,Renewable Energy
appalachian_state_university,appalachian_state_university__15,Sustainability
appalachian_state_university,appalachian_state_university__16,Sustainability
appalachian_state_university,appalachian_state_university__17,Environmental Protection
appalachian_state_university,appalachian_state_university__18,Sustainability
appalachian_state_university,appalachian_state_university__19,Sustainability
appalachian_state_university,appalachian_state_university__20,Greenhouse Gas Emissions
appalachian_state_university,appalachian_state_university__21,Sustainability
appalachian_state_university,appalachian_state_university__22,Sustainability
appalachian_state_university,appalachian_state_university__23,Sustainability
appalachian_state_university,appalachian_state_university__24,Sustainability
appalachian_state_university,appalachian_state_university__25,Process Control
appalachian_state_university,appalachian_state_university__25,Quality Assurance
appalachian_state_university,appalachian_state_university__26,Environmental Regulation
appalachian_state_university,appalachian_state_university__27,Sustainability
appalachian_state_university,appalachian_state_university__28,Geographic Information Systems
appalachian_state_university,appalachian_state_university__29,Geographic Information Systems
appalachian_state_university,appalachian_state_university__30,Sustainability
appalachian_state_university,appalachian_state_university__31,Geographic Information Systems
appalachian_state_university,appalachian_state_university__32,Sustainability
appalachian_state_university,appalachian_state_university__33,Sustainability
appalachian_state_university,appalachian_state_university__34,Sustainability
appalachian_state_university,appalachian_state_university__35,Control Systems
appalachian_state_university,appalachian_state_university__36,Welding
appalachian_state_university,appalachian_state_university__37,Sustainability
appalachian_state_university,appalachian_state_university__38,Sustainability
appalachian_state_university,appalachian_state_university__39,Sustainability
appalachian_state_university,appalachian_state_university__40,Automation
appalachian_state_university,appalachian_state_university__41,Resource Management
appalachian_state_university,appalachian_state_university__42,Sustainability
appalachian_state_university,appalachian_state_university__43,Resource Management
appalachian_state_university,appalachian_state_university__44,Resource Management
appalachian_state_university,appalachian_state_university__45,Resource Management
appalachian_state_university,appalachian_state_university__46,Sustainability
appalachian_state_university,appalachian_state_university__47,Sustainability
appalachian_state_university,appalachian_state_university__48,Resource Management
appalachian_state_university,appalachian_state_university__49,Process Control
appalachian_state_university,appalachian_state_university__50,Project Management
appalachian_state_university,appalachian_state_university__51,Sustainability
appalachian_state_university,appalachian_state_university__52,Project Management
appalachian_state_university,appalachian_state_university__53,Sustainability
appalachian_state_university,appalachian_state_university__54,Sustainability
appalachian_state_university,appalachian_state_university__55,Material Selection
appalachian_state_university,appalachian_state_university__56,Welding
appalachian_state_university,appalachian_state_university__57,Sustainability
appalachian_state_university,appalachian_state_university__58,Sustainability
appalachian_state_university,appalachian_state_university__59,Resource Management
appalachian_state_university,appalachian_state_university__60,Construction Management
appalachian_state_university,appalachian_state_university__61,Material Selection
appalachian_state_university,appalachian_state_university__62,Construction Management
appalachian_state_university,appalachian_state_university__63,Project Management
appalachian_state_university,appalachian_state_university__63,Construction Management
appalachian_state_university,appalachian_state_university__64,Corrosion
appalachian_state_university,appalachian_state_university__65,Project Management
appalachian_state_university,appalachian_state_university__65,Construction Management
appalachian_state_university,appalachian_state_university__66,Resource Management
appalachian_state_university,appalachian_state_university__67,Risk Assessment
appalachian_state_university,appalachian_state_university__68,Environmental Protection
appalachian_state_university,appalachian_state_university__69,Geographic Information Systems
appalachian_state_university,appalachian_state_university__70,Resource Management
appalachian_state_university,appalachian_state_university__71,Sustainability
appalachian_state_university,appalachian_state_university__72,Risk Assessment
appalachian_state_university,appalachian_state_university__73,Automation
appalachian_state_university,appalachian_state_university__74,Environmental Protection
appalachian_state_university,appalachian_state_university__75,Heat Transfer
appalachian_state_university,appalachian_state_university__76,Sustainability
appalachian_state_university,appalachian_state_university__77,Renewable Energy
appalachian_state_university,appalachian_state_university__78,Project Development
appalachian_state_university,appalachian_state_university__79,Project Management
appalachian_state_university,appalachian_state_university__80,Project Development
appalachian_state_university,appalachian_state_university__81,Automation
appalachian_state_university,appalachian_state_university__82,Project Management
appalachian_state_university,appalachian_state_university__82,Quality Assurance
appalachian_state_university,appalachian_state_university__83,Project Management
appalachian_state_university,appalachian_state_university__84,Project Management
appalachian_state_university,appalachian_state_university__84,Resource Management
appalachian_state_university,appalachian_state_university__85,Renewable Energy
appalachian_state_university,appalachian_state_university__86,Electrochemical
appalachian_state_university,appalachian_state_university__87,Electrochemistry
appalachian_state_university,appalachian_state_university__88,Control Systems
appalachian_state_university,appalachian_state_university__89,Process Control
appalachian_state_university,appalachian_state_university__89,Quality Assurance
appalachian_state_university,appalachian_state_university__90,Biofuels
appalachian_state_university,appalachian_state_university__91,Resource Management
appalachian_state_university,appalachian_state_university__92,Quality Assurance
appalachian_state_university,appalachian_state_university__93,Sustainability
appalachian_state_university,appalachian_state_university__94,ESG
appalachian_state_university,appalachian_state_university__95,Resource Management
appalachian_state_university,appalachian_state_university__95,Sustainability
california_institute_of_technology,california_institute_of_technology__0,Control Systems
california_institute_of_technology,california_institute_of_technology__1,Heat Transfer
california_institute_of_technology,california_institute_of_technology__2,Combustion
california_institute_of_technology,california_institute_of_technology__3,Fracture Analysis
california_institute_of_technology,california_institute_of_technology__4,Combustion
california_institute_of_technology,california_institute_of_technology__5,Sustainability
california_institute_of_technology,california_institute_of_technology__6,Risk Assessment
california_institute_of_technology,california_institute_of_technology__6,Pipeline
california_institute_of_technology,california_institute_of_technology__7,Materials Science
california_institute_of_technology,california_institute_of_technology__8,Materials Science
california_institute_of_technology,california_institute_of_technology__9,Materials Science
california_institute_of_technology,california_institute_of_technology__10,Materials Science
california_institute_of_technology,california_institute_of_technology__11,Materials Science
california_institute_of_technology,california_institute_of_technology__12,Electrochemistry
california_institute_of_technology,california_institute_of_technology__12,Materials Science
california_institute_of_technology,california_institute_of_technology__13,Materials Science
california_institute_of_technology,california_institute_of_technology__14,Materials Science
california_institute_of_technology,california_institute_of_technology__15,Materials Science
california_institute_of_technology,california_institute_of_technology__16,Materials Science
california_institute_of_technology,california_institute_of_technology__17,Fracture Analysis
california_institute_of_technology,california_institute_of_technology__18,Materials Science
california_institute_of_technology,california_institute_of_technology__19,Catalyst
california_institute_of_technology,california_institute_of_technology__20,ESG
california_institute_of_technology,california_institute_of_technology__21,Sustainability
california_institute_of_technology,california_institute_of_technology__22,Hydrogen
california_institute_of_technology,california_institute_of_technology__23,Cryogenic
california_institute_of_technology,california_institute_of_technology__24,Heat Transfer
california_institute_of_technology,california_institute_of_technology__24,Combustion
california_institute_of_technology,california_institute_of_technology__25,Systems Engineering
california_institute_of_technology,california_institute_of_technology__26,Heat Transfer
california_institute_of_technology,california_institute_of_technology__27,Combustion
california_institute_of_technology,california_institute_of_technology__28,Heat Transfer
california_institute_of_technology,california_institute_of_technology__29,Materials Science
california_institute_of_technology,california_institute_of_technology__30,Fracture Analysis
california_institute_of_technology,california_institute_of_technology__31,Combustion
california_institute_of_technology,california_institute_of_technology__32,Explosion
california_institute_of_technology,california_institute_of_technology__33,Pipeline
california_institute_of_technology,california_institute_of_technology__34,Heat Transfer
california_institute_of_technology,california_institute_of_technology__35,Heat Transfer
california_institute_of_technology,california_institute_of_technology__36,Sustainability
california_institute_of_technology,california_institute_of_technology__37,Pipeline
california_institute_of_technology,california_institute_of_technology__38,Catalyst
california_institute_of_technology,california_institute_of_technology__39,Heat Transfer
california_institute_of_technology,california_institute_of_technology__40,Sustainability
california_institute_of_technology,california_institute_of_technology__41,Catalysis
california_institute_of_technology,california_institute_of_technology__42,Risk Assessment
california_institute_of_technology,california_institute_of_technology__42,Pipeline
california_institute_of_technology,california_institute_of_technology__43,Sustainability
california_institute_of_technology,california_institute_of_technology__44,Sustainability
california_institute_of_technology,california_institute_of_technology__45,Sustainability
california_institute_of_technology,california_institute_of_technology__46,Sustainability
california_institute_of_technology,california_institute_of_technology__47,Control Systems
california_institute_of_technology,california_institute_of_technology__48,Automation
california_institute_of_technology,california_institute_of_technology__48,Control Systems
california_institute_of_technology,california_institute_of_technology__49,Control Systems
california_institute_of_technology,california_institute_of_technology__50,Control Systems
california_institute_of_technology,california_institute_of_technology__51,Combustion
california_institute_of_technology,california_institute_of_technology__52,Heat Transfer
california_institute_of_technology,california_institute_of_technology__53,Heat Transfer
california_institute_of_technology,california_institute_of_technology__54,Systems Engineering
california_institute_of_technology,california_institute_of_technology__55,Pipeline
california_institute_of_technology,california_institute_of_technology__56,Chemical Engineering
california_institute_of_technology,california_institute_of_technology__56,Chemical Synthesis
california_institute_of_technology,california_institute_of_technology__57,Chemical Engineering
california_institute_of_technology,california_institute_of_technology__58,Chemical Engineering
california_institute_of_technology,california_institute_of_technology__58,Process Simulation
california_institute_of_technology,california_institute_of_technology__59,Chemical Engineering
california_institute_of_technology,california_institute_of_technology__60,Chemical Engineering
california_institute_of_technology,california_institute_of_technology__60,Power Generation
california_institute_of_technology,california_institute_of_technology__61,Chemical Engineering
california_institute_of_technology,california_institute_of_technology__62,Chemical Engineering
california_institute_of_technology,california_institute_of_technology__63,Chemical Engineering
california_institute_of_technology,california_institute_of_technology__64,Chemical Engineering
california_institute_of_technology,california_institute_of_technology__64,Catalysis
california_institute_of_technology,california_institute_of_technology__65,Heat Transfer
california_institute_of_technology,california_institute_of_technology__66,Control Systems
california_institute_of_technology,california_institute_of_technology__67,Catalyst
california_institute_of_technology,california_institute_of_technology__68,Chemical Engineering
california_institute_of_technology,california_institute_of_technology__69,Chemical Engineering
california_institute_of_technology,california_institute_of_technology__70,Pipeline
california_institute_of_technology,california_institute_of_technology__71,Chemical Engineering
california_institute_of_technology,california_institute_of_technology__72,Electrochemistry
california_institute_of_technology,california_institute_of_technology__73,Catalyst
california_institute_of_technology,california_institute_of_technology__73,Heat Transfer
california_institute_of_technology,california_institute_of_technology__74,Catalyst
california_institute_of_technology,california_institute_of_technology__75,Chemical Engineering
california_institute_of_technology,california_institute_of_technology__76,Chemical Engineering
california_institute_of_technology,california_institute_of_technology__77,Chemical Engineering
california_institute_of_technology,california_institute_of_technology__78,Sustainability
california_institute_of_technology,california_institute_of_technology__79,Pipeline
california_institute_of_technology,california_institute_of_technology__80,Resource Management
california_institute_of_technology,california_institute_of_technology__81,Systems Engineering
california_institute_of_technology,california_institute_of_technology__82,Project Management
california_institute_of_technology,california_institute_of_technology__83,Pipeline
california_institute_of_technology,california_institute_of_technology__84,Pipeline
california_institute_of_technology,california_institute_of_technology__85,Cryogenic
california_institute_of_technology,california_institute_of_technology__86,Pipeline
california_institute_of_technology,california_institute_of_technology__87,Heat Transfer
california_institute_of_technology,california_institute_of_technology__88,Materials Science
california_institute_of_technology,california_institute_of_technology__89,Fracture Analysis
california_institute_of_technology,california_institute_of_technology__90,Sustainability
california_institute_of_technology,california_institute_of_technology__91,Catalyst
california_institute_of_technology,california_institute_of_technology__92,Sustainability
california_institute_of_technology,california_institute_of_technology__92,Electrochemistry
california_institute_of_technology,california_institute_of_technology__93,Electrochemistry
california_institute_of_technology,california_institute_of_technology__93,Materials Science
california_institute_of_technology,california_institute_of_technology__94,Catalysis
california_institute_of_technology,california_institute_of_technology__94,Electrochemical
california_institute_of_technology,california_institute_of_technology__95,Chemical Engineering
california_institute_of_technology,california_institute_of_technology__95,Chemical Synthesis
california_institute_of_technology,california_institute_of_technology__96,Chemical Engineering
california_institute_of_technology,california_institute_of_technology__97,Catalysis
california_institute_of_technology,california_institute_of_technology__98,Catalysis
california_institute_of_technology,california_institute_of_technology__99,Electrochemistry
california_institute_of_technology,california_institute_of_technology__99,Electrochemical
california_institute_of_technology,california_institute_of_technology__100,Catalysis
california_institute_of_technology,california_institute_of_technology__101,Pipeline
california_institute_of_technology,california_institute_of_technology__102,Chemical Engineering
california_institute_of_technology,california_institute_of_technology__103,Electrochemistry
california_institute_of_technology,california_institute_of_technology__104,Catalysis
california_institute_of_technology,california_institute_of_technology__105,Catalyst
california_institute_of_technology,california_institute_of_technology__106,Catalysis
california_institute_of_technology,california_institute_of_technology__107,Catalysis
california_institute_of_technology,california_institute_of_technology__108,Chemical Synthesis
california_institute_of_technology,california_institute_of_technology__109,Materials Science
california_institute_of_technology,california_institute_of_technology__110,Catalyst
california_institute_of_technology,california_institute_of_technology__111,Catalysis
california_institute_of_technology,california_institute_of_technology__112,Sustainability
california_institute_of_technology,california_institute_of_technology__113,Catalyst
california_institute_of_technology,california_institute_of_technology__114,Materials Science
california_state_university_long_beach,california_state_university_long_beach__0,Sustainability
california_state_university_long_beach,california_state_university_long_beach__1,Welding
california_state_university_long_beach,california_state_university_long_beach__2,Sustainability
california_state_university_long_beach,california_state_university_long_beach__3,Project Management
california_state_university_long_beach,california_state_university_long_beach__4,Resource Management
california_state_university_long_beach,california_state_university_long_beach__5,ProSim
california_state_university_long_beach,california_state_university_long_beach__6,Sustainability
california_state_university_long_beach,california_state_university_long_beach__7,Sustainability
california_state_university_long_beach,california_state_university_long_beach__8,Sustainability
california_state_university_long_beach,california_state_university_long_beach__9,Catalyst
california_state_university_long_beach,california_state_university_long_beach__10,Welding
california_state_university_long_beach,california_state_university_long_beach__11,Risk Assessment
california_state_university_long_beach,california_state_university_long_beach__12,Project Management
california_state_university_long_beach,california_state_university_long_beach__13,Construction Management
california_state_university_long_beach,california_state_university_long_beach__14,Electrochemistry
california_state_university_long_beach,california_state_university_long_beach__15,Electrochemistry
california_state_university_long_beach,california_state_university_long_beach__16,Chemical Engineering
california_state_university_long_beach,california_state_university_long_beach__17,Chemical Engineering
california_state_university_long_beach,california_state_university_long_beach__18,Chemical Engineering
california_state_university_long_beach,california_state_university_long_beach__19,Chemical Engineering
california_state_university_long_beach,california_state_university_long_beach__20,Chemical Engineering
california_state_university_long_beach,california_state_university_long_beach__21,Chemical Engineering
california_state_university_long_beach,california_state_university_long_beach__21,Process Control
california_state_university_long_beach,california_state_university_long_beach__22,Chemical Engineering
california_state_university_long_beach,california_state_university_long_beach__23,Chemical Engineering
california_state_university_long_beach,california_state_university_long_beach__24,Hydrogen Fuel
california_state_university_long_beach,california_state_university_long_beach__24,Electrochemical
california_state_university_long_beach,california_state_university_long_beach__24,Chemical Engineering
california_state_university_long_beach,california_state_university_long_beach__24,Hydrogen
california_state_university_long_beach,california_state_university_long_beach__24,Proton Exchange Membrane
california_state_university_long_beach,california_state_university_long_beach__24,Fuel Cell
california_state_university_long_beach,california_state_university_long_beach__25,Chemical Engineering
california_state_university_long_beach,california_state_university_long_beach__26,Chemical Engineering
california_state_university_long_beach,california_state_university_long_beach__27,Catalyst
california_state_university_long_beach,california_state_university_long_beach__27,Chemical Engineering
california_state_university_long_beach,california_state_university_long_beach__28,Chemical Engineering
california_state_university_long_beach,california_state_university_long_beach__29,Catalyst
california_state_university_long_beach,california_state_university_long_beach__29,Chemical Engineering
california_state_university_long_beach,california_state_university_long_beach__30,Chemical Engineering
california_state_university_long_beach,california_state_university_long_beach__30,Heat Transfer
california_state_university_long_beach,california_state_university_long_beach__31,Chemical Engineering
california_state_university_long_beach,california_state_university_long_beach__32,Chemical Engineering
california_state_university_long_beach,california_state_university_long_beach__32,Process Simulation
california_state_university_long_beach,california_state_university_long_beach__33,Chemical Engineering
california_state_university_long_beach,california_state_university_long_beach__34,Chemical Engineering
california_state_university_long_beach,california_state_university_long_beach__35,Chemical Engineering
california_state_university_long_beach,california_state_university_long_beach__36,Automation
california_state_university_long_beach,california_state_university_long_beach__36,Process Control
california_state_university_long_beach,california_state_university_long_beach__37,Chemical Engineering
california_state_university_long_beach,california_state_university_long_beach__38,Chemical Engineering
california_state_university_long_beach,california_state_university_long_beach__38,Process Control
california_state_university_long_beach,california_state_university_long_beach__39,Automation
california_state_university_long_beach,california_state_university_long_beach__40,Chemical Engineering
california_state_university_long_beach,california_state_university_long_beach__40,Process Control
california_state_university_long_beach,california_state_university_long_beach__40,Heat Transfer
california_state_university_long_beach,california_state_university_long_beach__41,Catalyst
california_state_university_long_beach,california_state_university_long_beach__41,Fuel Cell
california_state_university_long_beach,california_state_university_long_beach__41,Electrochemistry
california_state_university_long_beach,california_state_university_long_beach__41,Electrochemical
california_state_university_long_beach,california_state_university_long_beach__42,Chemical Engineering
california_state_university_long_beach,california_state_university_long_beach__43,Hydrogen Fuel
california_state_university_long_beach,california_state_university_long_beach__43,Electrochemical
california_state_university_long_beach,california_state_university_long_beach__43,Hydrogen
california_state_university_long_beach,california_state_university_long_beach__43,Proton Exchange Membrane
california_state_university_long_beach,california_state_university_long_beach__43,Fuel Cell
california_state_university_long_beach,california_state_university_long_beach__44,Catalyst
california_state_university_long_beach,california_state_university_long_beach__45,Catalyst
california_state_university_long_beach,california_state_university_long_beach__45,Chemical Engineering
california_state_university_long_beach,california_state_university_long_beach__46,Chemical Engineering
california_state_university_long_beach,california_state_university_long_beach__46,Process Control
california_state_university_long_beach,california_state_university_long_beach__47,Process Simulation
california_state_university_long_beach,california_state_university_long_beach__48,Process Simulation
california_state_university_long_beach,california_state_university_long_beach__49,Chemical Engineering
california_state_university_long_beach,california_state_university_long_beach__50,Chemical Engineering
california_state_university_long_beach,california_state_university_long_beach__50,Compressors
california_state_university_long_beach,california_state_university_long_beach__51,Chemical Engineering
california_state_university_long_beach,california_state_university_long_beach__52,Chemical Engineering
california_state_university_long_beach,california_state_university_long_beach__53,Chemical Engineering
california_state_university_long_beach,california_state_university_long_beach__54,Chemical Engineering
california_state_university_long_beach,california_state_university_long_beach__55,Chemical Engineering
california_state_university_long_beach,california_state_university_long_beach__56,Chemical Engineering
california_state_university_long_beach,california_state_university_long_beach__57,Ion Exchange
california_state_university_long_beach,california_state_university_long_beach__58,Greenhouse Gas Emissions
california_state_university_long_beach,california_state_university_long_beach__58,Sustainability
california_state_university_long_beach,california_state_university_long_beach__59,Chemical Engineering
california_state_university_long_beach,california_state_university_long_beach__60,Resource Management
california_state_university_long_beach,california_state_university_long_beach__61,Project Management
california_state_university_long_beach,california_state_university_long_beach__62,Sustainability
california_state_university_long_beach,california_state_university_long_beach__63,Sustainability
california_state_university_long_beach,california_state_university_long_beach__64,Systems Engineering
california_state_university_long_beach,california_state_university_long_beach__65,Project Management
california_state_university_long_beach,california_state_university_long_beach__65,Control Systems
california_state_university_long_beach,california_state_university_long_beach__66,Chemical Engineering
california_state_university_long_beach,california_state_university_long_beach__67,Chemical Engineering
california_state_university_long_beach,california_state_university_long_beach__68,Chemical Engineering
california_state_university_long_beach,california_state_university_long_beach__69,Control Systems
california_state_university_long_beach,california_state_university_long_beach__70,Combustion
california_state_university_long_beach,california_state_university_long_beach__71,Sustainability
california_state_university_long_beach,california_state_university_long_beach__72,Predictive Analytics
california_state_university_long_beach,california_state_university_long_beach__73,Sustainability
california_state_university_long_beach,california_state_university_long_beach__74,Sustainability
california_state_university_long_beach,california_state_university_long_beach__75,Control Systems
california_state_university_long_beach,california_state_university_long_beach__76,Control Systems
california_state_university_long_beach,california_state_university_long_beach__77,Resource Management
california_state_university_long_beach,california_state_university_long_beach__78,Engineering Management
california_state_university_long_beach,california_state_university_long_beach__79,ESG
california_state_university_long_beach,california_state_university_long_beach__80,Automation
california_state_university_long_beach,california_state_university_long_beach__81,Control Systems
california_state_university_long_beach,california_state_university_long_beach__82,Heat Transfer
california_state_university_long_beach,california_state_university_long_beach__82,ANSYS
california_state_university_long_beach,california_state_university_long_beach__83,Control Systems
california_state_university_long_beach,california_state_university_long_beach__84,Chemical Engineering
california_state_university_long_beach,california_state_university_long_beach__84,Heat Transfer
california_state_university_long_beach,california_state_university_long_beach__85,Chemical Engineering
california_state_university_long_beach,california_state_university_long_beach__86,Chemical Engineering
california_state_university_long_beach,california_state_university_long_beach__86,Combustion
california_state_university_long_beach,california_state_university_long_beach__87,Chemical Engineering
california_state_university_long_beach,california_state_university_long_beach__87,Heat Transfer
california_state_university_long_beach,california_state_university_long_beach__88,Explosion
california_state_university_long_beach,california_state_university_long_beach__88,Combustion
california_state_university_long_beach,california_state_university_long_beach__88,Flammability
california_state_university_long_beach,california_state_university_long_beach__89,Heat Transfer
california_state_university_long_beach,california_state_university_long_beach__90,Chemical Engineering
california_state_university_long_beach,california_state_university_long_beach__91,Chemical Engineering
california_state_university_long_beach,california_state_university_long_beach__92,Chemical Engineering
california_state_university_long_beach,california_state_university_long_beach__92,Systems Engineering
california_state_university_long_beach,california_state_university_long_beach__93,Chemical Engineering
california_state_university_long_beach,california_state_university_long_beach__93,Project Management
california_state_university_long_beach,california_state_university_long_beach__93,Control Systems
california_state_university_long_beach,california_state_university_long_beach__94,Chemical Engineering
california_state_university_long_beach,california_state_university_long_beach__95,Chemical Engineering
california_state_university_long_beach,california_state_university_long_beach__95,Engineering Management
california_state_university_long_beach,california_state_university_long_beach__96,Resource Management
california_state_university_long_beach,california_state_university_long_beach__97,Heat Transfer
california_state_university_long_beach,california_state_university_long_beach__97,Systems Engineering
california_state_university_long_beach,california_state_university_long_beach__98,Control Systems
california_state_university_long_beach,california_state_university_long_beach__99,Control Systems
california_state_university_long_beach,california_state_university_long_beach__100,Gas Turbine
california_state_university_long_beach,california_state_university_long_beach__101,Heat Transfer
california_state_university_long_beach,california_state_university_long_beach__102,Systems Engineering
california_state_university_long_beach,california_state_university_long_beach__103,Control Systems
california_state_university_long_beach,california_state_university_long_beach__104,Heat Transfer
california_state_university_long_beach,california_state_university_long_beach__104,Combustion
california_state_university_long_beach,california_state_university_long_beach__105,Gas Turbine
california_state_university_long_beach,california_state_university_long_beach__106,Heat Transfer
california_state_university_long_beach,california_state_university_long_beach__107,Heat Transfer
california_state_university_long_beach,california_state_university_long_beach__108,Welding
california_state_university_long_beach,california_state_university_long_beach__109,Resource Management
california_state_university_long_beach,california_state_university_long_beach__110,Resource Management
california_state_university_long_beach,california_state_university_long_beach__111,Resource Management
california_state_university_long_beach,california_state_university_long_beach__112,Resource Management
california_state_university_long_beach,california_state_university_long_beach__113,Quality Assurance
california_state_university_long_beach,california_state_university_long_beach__113,Resource Management
california_state_university_long_beach,california_state_university_long_beach__114,Sustainability
california_state_university_long_beach,california_state_university_long_beach__115,Quality Assurance
california_state_university_long_beach,california_state_university_long_beach__116,Sustainability
california_state_university_long_beach,california_state_university_long_beach__117,Sustainability
california_state_university_long_beach,california_state_university_long_beach__118,Sustainability
california_state_university_long_beach,california_state_university_long_beach__119,Engineering Management
california_state_university_long_beach,california_state_university_long_beach__120,Project Management
california_state_university_long_beach,california_state_university_long_beach__121,Risk Assessment
california_state_university_long_beach,california_state_university_long_beach__122,Project Management
california_state_university_long_beach,california_state_university_long_beach__123,Risk Assessment
california_state_university_long_beach,california_state_university_long_beach__124,Risk Assessment
california_state_university_long_beach,california_state_university_long_beach__125,Engineering Management
california_state_university_long_beach,california_state_university_long_beach__126,Resource Management
california_state_university_long_beach,california_state_university_long_beach__127,Resource Management
california_state_university_long_beach,california_state_university_long_beach__128,Resource Management
california_state_university_long_beach,california_state_university_long_beach__129,Resource Management
california_state_university_long_beach,california_state_university_long_beach__130,Resource Management
california_state_university_long_beach,california_state_university_long_beach__131,Project Management
california_state_university_long_beach,california_state_university_long_beach__132,Renewable Energy
california_state_university_long_beach,california_state_university_long_beach__132,Energy Demand
california_state_university_long_beach,california_state_university_long_beach__133,Sustainability
california_state_university_long_beach,california_state_university_long_beach__134,Control Systems
california_state_university_long_beach,california_state_university_long_beach__135,Water Quality
california_state_university_long_beach,california_state_university_long_beach__136,Geographic Information Systems
california_state_university_long_beach,california_state_university_long_beach__137,Geographic Information Systems
california_state_university_long_beach,california_state_university_long_beach__138,Geographic Information Systems
california_state_university_long_beach,california_state_university_long_beach__139,Water Quality
california_state_university_long_beach,california_state_university_long_beach__140,Geographic Information Systems
california_state_university_long_beach,california_state_university_long_beach__141,Geographic Information Systems
california_state_university_long_beach,california_state_university_long_beach__142,Sustainability
california_state_university_long_beach,california_state_university_long_beach__143,Resource Management
california_state_university_long_beach,california_state_university_long_beach__144,Water Quality
california_state_university_long_beach,california_state_university_long_beach__145,Greenhouse Gas Emissions
california_state_university_long_beach,california_state_university_long_beach__145,Sustainability
california_state_university_long_beach,california_state_university_long_beach__146,Water Quality
california_state_university_long_beach,california_state_university_long_beach__147,Environmental Regulation
california_state_university_long_beach,california_state_university_long_beach__147,Renewable Energy
california_state_university_long_beach,california_state_university_long_beach__147,Sustainability
california_state_university_long_beach,california_state_university_long_beach__148,Resource Management
california_state_university_long_beach,california_state_university_long_beach__149,Technical Drawing
california_state_university_long_beach,california_state_university_long_beach__150,Technical Drawing
california_state_university_long_beach,california_state_university_long_beach__151,Sustainability
california_state_university_long_beach,california_state_university_long_beach__152,Sustainability
california_state_university_long_beach,california_state_university_long_beach__153,Sustainability
california_state_university_long_beach,california_state_university_long_beach__154,Sustainability
california_state_university_long_beach,california_state_university_long_beach__155,Sustainability
california_state_university_long_beach,california_state_university_long_beach__156,Sustainability
california_state_university_long_beach,california_state_university_long_beach__157,Sustainability
california_state_university_long_beach,california_state_university_long_beach__158,Sustainability
california_state_university_long_beach,california_state_university_long_beach__159,Sustainability
california_state_university_long_beach,california_state_university_long_beach__160,Geographic Information Systems
california_state_university_long_beach,california_state_university_long_beach__161,Control Systems
california_state_university_long_beach,california_state_university_long_beach__162,Automation
california_state_university_long_beach,california_state_university_long_beach__163,Process Control
california_state_university_long_beach,california_state_university_long_beach__164,Sustainability
california_state_university_long_beach,california_state_university_long_beach__165,Renewable Energy
california_state_university_long_beach,california_state_university_long_beach__165,Power Generation
california_state_university_long_beach,california_state_university_long_beach__166,Renewable Energy
california_state_university_long_beach,california_state_university_long_beach__167,Hazard Identification
california_state_university_long_beach,california_state_university_long_beach__168,Control Systems
california_state_university_long_beach,california_state_university_long_beach__169,Control Systems
california_state_university_long_beach,california_state_university_long_beach__170,Renewable Energy
california_state_university_long_beach,california_state_university_long_beach__170,Power Generation
california_state_university_long_beach,california_state_university_long_beach__171,Automation
california_state_university_long_beach,california_state_university_long_beach__172,Systems Engineering
california_state_university_long_beach,california_state_university_long_beach__173,Project Management
california_state_university_long_beach,california_state_university_long_beach__174,Project Management
california_state_university_long_beach,california_state_university_long_beach__175,Control Systems
california_state_university_long_beach,california_state_university_long_beach__176,Control Systems
california_state_university_long_beach,california_state_university_long_beach__177,Control Systems
california_state_university_long_beach,california_state_university_long_beach__178,Electrochemical
california_state_university_long_beach,california_state_university_long_beach__179,Power Generation
california_state_university_long_beach,california_state_university_long_beach__180,Control Systems
california_state_university_long_beach,california_state_university_long_beach__181,Control Systems
california_state_university_long_beach,california_state_university_long_beach__182,Control Systems
california_state_university_long_beach,california_state_university_long_beach__183,Power Transformer
california_state_university_long_beach,california_state_university_long_beach__184,Power Transformer
california_state_university_long_beach,california_state_university_long_beach__185,Materials Science
california_state_university_long_beach,california_state_university_long_beach__186,Project Management
california_state_university_long_beach,california_state_university_long_beach__187,Sustainability
california_state_university_long_beach,california_state_university_long_beach__188,Resource Management
california_state_university_long_beach,california_state_university_long_beach__189,Project Management
california_state_university_long_beach,california_state_university_long_beach__190,Energy Demand
california_state_university_long_beach,california_state_university_long_beach__191,Sustainability
california_state_university_long_beach,california_state_university_long_beach__192,Sustainability
california_state_university_long_beach,california_state_university_long_beach__193,Sustainability
california_state_university_long_beach,california_state_university_long_beach__194,Liquefaction
california_state_university_long_beach,california_state_university_long_beach__195,Pipeline
california_state_university_long_beach,california_state_university_long_beach__196,Water Quality
california_state_university_long_beach,california_state_university_long_beach__197,Water Quality
california_state_university_long_beach,california_state_university_long_beach__198,Sustainability
california_state_university_long_beach,california_state_university_long_beach__199,Geographic Information Systems
california_state_university_long_beach,california_state_university_long_beach__200,Engineering Management
california_state_university_long_beach,california_state_university_long_beach__201,Construction Management
california_state_university_long_beach,california_state_university_long_beach__201,Engineering Management
california_state_university_long_beach,california_state_university_long_beach__202,Sustainability
california_state_university_long_beach,california_state_university_long_beach__203,Sustainability
california_state_university_long_beach,california_state_university_long_beach__204,Construction Management
california_state_university_long_beach,california_state_university_long_beach__205,Sustainability
california_state_university_long_beach,california_state_university_long_beach__206,Engineering Management
california_state_university_long_beach,california_state_university_long_beach__207,Control Systems
california_state_university_long_beach,california_state_university_long_beach__208,Control Systems
california_state_university_long_beach,california_state_university_long_beach__209,Liquefaction
california_state_university_long_beach,california_state_university_long_beach__210,Construction Management
california_state_university_long_beach,california_state_university_long_beach__211,Project Management
california_state_university_long_beach,california_state_university_long_beach__212,Pipeline
california_state_university_long_beach,california_state_university_long_beach__213,Construction Management
california_state_university_long_beach,california_state_university_long_beach__213,Engineering Management
california_state_university_long_beach,california_state_university_long_beach__214,Construction Management
california_state_university_long_beach,california_state_university_long_beach__214,Engineering Management
california_state_university_long_beach,california_state_university_long_beach__215,Process Control
california_state_university_long_beach,california_state_university_long_beach__216,Project Management
california_state_university_long_beach,california_state_university_long_beach__217,Resource Management
california_state_university_long_beach,california_state_university_long_beach__218,Process Control
california_state_university_long_beach,california_state_university_long_beach__219,Project Management
california_state_university_long_beach,california_state_university_long_beach__220,Resource Management
california_state_university_long_beach,california_state_university_long_beach__221,Quality Assurance
california_state_university_long_beach,california_state_university_long_beach__221,Project Management
california_state_university_long_beach,california_state_university_long_beach__222,Sustainability
california_state_university_long_beach,california_state_university_long_beach__223,Resource Management
california_state_university_long_beach,california_state_university_long_beach__224,Project Management
california_state_university_long_beach,california_state_university_long_beach__225,Sustainability
california_state_university_long_beach,california_state_university_long_beach__226,Sustainability
california_state_university_long_beach,california_state_university_long_beach__227,Engineering Management
california_state_university_long_beach,california_state_university_long_beach__228,Construction Management
california_state_university_long_beach,california_state_university_long_beach__229,Automation
california_state_university_long_beach,california_state_university_long_beach__230,Automation
california_state_university_long_beach,california_state_university_long_beach__231,Automation
california_state_university_long_beach,california_state_university_long_beach__232,Electrochemical
california_state_university_long_beach,california_state_university_long_beach__233,Electrochemical
california_state_university_long_beach,california_state_university_long_beach__234,Electrochemical
california_state_university_long_beach,california_state_university_long_beach__235,Catalysis
california_state_university_long_beach,california_state_university_long_beach__236,Catalysis
california_state_university_long_beach,california_state_university_long_beach__237,Materials Science
california_state_university_long_beach,california_state_university_long_beach__238,Materials Science
california_state_university_long_beach,california_state_university_long_beach__239,Electrochemistry
california_state_university_long_beach,california_state_university_long_beach__239,Materials Science
california_state_university_long_beach,california_state_university_long_beach__240,Hydrogen
california_state_university_long_beach,california_state_university_long_beach__241,Materials Science
california_state_university_long_beach,california_state_university_long_beach__242,Materials Science
california_state_university_long_beach,california_state_university_long_beach__243,Materials Science
california_state_university_long_beach,california_state_university_long_beach__244,Electrochemistry
california_state_university_long_beach,california_state_university_long_beach__244,Materials Science
california_state_university_long_beach,california_state_university_long_beach__245,Geographic Information Systems
california_state_university_long_beach,california_state_university_long_beach__246,Environmental Protection
california_state_university_long_beach,california_state_university_long_beach__246,Resource Management
california_state_university_long_beach,california_state_university_long_beach__247,Resource Management
california_state_university_long_beach,california_state_university_long_beach__248,Sustainability
california_state_university_long_beach,california_state_university_long_beach__249,Project Management
california_state_university_long_beach,california_state_university_long_beach__250,Sustainability
california_state_university_long_beach,california_state_university_long_beach__251,Quality Assurance
california_state_university_long_beach,california_state_university_long_beach__252,Automation
louisiana_state_university,louisiana_state_university__0,Chemical Engineering
louisiana_state_university,louisiana_state_university__1,Geographic Information Systems
louisiana_state_university,louisiana_state_university__1,Resource Management
louisiana_state_university,louisiana_state_university__2,Geographic Information Systems
louisiana_state_university,louisiana_state_university__3,Geographic Information Systems
louisiana_state_university,louisiana_state_university__4,Project Management
louisiana_state_university,louisiana_state_university__5,Project Management
louisiana_state_university,louisiana_state_university__6,Predictive Analytics
louisiana_state_university,louisiana_state_university__7,Energy Supply
louisiana_state_university,louisiana_state_university__8,Risk Assessment
louisiana_state_university,louisiana_state_university__9,Project Management
louisiana_state_university,louisiana_state_university__10,Predictive Analytics
louisiana_state_university,louisiana_state_university__11,Project Management
louisiana_state_university,louisiana_state_university__12,Sustainability
louisiana_state_university,louisiana_state_university__13,Geographic Information Systems
louisiana_state_university,louisiana_state_university__14,Sustainability
louisiana_state_university,louisiana_state_university__15,Project Management
louisiana_state_university,louisiana_state_university__16,Sustainability
louisiana_state_university,louisiana_state_university__17,Sustainability
louisiana_state_university,louisiana_state_university__17,Water Quality
louisiana_state_university,louisiana_state_university__18,Welding
louisiana_state_university,louisiana_state_university__19,Quality Assurance
louisiana_state_university,louisiana_state_university__20,Environmental Protection
louisiana_state_university,louisiana_state_university__21,Heat Transfer
louisiana_state_university,louisiana_state_university__21,Combustion
louisiana_state_university,louisiana_state_university__22,Gas Storage
louisiana_state_university,louisiana_state_university__23,Cryogenic
louisiana_state_university,louisiana_state_university__24,Heat Transfer
louisiana_state_university,louisiana_state_university__25,Carbon Capture
louisiana_state_university,louisiana_state_university__26,Hydrogen
louisiana_state_university,louisiana_state_university__27,Geographic Information Systems
louisiana_state_university,louisiana_state_university__28,Resource Management
louisiana_state_university,louisiana_state_university__29,Resource Management
louisiana_state_university,louisiana_state_university__30,Energy Supply
louisiana_state_university,louisiana_state_university__30,Sustainability
louisiana_state_university,louisiana_state_university__31,Water Quality
louisiana_state_university,louisiana_state_university__32,Risk Assessment
louisiana_state_university,louisiana_state_university__33,Quality Assurance
louisiana_state_university,louisiana_state_university__34,Resource Management
louisiana_state_university,louisiana_state_university__35,ESG
louisiana_state_university,louisiana_state_university__36,Heat Transfer
louisiana_state_university,louisiana_state_university__37,Control Systems
louisiana_state_university,louisiana_state_university__38,Material Selection
louisiana_state_university,louisiana_state_university__39,Quality Assurance
louisiana_state_university,louisiana_state_university__39,Welding
louisiana_state_university,louisiana_state_university__40,Heat Transfer
louisiana_state_university,louisiana_state_university__41,Combustion
louisiana_state_university,louisiana_state_university__42,Automation
louisiana_state_university,louisiana_state_university__43,Resource Management
louisiana_state_university,louisiana_state_university__44,Resource Management
louisiana_state_university,louisiana_state_university__45,Resource Management
louisiana_state_university,louisiana_state_university__46,Resource Management
louisiana_state_university,louisiana_state_university__47,Resource Management
louisiana_state_university,louisiana_state_university__48,Quality Assurance
louisiana_state_university,louisiana_state_university__49,Quality Assurance
louisiana_state_university,louisiana_state_university__50,Quality Assurance
louisiana_state_university,louisiana_state_university__51,Quality Assurance
louisiana_state_university,louisiana_state_university__52,Control Systems
louisiana_state_university,louisiana_state_university__53,Heat Transfer
louisiana_state_university,louisiana_state_university__54,Heat Transfer
louisiana_state_university,louisiana_state_university__55,Heat Transfer
louisiana_state_university,louisiana_state_university__55,Combustion
louisiana_state_university,louisiana_state_university__56,Systems Engineering
louisiana_state_university,louisiana_state_university__57,Compressors
louisiana_state_university,louisiana_state_university__58,Corrosion
louisiana_state_university,louisiana_state_university__59,Corrosion
louisiana_state_university,louisiana_state_university__60,Corrosion
louisiana_state_university,louisiana_state_university__61,Gas Turbine
louisiana_state_university,louisiana_state_university__61,Combustion
louisiana_state_university,louisiana_state_university__62,Heat Transfer
louisiana_state_university,louisiana_state_university__63,Combustion
louisiana_state_university,louisiana_state_university__64,Heat Transfer
louisiana_state_university,louisiana_state_university__65,Welding
louisiana_state_university,louisiana_state_university__66,Construction Management
louisiana_state_university,louisiana_state_university__67,Construction Management
louisiana_state_university,louisiana_state_university__68,Predictive Analytics
louisiana_state_university,louisiana_state_university__69,Automation
louisiana_state_university,louisiana_state_university__70,Systems Engineering
louisiana_state_university,louisiana_state_university__71,Supply Chain Logistics
louisiana_state_university,louisiana_state_university__72,Quality Assurance
louisiana_state_university,louisiana_state_university__73,Systems Engineering
louisiana_state_university,louisiana_state_university__74,Systems Engineering
louisiana_state_university,louisiana_state_university__75,Project Management
louisiana_state_university,louisiana_state_university__76,Supply Chain Logistics
louisiana_state_university,louisiana_state_university__77,Systems Engineering
louisiana_state_university,louisiana_state_university__78,Sustainability
louisiana_state_university,louisiana_state_university__79,Project Management
louisiana_state_university,louisiana_state_university__80,Technical Drawing
louisiana_state_university,louisiana_state_university__81,Predictive Analytics
louisiana_state_university,louisiana_state_university__82,Predictive Analytics
louisiana_state_university,louisiana_state_university__83,Risk Assessment
louisiana_state_university,louisiana_state_university__84,Risk Assessment
louisiana_state_university,louisiana_state_university__85,Risk Assessment
louisiana_state_university,louisiana_state_university__86,Water Quality
louisiana_state_university,louisiana_state_university__87,Sustainability
louisiana_state_university,louisiana_state_university__88,Resource Management
louisiana_state_university,louisiana_state_university__89,Environmental Protection
louisiana_state_university,louisiana_state_university__90,Geographic Information Systems
louisiana_state_university,louisiana_state_university__91,Power Generation
louisiana_state_university,louisiana_state_university__92,Geographic Information Systems
louisiana_state_university,louisiana_state_university__93,Risk Assessment
louisiana_state_university,louisiana_state_university__94,Risk Assessment
louisiana_state_university,louisiana_state_university__95,Sustainability
louisiana_state_university,louisiana_state_university__96,Energy Transition
louisiana_state_university,louisiana_state_university__97,Geographic Information Systems
louisiana_state_university,louisiana_state_university__98,Geographic Information Systems
louisiana_state_university,louisiana_state_university__99,Resource Management
louisiana_state_university,louisiana_state_university__100,Hydrogen
louisiana_state_university,louisiana_state_university__101,Explosion
louisiana_state_university,louisiana_state_university__102,Cooling Systems
louisiana_state_university,louisiana_state_university__102,Water Quality
louisiana_state_university,louisiana_state_university__103,Risk Assessment
louisiana_state_university,louisiana_state_university__104,Life Cycle Assessment
louisiana_state_university,louisiana_state_university__104,Sustainability
louisiana_state_university,louisiana_state_university__105,Water Quality
louisiana_state_university,louisiana_state_university__106,Project Management
louisiana_state_university,louisiana_state_university__107,Water Quality
louisiana_state_university,louisiana_state_university__108,Water Quality
louisiana_state_university,louisiana_state_university__109,Control Systems
louisiana_state_university,louisiana_state_university__110,Control Systems
louisiana_state_university,louisiana_state_university__111,Renewable Energy
louisiana_state_university,louisiana_state_university__112,Power Generation
louisiana_state_university,louisiana_state_university__113,Renewable Energy
louisiana_state_university,louisiana_state_university__114,Automation
louisiana_state_university,louisiana_state_university__115,Power Generation
louisiana_state_university,louisiana_state_university__116,Renewable Energy
louisiana_state_university,louisiana_state_university__116,Power Generation
louisiana_state_university,louisiana_state_university__117,Renewable Energy
louisiana_state_university,louisiana_state_university__118,Electrochemical
louisiana_state_university,louisiana_state_university__119,Construction Management
louisiana_state_university,louisiana_state_university__120,Sustainability
louisiana_state_university,louisiana_state_university__121,Risk Assessment
louisiana_state_university,louisiana_state_university__122,Environmental Regulation
louisiana_state_university,louisiana_state_university__123,Risk Assessment
louisiana_state_university,louisiana_state_university__124,Project Management
louisiana_state_university,louisiana_state_university__125,Automation
louisiana_state_university,louisiana_state_university__125,Control Systems
louisiana_state_university,louisiana_state_university__126,Welding
louisiana_state_university,louisiana_state_university__127,Quality Assurance
louisiana_state_university,louisiana_state_university__128,Sustainability
louisiana_state_university,louisiana_state_university__129,Sustainability
louisiana_state_university,louisiana_state_university__129,Resource Management
louisiana_state_university,louisiana_state_university__130,Geographic Information Systems
louisiana_state_university,louisiana_state_university__131,Sustainability
louisiana_state_university,louisiana_state_university__132,Resource Management
louisiana_state_university,louisiana_state_university__133,Material Selection
louisiana_state_university,louisiana_state_university__134,Sustainability
louisiana_state_university,louisiana_state_university__135,Control Systems
louisiana_state_university,louisiana_state_university__136,Water Quality
louisiana_state_university,louisiana_state_university__136,Control Systems
louisiana_state_university,louisiana_state_university__137,Heat Transfer
louisiana_state_university,louisiana_state_university__138,Process Engineering
louisiana_state_university,louisiana_state_university__138,Power Generation
louisiana_state_university,louisiana_state_university__139,Process Engineering
louisiana_state_university,louisiana_state_university__140,Biofuels
louisiana_state_university,louisiana_state_university__141,Water Quality
louisiana_state_university,louisiana_state_university__142,Risk Assessment
louisiana_state_university,louisiana_state_university__143,Process Control
louisiana_state_university,louisiana_state_university__144,Sustainability
louisiana_state_university,louisiana_state_university__145,Water Quality
louisiana_state_university,louisiana_state_university__146,Water Quality
louisiana_state_university,louisiana_state_university__147,Sustainability
louisiana_state_university,louisiana_state_university__147,Project Management
louisiana_state_university,louisiana_state_university__148,Project Development
louisiana_state_university,louisiana_state_university__149,Catalysis
louisiana_state_university,louisiana_state_university__150,Chemical Synthesis
louisiana_state_university,louisiana_state_university__151,Catalysis
louisiana_state_university,louisiana_state_university__151,Electrochemical
louisiana_state_university,louisiana_state_university__152,Life Cycle Assessment
louisiana_state_university,louisiana_state_university__152,Sustainability
louisiana_state_university,louisiana_state_university__153,Construction Management
louisiana_state_university,louisiana_state_university__154,Construction Management
louisiana_state_university,louisiana_state_university__155,Construction Management
louisiana_state_university,louisiana_state_university__156,Construction Management
louisiana_state_university,louisiana_state_university__157,Project Management
louisiana_state_university,louisiana_state_university__158,Construction Management
louisiana_state_university,louisiana_state_university__159,Hazard Identification
louisiana_state_university,louisiana_state_university__160,Life Cycle Assessment
louisiana_state_university,louisiana_state_university__161,Project Management
louisiana_state_university,louisiana_state_university__162,Construction Management
louisiana_state_university,louisiana_state_university__163,Construction Management
louisiana_state_university,louisiana_state_university__164,Project Management
louisiana_state_university,louisiana_state_university__165,Construction Management
louisiana_state_university,louisiana_state_university__166,Project Management
louisiana_state_university,louisiana_state_university__167,Sustainability
louisiana_state_university,louisiana_state_university__168,Sustainability
louisiana_state_university,louisiana_state_university__169,Sustainability
louisiana_state_university,louisiana_state_university__170,Sustainability
louisiana_state_university,louisiana_state_university__171,Construction Management
louisiana_state_university,louisiana_state_university__172,Project Management
louisiana_state_university,louisiana_state_university__173,Automation
louisiana_state_university,louisiana_state_university__173,Quality Assurance
louisiana_state_university,louisiana_state_university__174,Chemical Engineering
louisiana_state_university,louisiana_state_university__175,Chemical Engineering
louisiana_state_university,louisiana_state_university__176,Catalysis
louisiana_state_university,louisiana_state_university__177,Chemical Engineering
louisiana_state_university,louisiana_state_university__177,Process Control
louisiana_state_university,louisiana_state_university__177,Catalysis
louisiana_state_university,louisiana_state_university__178,Chemical Engineering
louisiana_state_university,louisiana_state_university__179,Heat Transfer
louisiana_state_university,louisiana_state_university__180,Chemical Engineering
louisiana_state_university,louisiana_state_university__181,Pipeline
louisiana_state_university,louisiana_state_university__182,Pipeline
louisiana_state_university,louisiana_state_university__183,Chemical Engineering
louisiana_state_university,louisiana_state_university__184,Chemical Manufacturing
louisiana_state_university,louisiana_state_university__185,Chemical Engineering
louisiana_state_university,louisiana_state_university__186,Chemical Engineering
louisiana_state_university,louisiana_state_university__187,Chemical Engineering
louisiana_state_university,louisiana_state_university__188,Electrochemistry
louisiana_state_university,louisiana_state_university__188,Electrochemical
louisiana_state_university,louisiana_state_university__188,Chemical Engineering
louisiana_state_university,louisiana_state_university__188,Corrosion
louisiana_state_university,louisiana_state_university__188,Chemical Synthesis
louisiana_state_university,louisiana_state_university__189,Chemical Engineering
louisiana_state_university,louisiana_state_university__190,Chemical Engineering
louisiana_state_university,louisiana_state_university__190,Catalysis
louisiana_state_university,louisiana_state_university__191,Chemical Engineering
louisiana_state_university,louisiana_state_university__192,Process Control
louisiana_state_university,louisiana_state_university__192,Control Systems
louisiana_state_university,louisiana_state_university__193,Chemical Engineering
louisiana_state_university,louisiana_state_university__194,Chemical Engineering
louisiana_state_university,louisiana_state_university__195,Catalyst
louisiana_state_university,louisiana_state_university__195,Catalysis
louisiana_state_university,louisiana_state_university__196,Chemical Engineering
louisiana_state_university,louisiana_state_university__197,Chemical Engineering
louisiana_state_university,louisiana_state_university__198,Chemical Engineering
louisiana_state_university,louisiana_state_university__199,Chemical Engineering
louisiana_state_university,louisiana_state_university__199,Sustainability
louisiana_state_university,louisiana_state_university__199,CO2 Capture
louisiana_state_university,louisiana_state_university__199,Life Cycle Analysis
louisiana_state_university,louisiana_state_university__200,Chemical Engineering
louisiana_state_university,louisiana_state_university__201,Chemical Engineering
louisiana_state_university,louisiana_state_university__202,Process Safety
louisiana_state_university,louisiana_state_university__203,Chemical Engineering
louisiana_state_university,louisiana_state_university__204,Chemical Engineering
louisiana_state_university,louisiana_state_university__205,Chemical Engineering
louisiana_state_university,louisiana_state_university__206,Heat Transfer
louisiana_state_university,louisiana_state_university__207,Sustainability
louisiana_state_university,louisiana_state_university__208,CCUS
louisiana_state_university,louisiana_state_university__209,Environmental Regulation
louisiana_state_university,louisiana_state_university__210,Resource Management
louisiana_state_university,louisiana_state_university__211,Water Quality
louisiana_state_university,louisiana_state_university__212,Resource Management
louisiana_state_university,louisiana_state_university__213,Resource Management
louisiana_state_university,louisiana_state_university__214,Resource Management
louisiana_state_university,louisiana_state_university__215,Geographic Information Systems
louisiana_state_university,louisiana_state_university__216,Resource Management
louisiana_state_university,louisiana_state_university__216,Water Quality
louisiana_state_university,louisiana_state_university__217,Sustainability
louisiana_state_university,louisiana_state_university__218,Resource Management
louisiana_state_university,louisiana_state_university__219,Resource Management
louisiana_state_university,louisiana_state_university__220,Geographic Information Systems
louisiana_state_university,louisiana_state_university__221,Water Quality
louisiana_state_university,louisiana_state_university__222,Sustainability
louisiana_state_university,louisiana_state_university__223,Sustainability
louisiana_state_university,louisiana_state_university__224,Project Development
louisiana_state_university,louisiana_state_university__225,ESG
louisiana_state_university,louisiana_state_university__225,Sustainability
louisiana_state_university,louisiana_state_university__226,Risk Assessment
morgan_state_university,morgan_state_university__0,Hydrogen
morgan_state_university,morgan_state_university__1,Explosion
morgan_state_university,morgan_state_university__2,Sustainability
morgan_state_university,morgan_state_university__3,Sustainability
morgan_state_university,morgan_state_university__4,Welding
morgan_state_university,morgan_state_university__5,Electrochemical
morgan_state_university,morgan_state_university__6,Electrochemical
morgan_state_university,morgan_state_university__7,Project Management
morgan_state_university,morgan_state_university__8,Sustainability
morgan_state_university,morgan_state_university__9,Material Selection
morgan_state_university,morgan_state_university__10,Sustainability
morgan_state_university,morgan_state_university__11,Catalyst
morgan_state_university,morgan_state_university__11,Sustainability
morgan_state_university,morgan_state_university__12,Geographic Information Systems
morgan_state_university,morgan_state_university__12,Resource Management
morgan_state_university,morgan_state_university__13,Sustainability
morgan_state_university,morgan_state_university__14,Electrochemistry
morgan_state_university,morgan_state_university__15,Electrochemistry
morgan_state_university,morgan_state_university__16,Sustainability
morgan_state_university,morgan_state_university__17,Resource Management
morgan_state_university,morgan_state_university__18,Water Quality
morgan_state_university,morgan_state_university__19,Geographic Information Systems
morgan_state_university,morgan_state_university__20,Construction Management
morgan_state_university,morgan_state_university__21,Automation
morgan_state_university,morgan_state_university__22,Engineering Management
morgan_state_university,morgan_state_university__23,Control Systems
morgan_state_university,morgan_state_university__24,Ion Exchange
morgan_state_university,morgan_state_university__25,Project Management
morgan_state_university,morgan_state_university__26,Water Quality
morgan_state_university,morgan_state_university__27,Risk Assessment
morgan_state_university,morgan_state_university__28,Construction Management
morgan_state_university,morgan_state_university__29,Construction Management
morgan_state_university,morgan_state_university__30,Project Management
morgan_state_university,morgan_state_university__31,Project Management
morgan_state_university,morgan_state_university__32,Construction Management
morgan_state_university,morgan_state_university__33,Predictive Analytics
morgan_state_university,morgan_state_university__34,Resource Management
morgan_state_university,morgan_state_university__35,Control Systems
morgan_state_university,morgan_state_university__36,Resource Management
morgan_state_university,morgan_state_university__37,Resource Management
morgan_state_university,morgan_state_university__38,Water Quality
morgan_state_university,morgan_state_university__39,Sustainability
morgan_state_university,morgan_state_university__40,Geographic Information Systems
morgan_state_university,morgan_state_university__41,Risk Assessment
morgan_state_university,morgan_state_university__42,Project Management
morgan_state_university,morgan_state_university__43,Quality Assurance
morgan_state_university,morgan_state_university__43,Systems Engineering
morgan_state_university,morgan_state_university__44,Project Management
morgan_state_university,morgan_state_university__45,Project Management
morgan_state_university,morgan_state_university__46,Ion Exchange
morgan_state_university,morgan_state_university__47,Sustainability
morgan_state_university,morgan_state_university__48,Systems Engineering
morgan_state_university,morgan_state_university__49,Industrial Safety
morgan_state_university,morgan_state_university__50,Environmental Stewardship
morgan_state_university,morgan_state_university__50,Sustainability
morgan_state_university,morgan_state_university__51,Pipeline
morgan_state_university,morgan_state_university__52,Project Management
morgan_state_university,morgan_state_university__53,Environmental Impact Assessment
morgan_state_university,morgan_state_university__54,Geographic Information Systems
morgan_state_university,morgan_state_university__55,Materials Engineering
morgan_state_university,morgan_state_university__55,Quality Assurance
morgan_state_university,morgan_state_university__55,Welding
morgan_state_university,morgan_state_university__56,Materials Engineering
morgan_state_university,morgan_state_university__57,Resource Management
morgan_state_university,morgan_state_university__58,Resource Management
morgan_state_university,morgan_state_university__59,Process Control
morgan_state_university,morgan_state_university__60,Sustainability
morgan_state_university,morgan_state_university__60,Project Management
morgan_state_university,morgan_state_university__61,Quality Assurance
morgan_state_university,morgan_state_university__62,Risk Assessment
morgan_state_university,morgan_state_university__62,Control Systems
morgan_state_university,morgan_state_university__63,Control Systems
morgan_state_university,morgan_state_university__64,Sustainability
morgan_state_university,morgan_state_university__65,Sustainability
morgan_state_university,morgan_state_university__66,Project Management
morgan_state_university,morgan_state_university__67,Project Development
morgan_state_university,morgan_state_university__68,Predictive Analytics
morgan_state_university,morgan_state_university__69,Quality Assurance
morgan_state_university,morgan_state_university__70,Automation
morgan_state_university,morgan_state_university__70,Process Engineering
morgan_state_university,morgan_state_university__71,Life Cycle Analysis
morgan_state_university,morgan_state_university__71,Systems Engineering
morgan_state_university,morgan_state_university__72,Process Control
morgan_state_university,morgan_state_university__73,Automation
north_carolina_state,north_carolina_state__0,Technical Drawing
north_carolina_state,north_carolina_state__1,Environmental Stewardship
north_carolina_state,north_carolina_state__2,Water Quality
north_carolina_state,north_carolina_state__3,Geographic Information Systems
north_carolina_state,north_carolina_state__4,Geographic Information Systems
north_carolina_state,north_carolina_state__5,Geographic Information Systems
north_carolina_state,north_carolina_state__6,Geographic Information Systems
north_carolina_state,north_carolina_state__7,Geographic Information Systems
north_carolina_state,north_carolina_state__8,Geographic Information Systems
north_carolina_state,north_carolina_state__9,Geographic Information Systems
north_carolina_state,north_carolina_state__10,Sustainability
north_carolina_state,north_carolina_state__11,Sustainability
north_carolina_state,north_carolina_state__12,Sustainability
north_carolina_state,north_carolina_state__13,Life Cycle Analysis
north_carolina_state,north_carolina_state__14,Resource Management
north_carolina_state,north_carolina_state__15,Materials Science
north_carolina_state,north_carolina_state__16,Materials Science
north_carolina_state,north_carolina_state__17,Sustainability
north_carolina_state,north_carolina_state__18,Risk Assessment
north_carolina_state,north_carolina_state__19,Risk Assessment
north_carolina_state,north_carolina_state__20,Sustainability
north_carolina_state,north_carolina_state__21,Risk Assessment
north_carolina_state,north_carolina_state__22,Materials Science
north_carolina_state,north_carolina_state__23,Risk Assessment
north_carolina_state,north_carolina_state__24,Risk Assessment
north_carolina_state,north_carolina_state__25,Resource Management
north_carolina_state,north_carolina_state__26,ProSim
north_carolina_state,north_carolina_state__27,Process Control
north_carolina_state,north_carolina_state__28,Sustainability
north_carolina_state,north_carolina_state__29,Control Systems
north_carolina_state,north_carolina_state__29,Process Control
north_carolina_state,north_carolina_state__30,Process Control
north_carolina_state,north_carolina_state__31,Project Management
north_carolina_state,north_carolina_state__32,Automation
north_carolina_state,north_carolina_state__33,Control Systems
north_carolina_state,north_carolina_state__33,Process Control
north_carolina_state,north_carolina_state__34,Quality Assurance
north_carolina_state,north_carolina_state__35,Process Control
north_carolina_state,north_carolina_state__36,Control Systems
north_carolina_state,north_carolina_state__37,Engineering Drawing
north_carolina_state,north_carolina_state__38,Systems Engineering
north_carolina_state,north_carolina_state__39,Automation
north_carolina_state,north_carolina_state__40,Process Control
north_carolina_state,north_carolina_state__41,Sustainability
north_carolina_state,north_carolina_state__42,Materials Engineering
north_carolina_state,north_carolina_state__43,Control Systems
north_carolina_state,north_carolina_state__43,Process Control
north_carolina_state,north_carolina_state__44,Process Control
north_carolina_state,north_carolina_state__45,Materials Engineering
north_carolina_state,north_carolina_state__46,Process Control
north_carolina_state,north_carolina_state__47,Process Control
north_carolina_state,north_carolina_state__48,Predictive Analytics
north_carolina_state,north_carolina_state__49,Life Cycle Analysis
north_carolina_state,north_carolina_state__50,Heat Transfer
north_carolina_state,north_carolina_state__51,Life Cycle Analysis
north_carolina_state,north_carolina_state__52,Sustainability
north_carolina_state,north_carolina_state__53,ESG
north_carolina_state,north_carolina_state__54,Project Management
north_carolina_state,north_carolina_state__54,Sustainability
north_carolina_state,north_carolina_state__55,Sustainability
north_carolina_state,north_carolina_state__56,Sustainability
north_carolina_state,north_carolina_state__57,Sustainability
north_carolina_state,north_carolina_state__58,Greenhouse Gas Emissions
north_carolina_state,north_carolina_state__59,Geographic Information Systems
north_carolina_state,north_carolina_state__60,Water Quality
north_carolina_state,north_carolina_state__61,Water Quality
north_carolina_state,north_carolina_state__62,Ion Exchange
north_carolina_state,north_carolina_state__63,Geographic Information Systems
north_carolina_state,north_carolina_state__64,Water Quality
north_carolina_state,north_carolina_state__65,Explosion
north_carolina_state,north_carolina_state__65,Risk Assessment
north_carolina_state,north_carolina_state__66,Resource Management
north_carolina_state,north_carolina_state__67,Resource Management
north_carolina_state,north_carolina_state__68,Geographic Information Systems
north_carolina_state,north_carolina_state__69,Energy Policy
north_carolina_state,north_carolina_state__69,Environmental Regulation
north_carolina_state,north_carolina_state__69,Energy Supply
north_carolina_state,north_carolina_state__70,Sustainability
north_carolina_state,north_carolina_state__71,Hydride
north_carolina_state,north_carolina_state__72,Pipeline
north_carolina_state,north_carolina_state__73,Quality Assurance
north_carolina_state,north_carolina_state__74,Process Control
north_carolina_state,north_carolina_state__75,Chemical Synthesis
north_carolina_state,north_carolina_state__75,Catalysis
north_carolina_state,north_carolina_state__75,Sustainability
north_carolina_state,north_carolina_state__76,Chemical Engineering
north_carolina_state,north_carolina_state__77,Heat Transfer
north_carolina_state,north_carolina_state__77,Chemical Engineering
north_carolina_state,north_carolina_state__78,Materials Engineering
north_carolina_state,north_carolina_state__79,Process Engineering
north_carolina_state,north_carolina_state__80,Process Control
north_carolina_state,north_carolina_state__81,Life Cycle Analysis
north_carolina_state,north_carolina_state__82,Life Cycle Analysis
north_carolina_state,north_carolina_state__83,Water Quality
north_carolina_state,north_carolina_state__84,Project Management
north_carolina_state,north_carolina_state__85,Hydrogen
north_carolina_state,north_carolina_state__86,Environmental Stewardship
north_carolina_state,north_carolina_state__87,Sustainability
north_carolina_state,north_carolina_state__88,Resource Management
north_carolina_state,north_carolina_state__89,Resource Management
north_carolina_state,north_carolina_state__90,Sustainability
north_carolina_state,north_carolina_state__91,Sustainability
north_carolina_state,north_carolina_state__92,Geographic Information Systems
north_carolina_state,north_carolina_state__93,Sustainability
north_carolina_state,north_carolina_state__94,Environmental Stewardship
north_carolina_state,north_carolina_state__95,Resource Management
north_carolina_state,north_carolina_state__96,Sustainability
north_carolina_state,north_carolina_state__97,Explosion
north_carolina_state,north_carolina_state__98,Sustainability
north_carolina_state,north_carolina_state__99,Systems Engineering
north_carolina_state,north_carolina_state__100,Systems Engineering
north_carolina_state,north_carolina_state__101,System Optimization
north_carolina_state,north_carolina_state__102,Sustainability
north_carolina_state,north_carolina_state__103,Quality Assurance
north_carolina_state,north_carolina_state__104,Heat Transfer
north_carolina_state,north_carolina_state__105,Control Systems
north_carolina_state,north_carolina_state__106,Heat Transfer
north_carolina_state,north_carolina_state__107,Cryogenic
north_carolina_state,north_carolina_state__108,Materials Science
north_carolina_state,north_carolina_state__109,Heat Transfer
north_carolina_state,north_carolina_state__110,Heat Transfer
north_carolina_state,north_carolina_state__111,Power Generation
north_carolina_state,north_carolina_state__112,Embrittlement
north_carolina_state,north_carolina_state__113,Risk Assessment
north_carolina_state,north_carolina_state__114,Heat Transfer
north_carolina_state,north_carolina_state__115,Heat Transfer
north_carolina_state,north_carolina_state__116,Power Generation
north_carolina_state,north_carolina_state__117,Embrittlement
north_carolina_state,north_carolina_state__118,Risk Assessment
north_carolina_state,north_carolina_state__119,Combustion
north_carolina_state,north_carolina_state__119,Heat Transfer
north_carolina_state,north_carolina_state__120,Cryogenic
north_carolina_state,north_carolina_state__121,Risk Assessment
north_carolina_state,north_carolina_state__122,Energy Market
north_carolina_state,north_carolina_state__123,Geographic Information Systems
north_carolina_state,north_carolina_state__124,Resource Management
north_carolina_state,north_carolina_state__125,Water Quality
north_carolina_state,north_carolina_state__126,Water Quality
north_carolina_state,north_carolina_state__127,Resource Management
north_carolina_state,north_carolina_state__128,Environmental Impact Assessment
north_carolina_state,north_carolina_state__129,Quality Assurance
north_carolina_state,north_carolina_state__130,Hydride
north_carolina_state,north_carolina_state__131,Resource Management
north_carolina_state,north_carolina_state__132,Resource Management
north_carolina_state,north_carolina_state__132,Sustainability
north_carolina_state,north_carolina_state__133,Water Quality
north_carolina_state,north_carolina_state__134,Water Quality
north_carolina_state,north_carolina_state__135,Resource Management
north_carolina_state,north_carolina_state__136,Project Management
north_carolina_state,north_carolina_state__137,Project Management
north_carolina_state,north_carolina_state__138,Systems Engineering
north_carolina_state,north_carolina_state__139,Heat Transfer
north_carolina_state,north_carolina_state__139,Project Management
north_carolina_state,north_carolina_state__140,Systems Engineering
north_carolina_state,north_carolina_state__141,Systems Engineering
north_carolina_state,north_carolina_state__142,Systems Engineering
north_carolina_state,north_carolina_state__143,Heat Transfer
north_carolina_state,north_carolina_state__144,Catalyst
north_carolina_state,north_carolina_state__145,Sustainability
north_carolina_state,north_carolina_state__146,Pipeline
north_carolina_state,north_carolina_state__147,Water Quality
north_carolina_state,north_carolina_state__148,Materials Science
north_carolina_state,north_carolina_state__149,Materials Science
north_carolina_state,north_carolina_state__150,Embrittlement
north_carolina_state,north_carolina_state__151,Materials Engineering
north_carolina_state,north_carolina_state__152,Welding
north_carolina_state,north_carolina_state__153,Materials Science
north_carolina_state,north_carolina_state__154,Materials Science
north_carolina_state,north_carolina_state__155,Electrochemical
north_carolina_state,north_carolina_state__155,Corrosion
north_carolina_state,north_carolina_state__156,Materials Engineering
north_carolina_state,north_carolina_state__157,Materials Engineering
north_carolina_state,north_carolina_state__158,Materials Science
north_carolina_state,north_carolina_state__159,Embrittlement
north_carolina_state,north_carolina_state__160,Corrosion
north_carolina_state,north_carolina_state__161,Welding
north_carolina_state,north_carolina_state__162,Materials Science
north_carolina_state,north_carolina_state__163,Electrochemical
north_carolina_state,north_carolina_state__163,Corrosion
north_carolina_state,north_carolina_state__164,Materials Science
north_carolina_state,north_carolina_state__165,Materials Science
north_carolina_state,north_carolina_state__166,Materials Science
north_carolina_state,north_carolina_state__167,Materials Science
north_carolina_state,north_carolina_state__168,Corrosion
north_carolina_state,north_carolina_state__169,Materials Science
north_carolina_state,north_carolina_state__170,Materials Science
north_carolina_state,north_carolina_state__171,Materials Science
north_carolina_state,north_carolina_state__172,Materials Science
north_carolina_state,north_carolina_state__173,Heat Transfer
north_carolina_state,north_carolina_state__174,ESG
north_carolina_state,north_carolina_state__175,System Optimization
north_carolina_state,north_carolina_state__176,ESG
north_carolina_state,north_carolina_state__177,System Optimization
north_carolina_state,north_carolina_state__178,Heat Transfer
north_carolina_state,north_carolina_state__179,Combustion
north_carolina_state,north_carolina_state__180,Heat Transfer
north_carolina_state,north_carolina_state__181,Pressure Vessel
north_carolina_state,north_carolina_state__182,Environmental Regulation
north_carolina_state,north_carolina_state__183,Gas Turbine
north_carolina_state,north_carolina_state__184,Combustion
north_carolina_state,north_carolina_state__185,Welding
north_carolina_state,north_carolina_state__185,Electrochemical
north_carolina_state,north_carolina_state__185,Process Control
north_carolina_state,north_carolina_state__186,Heat Transfer
north_carolina_state,north_carolina_state__186,Compressors
north_carolina_state,north_carolina_state__187,Heat Transfer
north_carolina_state,north_carolina_state__188,Control Systems
north_carolina_state,north_carolina_state__189,Gas Turbine
north_carolina_state,north_carolina_state__190,Heat Transfer
north_carolina_state,north_carolina_state__191,Control Systems
north_carolina_state,north_carolina_state__192,Systems Engineering
north_carolina_state,north_carolina_state__193,Combustion
north_carolina_state,north_carolina_state__194,Heat Transfer
north_carolina_state,north_carolina_state__195,Fuel Cell
north_carolina_state,north_carolina_state__195,Combustion
north_carolina_state,north_carolina_state__196,Process Control
north_carolina_state,north_carolina_state__197,Control Systems
north_carolina_state,north_carolina_state__198,Materials Science
north_carolina_state,north_carolina_state__199,Pressure Vessel
north_carolina_state,north_carolina_state__200,Heat Transfer
north_carolina_state,north_carolina_state__201,Chemical Engineering
north_carolina_state,north_carolina_state__202,Heat Transfer
north_carolina_state,north_carolina_state__203,Combustion
north_carolina_state,north_carolina_state__204,Heat Transfer
north_carolina_state,north_carolina_state__205,Heat Transfer
north_carolina_state,north_carolina_state__206,Heat Transfer
north_carolina_state,north_carolina_state__207,Heat Transfer
north_carolina_state,north_carolina_state__208,Combustion
north_carolina_state,north_carolina_state__209,Water Quality
north_carolina_state,north_carolina_state__210,Water Quality
north_carolina_state,north_carolina_state__211,Heat Transfer
north_carolina_state,north_carolina_state__212,Risk Assessment
north_carolina_state,north_carolina_state__213,Risk Assessment
north_carolina_state,north_carolina_state__214,Risk Assessment
north_carolina_state,north_carolina_state__215,Resource Management
north_carolina_state,north_carolina_state__216,Resource Management
north_carolina_state,north_carolina_state__217,Systems Engineering
north_carolina_state,north_carolina_state__218,Automation
north_carolina_state,north_carolina_state__219,Automation
north_carolina_state,north_carolina_state__220,Systems Engineering
north_carolina_state,north_carolina_state__221,Systems Engineering
north_carolina_state,north_carolina_state__222,Systems Engineering
north_carolina_state,north_carolina_state__223,Risk Assessment
north_carolina_state,north_carolina_state__224,Process Engineering
north_carolina_state,north_carolina_state__225,Systems Engineering
north_carolina_state,north_carolina_state__226,Systems Engineering
north_carolina_state,north_carolina_state__227,Resource Management
north_carolina_state,north_carolina_state__227,Control Systems
north_carolina_state,north_carolina_state__228,Control Systems
north_carolina_state,north_carolina_state__229,Process Engineering
north_carolina_state,north_carolina_state__230,Systems Engineering
north_carolina_state,north_carolina_state__231,Risk Assessment
north_carolina_state,north_carolina_state__231,Process Safety
north_carolina_state,north_carolina_state__232,Process Control
north_carolina_state,north_carolina_state__233,System Optimization
north_carolina_state,north_carolina_state__234,Systems Engineering
north_carolina_state,north_carolina_state__235,System Optimization
north_carolina_state,north_carolina_state__236,Control Systems
north_carolina_state,north_carolina_state__237,Material Selection
north_carolina_state,north_carolina_state__238,Sustainability
north_carolina_state,north_carolina_state__239,Sustainability
north_carolina_state,north_carolina_state__240,Greenhouse Gas Emissions
north_carolina_state,north_carolina_state__241,Sustainability
north_carolina_state,north_carolina_state__242,Sustainability
north_carolina_state,north_carolina_state__243,Equipment Maintenance
north_carolina_state,north_carolina_state__244,Risk Assessment
north_carolina_state,north_carolina_state__245,Resource Management
north_carolina_state,north_carolina_state__245,Sustainability
north_carolina_state,north_carolina_state__246,Water Quality
north_carolina_state,north_carolina_state__247,Sustainability
north_carolina_state,north_carolina_state__248,Process Engineering
north_carolina_state,north_carolina_state__248,Heat Transfer
north_carolina_state,north_carolina_state__249,Process Control
north_carolina_state,north_carolina_state__250,Sustainability
north_carolina_state,north_carolina_state__251,Resource Management
north_carolina_state,north_carolina_state__252,Process Control
north_carolina_state,north_carolina_state__253,Risk Assessment
north_carolina_state,north_carolina_state__254,Sustainability
north_carolina_state,north_carolina_state__255,Resource Management
north_carolina_state,north_carolina_state__256,Water Quality
north_carolina_state,north_carolina_state__257,Sustainability
north_carolina_state,north_carolina_state__258,Heat Transfer
north_carolina_state,north_carolina_state__259,Water Quality
north_carolina_state,north_carolina_state__260,Water Quality
north_carolina_state,north_carolina_state__261,Chemical Engineering
north_carolina_state,north_carolina_state__262,Biofuels
north_carolina_state,north_carolina_state__263,Resource Management
north_carolina_state,north_carolina_state__264,Quality Assurance
north_carolina_state,north_carolina_state__265,Quality Assurance
north_carolina_state,north_carolina_state__266,Quality Assurance
north_carolina_state,north_carolina_state__267,Quality Assurance
north_carolina_state,north_carolina_state__268,Quality Assurance
north_carolina_state,north_carolina_state__269,Quality Assurance
north_carolina_state,north_carolina_state__270,Sustainability
north_carolina_state,north_carolina_state__271,Sustainability
north_carolina_state,north_carolina_state__272,Resource Management
north_carolina_state,north_carolina_state__273,Water Quality
north_carolina_state,north_carolina_state__274,Water Quality
north_carolina_state,north_carolina_state__275,Project Management
north_carolina_state,north_carolina_state__276,Automation
north_carolina_state,north_carolina_state__277,Resource Management
north_carolina_state,north_carolina_state__278,Sustainability
north_carolina_state,north_carolina_state__279,Sustainability
north_carolina_state,north_carolina_state__280,Environmental Regulation
north_carolina_state,north_carolina_state__281,Renewable Energy
north_carolina_state,north_carolina_state__281,Biofuels
north_carolina_state,north_carolina_state__282,Water Quality
north_carolina_state,north_carolina_state__283,Power Generation
north_carolina_state,north_carolina_state__284,Renewable Energy
north_carolina_state,north_carolina_state__285,Resource Management
north_carolina_state,north_carolina_state__285,Project Management
north_carolina_state,north_carolina_state__286,Hazard Identification
north_carolina_state,north_carolina_state__286,Risk Assessment
north_carolina_state,north_carolina_state__287,Quality Assurance
north_carolina_state,north_carolina_state__288,Water Quality
north_carolina_state,north_carolina_state__289,Risk Assessment
north_carolina_state,north_carolina_state__290,Renewable Energy
north_carolina_state,north_carolina_state__290,Energy Policy
north_carolina_state,north_carolina_state__291,Renewable Energy
north_carolina_state,north_carolina_state__291,Power Generation
north_carolina_state,north_carolina_state__292,Sustainability
north_carolina_state,north_carolina_state__293,Renewable Energy
north_carolina_state,north_carolina_state__293,Clean Energy
north_carolina_state,north_carolina_state__294,Resource Management
north_carolina_state,north_carolina_state__295,Resource Management
north_carolina_state,north_carolina_state__296,Process Control
north_carolina_state,north_carolina_state__297,Environmental Regulation
north_carolina_state,north_carolina_state__298,Sustainability
north_carolina_state,north_carolina_state__299,Heat Transfer
north_carolina_state,north_carolina_state__300,Resource Management
north_carolina_state,north_carolina_state__301,Sustainability
north_carolina_state,north_carolina_state__302,Resource Management
north_carolina_state,north_carolina_state__303,Explosion
north_carolina_state,north_carolina_state__304,Control Systems
north_carolina_state,north_carolina_state__305,Fuel Cell
north_carolina_state,north_carolina_state__306,Control Systems
north_carolina_state,north_carolina_state__307,Fuel Cell
north_carolina_state,north_carolina_state__307,Renewable Energy
north_carolina_state,north_carolina_state__307,Power Generation
north_carolina_state,north_carolina_state__308,Project Development
north_carolina_state,north_carolina_state__309,Project Management
north_carolina_state,north_carolina_state__310,Electrochemistry
north_carolina_state,north_carolina_state__311,Control Systems
north_carolina_state,north_carolina_state__312,Fuel Cell
north_carolina_state,north_carolina_state__312,Renewable Energy
north_carolina_state,north_carolina_state__312,Power Generation
north_carolina_state,north_carolina_state__313,Project Development
north_carolina_state,north_carolina_state__314,Automation
north_carolina_state,north_carolina_state__315,Project Management
north_carolina_state,north_carolina_state__315,Systems Engineering
north_carolina_state,north_carolina_state__316,Systems Engineering
north_carolina_state,north_carolina_state__317,Pipeline
north_carolina_state,north_carolina_state__318,Sustainability
north_carolina_state,north_carolina_state__319,Water Quality
north_carolina_state,north_carolina_state__320,Sustainability
north_carolina_state,north_carolina_state__321,Water Quality
north_carolina_state,north_carolina_state__322,Resource Management
north_carolina_state,north_carolina_state__323,Chemical Engineering
north_carolina_state,north_carolina_state__324,Chemical Engineering
north_carolina_state,north_carolina_state__325,Heat Transfer
north_carolina_state,north_carolina_state__326,Chemical Engineering
north_carolina_state,north_carolina_state__327,Heat Transfer
north_carolina_state,north_carolina_state__327,Chemical Engineering
north_carolina_state,north_carolina_state__328,Chemical Engineering
north_carolina_state,north_carolina_state__329,Chemical Engineering
north_carolina_state,north_carolina_state__330,Chemical Engineering
north_carolina_state,north_carolina_state__331,Automation
north_carolina_state,north_carolina_state__332,Project Management
north_carolina_state,north_carolina_state__333,Project Management
north_carolina_state,north_carolina_state__334,Resource Management
north_carolina_state,north_carolina_state__335,Quality Assurance
north_carolina_state,north_carolina_state__335,Project Management
north_carolina_state,north_carolina_state__336,Chemical Engineering
north_carolina_state,north_carolina_state__337,Chemical Engineering
north_carolina_state,north_carolina_state__338,Chemical Engineering
north_carolina_state,north_carolina_state__339,Life Cycle Analysis
north_carolina_state,north_carolina_state__340,Chemical Engineering
north_carolina_state,north_carolina_state__341,Chemical Engineering
north_carolina_state,north_carolina_state__342,Chemical Engineering
north_carolina_state,north_carolina_state__343,Chemical Engineering
north_carolina_state,north_carolina_state__344,Chemical Engineering
north_carolina_state,north_carolina_state__345,Chemical Engineering
north_carolina_state,north_carolina_state__346,Chemical Engineering
north_carolina_state,north_carolina_state__347,Project Management
north_carolina_state,north_carolina_state__347,Control Systems
north_carolina_state,north_carolina_state__348,Project Management
north_carolina_state,north_carolina_state__349,Risk Assessment
north_carolina_state,north_carolina_state__350,Pipeline
north_carolina_state,north_carolina_state__351,Chemical Engineering
north_carolina_state,north_carolina_state__352,Life Cycle Analysis
north_carolina_state,north_carolina_state__353,Catalyst
north_carolina_state,north_carolina_state__353,Catalysis
north_carolina_state,north_carolina_state__354,Chemical Engineering
north_carolina_state,north_carolina_state__355,Chemical Engineering
north_carolina_state,north_carolina_state__356,Chemical Engineering
north_carolina_state,north_carolina_state__357,Chemical Engineering
north_carolina_state,north_carolina_state__358,Chemical Engineering
north_carolina_state,north_carolina_state__359,Chemical Engineering
north_carolina_state,north_carolina_state__360,Chemical Engineering
north_carolina_state,north_carolina_state__361,Resource Management
north_carolina_state,north_carolina_state__362,Resource Management
north_carolina_state,north_carolina_state__363,Resource Management
north_carolina_state,north_carolina_state__364,Supply Chain Logistics
north_carolina_state,north_carolina_state__365,Resource Management
north_carolina_state,north_carolina_state__365,Sustainability
north_carolina_state,north_carolina_state__366,Predictive Analytics
north_carolina_state,north_carolina_state__367,Heat Transfer
north_carolina_state,north_carolina_state__368,Resource Management
north_carolina_state,north_carolina_state__369,Pipeline
north_carolina_state,north_carolina_state__370,Project Management
north_carolina_state,north_carolina_state__371,Pipeline
north_carolina_state,north_carolina_state__372,Catalysis
north_carolina_state,north_carolina_state__372,Electrochemical
north_carolina_state,north_carolina_state__373,Chemical Engineering
north_carolina_state,north_carolina_state__374,Chemical Engineering
north_carolina_state,north_carolina_state__375,Chemical Engineering
north_carolina_state,north_carolina_state__376,Sustainability
north_carolina_state,north_carolina_state__376,Sustainability Reporting
north_carolina_state,north_carolina_state__377,Resource Management
north_carolina_state,north_carolina_state__377,Control Systems
north_carolina_state,north_carolina_state__378,Automation
north_carolina_state,north_carolina_state__379,Sustainability
north_carolina_state,north_carolina_state__380,Resource Management
north_carolina_state,north_carolina_state__381,Automation
north_carolina_state,north_carolina_state__382,Quality Assurance
north_carolina_state,north_carolina_state__383,Quality Assurance
north_carolina_state,north_carolina_state__384,Catalyst
north_carolina_state,north_carolina_state__384,Catalysis
north_carolina_state,north_carolina_state__385,Automation
north_carolina_state,north_carolina_state__386,Process Control
north_carolina_state,north_carolina_state__387,Electrochemistry
north_carolina_state,north_carolina_state__388,Electrochemical
north_carolina_state,north_carolina_state__389,Materials Science
north_carolina_state,north_carolina_state__390,Materials Science
north_carolina_state,north_carolina_state__390,Materials Engineering
north_carolina_state,north_carolina_state__391,Heat Transfer
north_carolina_state,north_carolina_state__392,Electrochemical
north_carolina_state,north_carolina_state__393,Electrochemical
north_carolina_state,north_carolina_state__394,Electrochemistry
north_carolina_state,north_carolina_state__395,Chemical Synthesis
north_carolina_state,north_carolina_state__395,Catalysis
north_carolina_state,north_carolina_state__395,Sustainability
north_carolina_state,north_carolina_state__396,Electrochemical
north_carolina_state,north_carolina_state__397,Catalysis
north_carolina_state,north_carolina_state__398,Control Systems
north_carolina_state,north_carolina_state__399,Materials Engineering
north_carolina_state,north_carolina_state__400,Project Management
north_carolina_state,north_carolina_state__401,Risk Assessment
north_carolina_state,north_carolina_state__402,Electrochemistry
north_carolina_state,north_carolina_state__403,Pressure Vessel
north_carolina_state,north_carolina_state__404,Sustainability
north_carolina_state,north_carolina_state__405,Project Management
north_carolina_state,north_carolina_state__405,Sustainability
north_carolina_state,north_carolina_state__406,Materials Engineering
north_carolina_state,north_carolina_state__407,Materials Science
north_carolina_state,north_carolina_state__408,Control Systems
north_carolina_state,north_carolina_state__409,Sustainability
north_carolina_state,north_carolina_state__410,Systems Engineering
north_carolina_state,north_carolina_state__411,Control Systems
north_carolina_state,north_carolina_state__412,Control Systems
north_carolina_state,north_carolina_state__413,Renewable Energy
north_carolina_state,north_carolina_state__414,Greenhouse Gas Emissions
north_carolina_state,north_carolina_state__415,Risk Assessment
north_carolina_state,north_carolina_state__416,Systems Engineering
north_carolina_state,north_carolina_state__417,Control Systems
north_carolina_state,north_carolina_state__418,Corrosion
north_carolina_state,north_carolina_state__419,Project Management
north_carolina_state,north_carolina_state__420,Project Management
north_carolina_state,north_carolina_state__421,Risk Assessment
north_carolina_state,north_carolina_state__422,Renewable Energy
north_carolina_state,north_carolina_state__423,Greenhouse Gas Emissions
north_carolina_state,north_carolina_state__424,Risk Assessment
north_carolina_state,north_carolina_state__425,Water Quality
north_carolina_state,north_carolina_state__426,Liquefaction
north_carolina_state,north_carolina_state__427,Water Quality
north_carolina_state,north_carolina_state__428,Risk Assessment
north_carolina_state,north_carolina_state__429,Water Quality
north_carolina_state,north_carolina_state__430,Heat Transfer
north_carolina_state,north_carolina_state__431,Project Management
north_carolina_state,north_carolina_state__432,Project Management
north_carolina_state,north_carolina_state__433,Equipment Maintenance
north_carolina_state,north_carolina_state__434,Engineering Drawing
north_carolina_state,north_carolina_state__435,Process Engineering
north_carolina_state,north_carolina_state__436,Water Quality
north_carolina_state,north_carolina_state__437,Catalysis
north_carolina_state,north_carolina_state__437,Electrochemistry
north_carolina_state,north_carolina_state__438,Water Quality
north_carolina_state,north_carolina_state__439,Heat Transfer
north_carolina_state,north_carolina_state__439,Material Selection
north_carolina_state,north_carolina_state__440,Sustainability
north_carolina_state,north_carolina_state__441,Water Quality
north_carolina_state,north_carolina_state__442,Hydrogen
north_carolina_state,north_carolina_state__442,Renewable Energy
north_carolina_state,north_carolina_state__443,Geographic Information Systems
north_carolina_state,north_carolina_state__444,Water Quality
north_carolina_state,north_carolina_state__445,Water Quality
north_carolina_state,north_carolina_state__446,Sustainability
north_carolina_state,north_carolina_state__447,Catalysis
north_carolina_state,north_carolina_state__448,Project Management
north_carolina_state,north_carolina_state__449,Resource Management
north_carolina_state,north_carolina_state__450,Water Quality
north_carolina_state,north_carolina_state__451,Water Quality
north_carolina_state,north_carolina_state__452,Project Development
north_carolina_state,north_carolina_state__453,Project Development
north_carolina_state,north_carolina_state__454,Water Quality
north_carolina_state,north_carolina_state__455,Water Quality
north_carolina_state,north_carolina_state__456,Sustainability
north_carolina_state,north_carolina_state__457,Sustainability
north_carolina_state,north_carolina_state__458,Sustainability
north_carolina_state,north_carolina_state__459,Resource Management
north_carolina_state,north_carolina_state__460,Control Systems
north_carolina_state,north_carolina_state__461,Sustainability
north_carolina_state,north_carolina_state__462,Renewable Energy
north_carolina_state,north_carolina_state__463,Sustainability
north_carolina_state,north_carolina_state__464,Sustainability
north_carolina_state,north_carolina_state__465,Sustainability
north_carolina_state,north_carolina_state__466,Project Management
north_carolina_state,north_carolina_state__467,Sustainability
north_carolina_state,north_carolina_state__467,Environmental Regulation
north_carolina_state,north_carolina_state__468,Resource Management
north_carolina_state,north_carolina_state__469,Resource Management
north_carolina_state,north_carolina_state__470,Automation
north_carolina_state,north_carolina_state__471,Risk Assessment
north_carolina_state,north_carolina_state__472,Project Management
oklahoma_state,oklahoma_state__0,Electrochemistry
oklahoma_state,oklahoma_state__1,Electrochemistry
oklahoma_state,oklahoma_state__2,Electrochemistry
oklahoma_state,oklahoma_state__3,Chemical Engineering
oklahoma_state,oklahoma_state__3,Power Generation
oklahoma_state,oklahoma_state__4,Chemical Engineering
oklahoma_state,oklahoma_state__4,Process Engineering
oklahoma_state,oklahoma_state__5,Chemical Engineering
oklahoma_state,oklahoma_state__6,Heat Transfer
oklahoma_state,oklahoma_state__7,Chemical Engineering
oklahoma_state,oklahoma_state__8,Chemical Engineering
oklahoma_state,oklahoma_state__9,Chemical Engineering
oklahoma_state,oklahoma_state__10,Chemical Engineering
oklahoma_state,oklahoma_state__11,Chemical Engineering
oklahoma_state,oklahoma_state__12,Catalyst
oklahoma_state,oklahoma_state__12,Catalysis
oklahoma_state,oklahoma_state__12,Chemical Engineering
oklahoma_state,oklahoma_state__13,Chemical Engineering
oklahoma_state,oklahoma_state__14,Process Engineering
oklahoma_state,oklahoma_state__15,Chemical Synthesis
oklahoma_state,oklahoma_state__16,Catalysis
oklahoma_state,oklahoma_state__17,Catalysis
oklahoma_state,oklahoma_state__18,Chemical Engineering
oklahoma_state,oklahoma_state__18,Electrochemistry
oklahoma_state,oklahoma_state__18,Electrochemical
oklahoma_state,oklahoma_state__19,Environmental Regulation
oklahoma_state,oklahoma_state__20,Process Control
oklahoma_state,oklahoma_state__20,Catalysis
oklahoma_state,oklahoma_state__20,Materials Science
oklahoma_state,oklahoma_state__21,Chemical Engineering
oklahoma_state,oklahoma_state__22,Chemical Engineering
oklahoma_state,oklahoma_state__23,ANSYS
oklahoma_state,oklahoma_state__24,Chemical Engineering
oklahoma_state,oklahoma_state__25,Chemical Engineering
oklahoma_state,oklahoma_state__26,Catalysis
oklahoma_state,oklahoma_state__27,Catalyst
oklahoma_state,oklahoma_state__27,Catalysis
oklahoma_state,oklahoma_state__27,Chemical Engineering
oklahoma_state,oklahoma_state__28,Chemical Engineering
oklahoma_state,oklahoma_state__28,Ion Exchange
oklahoma_state,oklahoma_state__29,Materials Science
oklahoma_state,oklahoma_state__30,Process Engineering
oklahoma_state,oklahoma_state__31,Chemical Engineering
oklahoma_state,oklahoma_state__31,Electrochemistry
oklahoma_state,oklahoma_state__31,Electrochemical
oklahoma_state,oklahoma_state__32,Process Simulation
oklahoma_state,oklahoma_state__33,Process Control
oklahoma_state,oklahoma_state__33,Catalysis
oklahoma_state,oklahoma_state__33,Materials Science
oklahoma_state,oklahoma_state__34,Chemical Engineering
oklahoma_state,oklahoma_state__35,Chemical Engineering
oklahoma_state,oklahoma_state__36,Catalyst
oklahoma_state,oklahoma_state__36,Catalysis
oklahoma_state,oklahoma_state__37,Control Systems
oklahoma_state,oklahoma_state__38,Chemical Engineering
oklahoma_state,oklahoma_state__39,ANSYS
oklahoma_state,oklahoma_state__40,Chemical Engineering
oklahoma_state,oklahoma_state__41,Process Control
oklahoma_state,oklahoma_state__42,Process Control
oklahoma_state,oklahoma_state__43,Chemical Engineering
oklahoma_state,oklahoma_state__44,Chemical Engineering
oklahoma_state,oklahoma_state__45,Chemical Engineering
oklahoma_state,oklahoma_state__46,Chemical Engineering
oklahoma_state,oklahoma_state__47,Chemical Engineering
oklahoma_state,oklahoma_state__48,Chemical Engineering
oklahoma_state,oklahoma_state__49,Chemical Engineering
oklahoma_state,oklahoma_state__50,Project Management
oklahoma_state,oklahoma_state__51,Project Management
oklahoma_state,oklahoma_state__52,Construction Management
oklahoma_state,oklahoma_state__53,Sustainability
oklahoma_state,oklahoma_state__54,Control Systems
oklahoma_state,oklahoma_state__55,Biofuels
oklahoma_state,oklahoma_state__56,Electrochemistry
oklahoma_state,oklahoma_state__57,Risk Assessment
oklahoma_state,oklahoma_state__58,Risk Assessment
oklahoma_state,oklahoma_state__59,Project Management
oklahoma_state,oklahoma_state__60,Catalysis
oklahoma_state,oklahoma_state__61,Construction Management
oklahoma_state,oklahoma_state__62,Sustainability
oklahoma_state,oklahoma_state__63,Control Systems
oklahoma_state,oklahoma_state__64,Risk Assessment
oklahoma_state,oklahoma_state__65,Risk Assessment
oklahoma_state,oklahoma_state__66,Heat Transfer
oklahoma_state,oklahoma_state__67,Resource Management
oklahoma_state,oklahoma_state__68,Quality Assurance
oklahoma_state,oklahoma_state__69,Resource Management
oklahoma_state,oklahoma_state__70,Systems Engineering
oklahoma_state,oklahoma_state__71,Systems Engineering
oklahoma_state,oklahoma_state__72,Systems Engineering
oklahoma_state,oklahoma_state__73,Systems Engineering
oklahoma_state,oklahoma_state__74,Water Quality
oklahoma_state,oklahoma_state__75,Geographic Information Systems
oklahoma_state,oklahoma_state__75,Project Management
oklahoma_state,oklahoma_state__76,Automation
oklahoma_state,oklahoma_state__77,Resource Management
oklahoma_state,oklahoma_state__78,Control Systems
oklahoma_state,oklahoma_state__79,Control Systems
oklahoma_state,oklahoma_state__80,Risk Assessment
oklahoma_state,oklahoma_state__81,Catalysis
oklahoma_state,oklahoma_state__82,Systems Engineering
oklahoma_state,oklahoma_state__83,Systems Engineering
oklahoma_state,oklahoma_state__84,Process Engineering
oklahoma_state,oklahoma_state__85,Water Quality
oklahoma_state,oklahoma_state__86,Systems Engineering
oklahoma_state,oklahoma_state__87,Systems Engineering
oklahoma_state,oklahoma_state__88,Port Infrastructure
oklahoma_state,oklahoma_state__89,Systems Engineering
oklahoma_state,oklahoma_state__90,Renewable Energy
oklahoma_state,oklahoma_state__91,Biofuels
oklahoma_state,oklahoma_state__92,Process Engineering
oklahoma_state,oklahoma_state__93,Water Quality
oklahoma_state,oklahoma_state__94,Water Quality
oklahoma_state,oklahoma_state__95,Risk Assessment
oklahoma_state,oklahoma_state__96,Water Quality
oklahoma_state,oklahoma_state__97,Systems Engineering
oklahoma_state,oklahoma_state__98,Biomass Gasification
oklahoma_state,oklahoma_state__98,Liquefaction
oklahoma_state,oklahoma_state__98,Catalysis
oklahoma_state,oklahoma_state__99,Cryogenic
oklahoma_state,oklahoma_state__100,Resource Management
oklahoma_state,oklahoma_state__101,Risk Assessment
oklahoma_state,oklahoma_state__102,Water Quality
oklahoma_state,oklahoma_state__103,Ion Exchange
oklahoma_state,oklahoma_state__104,Ion Exchange
oklahoma_state,oklahoma_state__105,Water Quality
oklahoma_state,oklahoma_state__106,Sustainability
oklahoma_state,oklahoma_state__107,Explosion
oklahoma_state,oklahoma_state__108,Risk Assessment
oklahoma_state,oklahoma_state__109,Sustainability
oklahoma_state,oklahoma_state__110,Quality Assurance
oklahoma_state,oklahoma_state__111,Resource Management
oklahoma_state,oklahoma_state__112,Environmental Regulation
oklahoma_state,oklahoma_state__113,Risk Assessment
oklahoma_state,oklahoma_state__114,Automation
oklahoma_state,oklahoma_state__115,Heat Transfer
oklahoma_state,oklahoma_state__116,Pipeline
oklahoma_state,oklahoma_state__117,Corrosion
oklahoma_state,oklahoma_state__118,Hydrogen
oklahoma_state,oklahoma_state__119,Sustainability
oklahoma_state,oklahoma_state__120,Resource Management
oklahoma_state,oklahoma_state__121,Sustainability
oklahoma_state,oklahoma_state__122,Geographic Information Systems
oklahoma_state,oklahoma_state__123,Resource Management
oklahoma_state,oklahoma_state__124,Geographic Information Systems
oklahoma_state,oklahoma_state__125,Water Quality
oklahoma_state,oklahoma_state__126,Resource Management
oklahoma_state,oklahoma_state__127,Resource Management
oklahoma_state,oklahoma_state__128,Water Quality
oklahoma_state,oklahoma_state__129,Geographic Information Systems
oklahoma_state,oklahoma_state__130,Sustainability
oklahoma_state,oklahoma_state__130,Resource Management
oklahoma_state,oklahoma_state__131,Resource Management
oklahoma_state,oklahoma_state__132,Water Quality
oklahoma_state,oklahoma_state__133,Resource Management
oklahoma_state,oklahoma_state__134,Biofuels
oklahoma_state,oklahoma_state__135,Control Systems
oklahoma_state,oklahoma_state__136,Control Systems
oklahoma_state,oklahoma_state__137,Control Systems
oklahoma_state,oklahoma_state__138,Quality Assurance
oklahoma_state,oklahoma_state__139,Engineering Drawing
oklahoma_state,oklahoma_state__140,Engineering Drawing
oklahoma_state,oklahoma_state__140,Technical Drawing
oklahoma_state,oklahoma_state__141,Material Selection
oklahoma_state,oklahoma_state__142,Engineering Drawing
oklahoma_state,oklahoma_state__143,Heat Transfer
oklahoma_state,oklahoma_state__144,Project Management
oklahoma_state,oklahoma_state__145,Project Management
oklahoma_state,oklahoma_state__146,Project Management
oklahoma_state,oklahoma_state__147,Project Management
oklahoma_state,oklahoma_state__148,Combustion
oklahoma_state,oklahoma_state__148,Control Systems
oklahoma_state,oklahoma_state__149,Sustainability
oklahoma_state,oklahoma_state__150,Materials Science
oklahoma_state,oklahoma_state__151,Electrochemical
oklahoma_state,oklahoma_state__152,Materials Science
oklahoma_state,oklahoma_state__153,Materials Science
oklahoma_state,oklahoma_state__154,Chemical Engineering
oklahoma_state,oklahoma_state__154,Materials Science
oklahoma_state,oklahoma_state__155,Solid Oxide
oklahoma_state,oklahoma_state__155,Fuel Cell
oklahoma_state,oklahoma_state__156,Electrochemical
oklahoma_state,oklahoma_state__157,Material Selection
oklahoma_state,oklahoma_state__158,Control Systems
oklahoma_state,oklahoma_state__159,Combustion
oklahoma_state,oklahoma_state__159,Control Systems
oklahoma_state,oklahoma_state__160,Chemical Engineering
oklahoma_state,oklahoma_state__160,Materials Engineering
oklahoma_state,oklahoma_state__161,Sustainability
oklahoma_state,oklahoma_state__162,Corrosion
oklahoma_state,oklahoma_state__163,Electrochemistry
oklahoma_state,oklahoma_state__164,Materials Science
oklahoma_state,oklahoma_state__165,Combustion
oklahoma_state,oklahoma_state__166,Heat Transfer
oklahoma_state,oklahoma_state__167,Control Systems
oklahoma_state,oklahoma_state__168,Combustion
oklahoma_state,oklahoma_state__168,Compressors
oklahoma_state,oklahoma_state__169,Renewable Energy
oklahoma_state,oklahoma_state__170,Corrosion
oklahoma_state,oklahoma_state__171,Corrosion
oklahoma_state,oklahoma_state__172,Compressors
oklahoma_state,oklahoma_state__173,Materials Science
oklahoma_state,oklahoma_state__174,Heat Transfer
oklahoma_state,oklahoma_state__175,Combustion
oklahoma_state,oklahoma_state__176,Compressors
oklahoma_state,oklahoma_state__177,Control Systems
oklahoma_state,oklahoma_state__178,Heat Transfer
oklahoma_state,oklahoma_state__179,Corrosion
oklahoma_state,oklahoma_state__180,ESG
oklahoma_state,oklahoma_state__181,Cryogenic
oklahoma_state,oklahoma_state__181,Compressors
oklahoma_state,oklahoma_state__182,Heat Transfer
oklahoma_state,oklahoma_state__183,Electrochemistry
oklahoma_state,oklahoma_state__184,Control Systems
oklahoma_state,oklahoma_state__185,Heat Transfer
oklahoma_state,oklahoma_state__186,Heat Transfer
oklahoma_state,oklahoma_state__187,Heat Transfer
oklahoma_state,oklahoma_state__188,Heat Transfer
oklahoma_state,oklahoma_state__189,Heat Transfer
oklahoma_state,oklahoma_state__190,Systems Engineering
oklahoma_state,oklahoma_state__191,Fuel Cell
oklahoma_state,oklahoma_state__191,Combustion
oklahoma_state,oklahoma_state__192,Welding
oklahoma_state,oklahoma_state__193,Control Systems
oklahoma_state,oklahoma_state__194,Heat Transfer
oklahoma_state,oklahoma_state__195,Resource Management
oklahoma_state,oklahoma_state__196,Project Development
oklahoma_state,oklahoma_state__197,Project Development
oklahoma_state,oklahoma_state__198,Automation
oklahoma_state,oklahoma_state__198,Sustainability
oklahoma_state,oklahoma_state__199,Sustainability
oklahoma_state,oklahoma_state__200,Resource Management
oklahoma_state,oklahoma_state__201,Sustainability
oklahoma_state,oklahoma_state__202,Resource Management
oklahoma_state,oklahoma_state__203,Sustainability
oklahoma_state,oklahoma_state__204,Resource Management
oklahoma_state,oklahoma_state__205,Environmental Stewardship
oklahoma_state,oklahoma_state__205,Sustainability
oklahoma_state,oklahoma_state__206,Life Cycle Assessment
oklahoma_state,oklahoma_state__206,Sustainability
oklahoma_state,oklahoma_state__207,Resource Management
oklahoma_state,oklahoma_state__208,Resource Management
oklahoma_state,oklahoma_state__209,Sustainability
oklahoma_state,oklahoma_state__210,Resource Management
oklahoma_state,oklahoma_state__211,Resource Management
oklahoma_state,oklahoma_state__212,Project Management
oklahoma_state,oklahoma_state__213,Project Management
oklahoma_state,oklahoma_state__214,Risk Assessment
oklahoma_state,oklahoma_state__215,Predictive Analytics
oklahoma_state,oklahoma_state__216,Pipeline
oklahoma_state,oklahoma_state__217,Project Management
oklahoma_state,oklahoma_state__218,Project Management
oklahoma_state,oklahoma_state__219,Risk Assessment
oklahoma_state,oklahoma_state__220,Risk Assessment
oklahoma_state,oklahoma_state__221,Predictive Analytics
oklahoma_state,oklahoma_state__222,Resource Management
oklahoma_state,oklahoma_state__223,Resource Management
oklahoma_state,oklahoma_state__224,Sustainability
oklahoma_state,oklahoma_state__225,Geographic Information Systems
oklahoma_state,oklahoma_state__226,Risk Assessment
oklahoma_state,oklahoma_state__227,Risk Assessment
oklahoma_state,oklahoma_state__228,Engineering Management
oklahoma_state,oklahoma_state__228,Project Management
oklahoma_state,oklahoma_state__229,Control Systems
oklahoma_state,oklahoma_state__230,Engineering Management
oklahoma_state,oklahoma_state__231,Engineering Management
oklahoma_state,oklahoma_state__232,Control Systems
oklahoma_state,oklahoma_state__233,Resource Management
oklahoma_state,oklahoma_state__234,Geographic Information Systems
oklahoma_state,oklahoma_state__235,Automation
oklahoma_state,oklahoma_state__236,Engineering Management
oklahoma_state,oklahoma_state__237,Systems Engineering
oklahoma_state,oklahoma_state__238,Project Management
oklahoma_state,oklahoma_state__239,Control Systems
oklahoma_state,oklahoma_state__240,Automation
oklahoma_state,oklahoma_state__241,Engineering Management
oklahoma_state,oklahoma_state__242,Control Systems
oklahoma_state,oklahoma_state__243,Sustainability
oklahoma_state,oklahoma_state__244,Resource Management
oklahoma_state,oklahoma_state__245,Resource Management
oklahoma_state,oklahoma_state__246,CCUS
oklahoma_state,oklahoma_state__247,Sustainability
oklahoma_state,oklahoma_state__248,Risk Assessment
oklahoma_state,oklahoma_state__249,Sustainability
oklahoma_state,oklahoma_state__250,Resource Management
oklahoma_state,oklahoma_state__251,Sustainability
oklahoma_state,oklahoma_state__252,Project Management
oklahoma_state,oklahoma_state__253,Sustainability
oklahoma_state,oklahoma_state__254,Sustainability
oklahoma_state,oklahoma_state__255,Sustainability
oklahoma_state,oklahoma_state__256,Sustainability
oklahoma_state,oklahoma_state__257,Sustainability
oklahoma_state,oklahoma_state__258,Sustainability
oklahoma_state,oklahoma_state__259,Geographic Information Systems
oklahoma_state,oklahoma_state__260,Sustainability
oklahoma_state,oklahoma_state__261,Resource Management
oklahoma_state,oklahoma_state__262,Geographic Information Systems
oklahoma_state,oklahoma_state__263,Resource Management
oklahoma_state,oklahoma_state__264,Geographic Information Systems
oklahoma_state,oklahoma_state__265,Resource Management
oklahoma_state,oklahoma_state__266,Geographic Information Systems
oklahoma_state,oklahoma_state__267,Resource Management
oklahoma_state,oklahoma_state__268,Control Systems
oklahoma_state,oklahoma_state__269,Geographic Information Systems
oklahoma_state,oklahoma_state__269,Resource Management
oklahoma_state,oklahoma_state__270,Geographic Information Systems
oklahoma_state,oklahoma_state__271,Geographic Information Systems
oklahoma_state,oklahoma_state__272,Sustainability
oklahoma_state,oklahoma_state__273,Geographic Information Systems
oklahoma_state,oklahoma_state__274,Resource Management
oklahoma_state,oklahoma_state__275,Resource Management
oklahoma_state,oklahoma_state__276,Geographic Information Systems
oklahoma_state,oklahoma_state__277,Geographic Information Systems
oklahoma_state,oklahoma_state__278,Resource Management
oklahoma_state,oklahoma_state__279,Geographic Information Systems
oklahoma_state,oklahoma_state__279,Resource Management
oklahoma_state,oklahoma_state__280,Resource Management
oklahoma_state,oklahoma_state__281,Geographic Information Systems
oklahoma_state,oklahoma_state__281,Resource Management
oklahoma_state,oklahoma_state__282,Geographic Information Systems
oklahoma_state,oklahoma_state__283,Water Quality
oklahoma_state,oklahoma_state__284,Water Quality
oklahoma_state,oklahoma_state__285,Geographic Information Systems
oklahoma_state,oklahoma_state__286,Geographic Information Systems
oklahoma_state,oklahoma_state__287,Sustainability
oklahoma_state,oklahoma_state__288,Geographic Information Systems
oklahoma_state,oklahoma_state__289,Resource Management
oklahoma_state,oklahoma_state__290,Heat Transfer
oklahoma_state,oklahoma_state__291,Water Quality
oklahoma_state,oklahoma_state__292,Water Quality
oklahoma_state,oklahoma_state__293,Heat Transfer
oklahoma_state,oklahoma_state__294,Carbon Capture and Storage
oklahoma_state,oklahoma_state__294,Carbon Capture
oklahoma_state,oklahoma_state__295,Carbon Storage
oklahoma_state,oklahoma_state__296,Carbon Storage
oklahoma_state,oklahoma_state__297,Carbon Capture and Storage
oklahoma_state,oklahoma_state__297,Carbon Capture
oklahoma_state,oklahoma_state__297,Energy Transition
oklahoma_state,oklahoma_state__297,CCS
oklahoma_state,oklahoma_state__298,CCUS
oklahoma_state,oklahoma_state__299,Project Management
oklahoma_state,oklahoma_state__300,Explosion
oklahoma_state,oklahoma_state__301,Combustion
oklahoma_state,oklahoma_state__301,Explosion
oklahoma_state,oklahoma_state__302,Explosion
oklahoma_state,oklahoma_state__302,Industrial Safety
oklahoma_state,oklahoma_state__302,Process Safety
oklahoma_state,oklahoma_state__303,Explosion
oklahoma_state,oklahoma_state__304,Explosion
oklahoma_state,oklahoma_state__305,Explosion
oklahoma_state,oklahoma_state__306,Quality Assurance
oklahoma_state,oklahoma_state__307,Quality Assurance
oklahoma_state,oklahoma_state__308,Heat Transfer
oklahoma_state,oklahoma_state__309,Explosion
oklahoma_state,oklahoma_state__310,Risk Assessment
oklahoma_state,oklahoma_state__311,Quality Assurance
oklahoma_state,oklahoma_state__312,Risk Assessment
oklahoma_state,oklahoma_state__313,Combustion
oklahoma_state,oklahoma_state__314,Explosion
oklahoma_state,oklahoma_state__315,Explosion
oklahoma_state,oklahoma_state__316,Explosion
oklahoma_state,oklahoma_state__317,Project Management
oklahoma_state,oklahoma_state__318,Risk Assessment
oklahoma_state,oklahoma_state__319,Project Management
oklahoma_state,oklahoma_state__320,Risk Mitigation
oklahoma_state,oklahoma_state__321,Control Systems
oklahoma_state,oklahoma_state__322,HAZOP
oklahoma_state,oklahoma_state__322,Process Safety
oklahoma_state,oklahoma_state__323,Renewable Energy
oklahoma_state,oklahoma_state__324,Quality Assurance
oklahoma_state,oklahoma_state__325,Water Quality
oklahoma_state,oklahoma_state__326,Ion Exchange
oklahoma_state,oklahoma_state__327,Renewable Energy
oklahoma_state,oklahoma_state__328,Risk Assessment
oklahoma_state,oklahoma_state__329,Energy Demand
oklahoma_state,oklahoma_state__330,Risk Assessment
oklahoma_state,oklahoma_state__331,Environmental Stewardship
oklahoma_state,oklahoma_state__331,Sustainability
oklahoma_state,oklahoma_state__332,Resource Management
oklahoma_state,oklahoma_state__333,Life Cycle Assessment
oklahoma_state,oklahoma_state__333,Sustainability
oklahoma_state,oklahoma_state__334,ISO 14000
oklahoma_state,oklahoma_state__335,Environmental Impact Assessment
oklahoma_state,oklahoma_state__336,Water Quality
oklahoma_state,oklahoma_state__337,Sustainability
oklahoma_state,oklahoma_state__338,Pressure Vessel
oklahoma_state,oklahoma_state__339,Materials Science
oklahoma_state,oklahoma_state__340,Heat Transfer
oklahoma_state,oklahoma_state__341,Engineering Management
oklahoma_state,oklahoma_state__342,Project Management
oklahoma_state,oklahoma_state__343,Project Management
oklahoma_state,oklahoma_state__344,Sustainability
oklahoma_state,oklahoma_state__345,Control Systems
oklahoma_state,oklahoma_state__346,Environmental Regulation
oklahoma_state,oklahoma_state__347,Environmental Regulation
oklahoma_state,oklahoma_state__348,Renewable Energy
oklahoma_state,oklahoma_state__349,Risk Assessment
oklahoma_state,oklahoma_state__350,Renewable Energy
oklahoma_state,oklahoma_state__351,Corrosion
oklahoma_state,oklahoma_state__352,Project Management
oklahoma_state,oklahoma_state__353,Environmental Regulation
oklahoma_state,oklahoma_state__354,Power Inverter
oklahoma_state,oklahoma_state__355,Control Systems
oklahoma_state,oklahoma_state__356,Automation
oklahoma_state,oklahoma_state__357,Control Systems
oklahoma_state,oklahoma_state__358,Renewable Energy
oklahoma_state,oklahoma_state__359,Fuel Cell
oklahoma_state,oklahoma_state__360,Renewable Energy
oklahoma_state,oklahoma_state__361,Energy Policy
oklahoma_state,oklahoma_state__362,Control Systems
oklahoma_state,oklahoma_state__363,Heat Transfer
oklahoma_state,oklahoma_state__364,Control Systems
oklahoma_state,oklahoma_state__365,Control Systems
oklahoma_state,oklahoma_state__366,Control Systems
oklahoma_state,oklahoma_state__367,Control Systems
oklahoma_state,oklahoma_state__368,Project Management
oklahoma_state,oklahoma_state__369,Energy Supply
oklahoma_state,oklahoma_state__369,Renewable Energy
oklahoma_state,oklahoma_state__369,Energy Market
oklahoma_state,oklahoma_state__370,Renewable Energy
oklahoma_state,oklahoma_state__370,Energy Market
oklahoma_state,oklahoma_state__371,Energy Supply
oklahoma_state,oklahoma_state__371,Renewable Energy
oklahoma_state,oklahoma_state__371,Energy Market
oklahoma_state,oklahoma_state__372,Flammability
oklahoma_state,oklahoma_state__373,Sustainability
oklahoma_state,oklahoma_state__374,Sustainability
oklahoma_state,oklahoma_state__375,Sustainability
oklahoma_state,oklahoma_state__376,Project Management
oklahoma_state,oklahoma_state__377,Project Management
oklahoma_state,oklahoma_state__378,Construction Management
oklahoma_state,oklahoma_state__379,Sustainability
oklahoma_state,oklahoma_state__379,Project Management
oklahoma_state,oklahoma_state__380,Construction Management
oklahoma_state,oklahoma_state__380,Project Management
oklahoma_state,oklahoma_state__381,Systems Engineering
oklahoma_state,oklahoma_state__382,Project Management
oklahoma_state,oklahoma_state__383,Pipeline
oklahoma_state,oklahoma_state__384,Systems Engineering
oklahoma_state,oklahoma_state__385,Resource Management
oklahoma_state,oklahoma_state__386,Pipeline
oklahoma_state,oklahoma_state__387,Control Systems
oklahoma_state,oklahoma_state__388,Project Management
oklahoma_state,oklahoma_state__389,Sustainability
oklahoma_state,oklahoma_state__390,Combustion
oklahoma_state,oklahoma_state__391,Welding
oklahoma_state,oklahoma_state__392,Heat Transfer
oklahoma_state,oklahoma_state__393,Automation
oklahoma_state,oklahoma_state__394,Heat Transfer
oklahoma_state,oklahoma_state__395,Quality Assurance
oklahoma_state,oklahoma_state__396,Project Management
oklahoma_state,oklahoma_state__397,Resource Management
oklahoma_state,oklahoma_state__398,Resource Management
oklahoma_state,oklahoma_state__399,Life Cycle Analysis
oklahoma_state,oklahoma_state__399,Sustainability
oklahoma_state,oklahoma_state__400,Sustainability
oklahoma_state,oklahoma_state__401,Sustainability
oregon_state_university,oregon_state_university__0,Resource Management
oregon_state_university,oregon_state_university__1,Project Management
oregon_state_university,oregon_state_university__2,Resource Management
oregon_state_university,oregon_state_university__3,Systems Engineering
oregon_state_university,oregon_state_university__4,Heat Transfer
oregon_state_university,oregon_state_university__5,Systems Engineering
oregon_state_university,oregon_state_university__6,Heat Transfer
oregon_state_university,oregon_state_university__7,Project Management
oregon_state_university,oregon_state_university__8,Sustainability
oregon_state_university,oregon_state_university__9,Technical Drawing
oregon_state_university,oregon_state_university__10,Life Cycle Analysis
oregon_state_university,oregon_state_university__10,Sustainability
oregon_state_university,oregon_state_university__11,Automation
oregon_state_university,oregon_state_university__11,Process Control
oregon_state_university,oregon_state_university__12,Life Cycle Assessment
oregon_state_university,oregon_state_university__12,Material Selection
oregon_state_university,oregon_state_university__13,Sustainability
oregon_state_university,oregon_state_university__14,Risk Mitigation
oregon_state_university,oregon_state_university__15,Automation
oregon_state_university,oregon_state_university__15,Process Control
oregon_state_university,oregon_state_university__16,Life Cycle Assessment
oregon_state_university,oregon_state_university__16,Material Selection
oregon_state_university,oregon_state_university__17,Combustion
oregon_state_university,oregon_state_university__17,Energy Supply
oregon_state_university,oregon_state_university__18,Resource Management
oregon_state_university,oregon_state_university__19,Sustainability
oregon_state_university,oregon_state_university__20,Risk Assessment
oregon_state_university,oregon_state_university__21,Hazard Identification
oregon_state_university,oregon_state_university__21,Risk Assessment
oregon_state_university,oregon_state_university__22,Risk Assessment
oregon_state_university,oregon_state_university__23,Hazard Identification
oregon_state_university,oregon_state_university__23,Risk Assessment
oregon_state_university,oregon_state_university__24,Control Systems
oregon_state_university,oregon_state_university__25,Resource Management
oregon_state_university,oregon_state_university__26,Resource Management
oregon_state_university,oregon_state_university__27,Sustainability
oregon_state_university,oregon_state_university__28,Sustainability
oregon_state_university,oregon_state_university__29,Resource Management
oregon_state_university,oregon_state_university__29,Sustainability
oregon_state_university,oregon_state_university__30,Resource Management
oregon_state_university,oregon_state_university__31,Sustainability
oregon_state_university,oregon_state_university__32,Resource Management
oregon_state_university,oregon_state_university__32,Sustainability
oregon_state_university,oregon_state_university__33,Sustainability
oregon_state_university,oregon_state_university__34,Resource Management
oregon_state_university,oregon_state_university__34,Sustainability
oregon_state_university,oregon_state_university__35,Sustainability
oregon_state_university,oregon_state_university__36,Sustainability
oregon_state_university,oregon_state_university__37,Ion Exchange
oregon_state_university,oregon_state_university__38,Ion Exchange
oregon_state_university,oregon_state_university__39,Heat Transfer
oregon_state_university,oregon_state_university__40,Project Management
oregon_state_university,oregon_state_university__41,Heat Transfer
oregon_state_university,oregon_state_university__42,Sustainability
oregon_state_university,oregon_state_university__43,Sustainability
oregon_state_university,oregon_state_university__44,Sustainability
oregon_state_university,oregon_state_university__45,Resource Management
oregon_state_university,oregon_state_university__46,Control Systems
oregon_state_university,oregon_state_university__47,Energy Transition
oregon_state_university,oregon_state_university__48,Energy Transition
oregon_state_university,oregon_state_university__49,Sustainability
oregon_state_university,oregon_state_university__50,Sustainability
oregon_state_university,oregon_state_university__51,Sustainability
oregon_state_university,oregon_state_university__52,Sustainability
oregon_state_university,oregon_state_university__53,Sustainability
oregon_state_university,oregon_state_university__54,Sustainability
oregon_state_university,oregon_state_university__55,Sustainability
oregon_state_university,oregon_state_university__56,Project Management
oregon_state_university,oregon_state_university__57,Water Quality
oregon_state_university,oregon_state_university__58,Risk Assessment
oregon_state_university,oregon_state_university__59,Geographic Information Systems
oregon_state_university,oregon_state_university__60,Sustainability
oregon_state_university,oregon_state_university__61,Sustainability
oregon_state_university,oregon_state_university__62,Heat Transfer
oregon_state_university,oregon_state_university__63,Power Generation
oregon_state_university,oregon_state_university__64,Energy Transition
oregon_state_university,oregon_state_university__65,Energy Transition
oregon_state_university,oregon_state_university__66,Sustainability
oregon_state_university,oregon_state_university__67,Sustainability
oregon_state_university,oregon_state_university__68,Hydrogen
oregon_state_university,oregon_state_university__69,Project Management
oregon_state_university,oregon_state_university__70,Resource Management
oregon_state_university,oregon_state_university__71,Sustainability
oregon_state_university,oregon_state_university__72,CCUS
oregon_state_university,oregon_state_university__73,Sustainability
oregon_state_university,oregon_state_university__74,Sustainability
oregon_state_university,oregon_state_university__75,Sustainability
oregon_state_university,oregon_state_university__76,Energy Security
oregon_state_university,oregon_state_university__76,Energy Policy
oregon_state_university,oregon_state_university__77,Renewable Energy
oregon_state_university,oregon_state_university__77,Energy Policy
oregon_state_university,oregon_state_university__78,Energy Security
oregon_state_university,oregon_state_university__78,Energy Policy
oregon_state_university,oregon_state_university__79,Renewable Energy
oregon_state_university,oregon_state_university__79,Energy Policy
oregon_state_university,oregon_state_university__80,Biofuels
oregon_state_university,oregon_state_university__81,Biofuels
oregon_state_university,oregon_state_university__82,Greenhouse Gas Emissions
oregon_state_university,oregon_state_university__82,Resource Management
oregon_state_university,oregon_state_university__83,Resource Management
oregon_state_university,oregon_state_university__84,Resource Management
oregon_state_university,oregon_state_university__85,Risk Assessment
oregon_state_university,oregon_state_university__86,Heat Transfer
oregon_state_university,oregon_state_university__87,Heat Transfer
oregon_state_university,oregon_state_university__88,Materials Science
oregon_state_university,oregon_state_university__89,Heat Transfer
oregon_state_university,oregon_state_university__90,Heat Transfer
oregon_state_university,oregon_state_university__91,Heat Transfer
oregon_state_university,oregon_state_university__92,Environmental Protection
oregon_state_university,oregon_state_university__93,Heat Transfer
oregon_state_university,oregon_state_university__94,Environmental Protection
oregon_state_university,oregon_state_university__95,Heat Transfer
oregon_state_university,oregon_state_university__96,Risk Assessment
oregon_state_university,oregon_state_university__97,Heat Transfer
oregon_state_university,oregon_state_university__98,Materials Science
oregon_state_university,oregon_state_university__99,Materials Science
oregon_state_university,oregon_state_university__100,Welding
oregon_state_university,oregon_state_university__101,Welding
oregon_state_university,oregon_state_university__102,Materials Science
oregon_state_university,oregon_state_university__103,Materials Science
oregon_state_university,oregon_state_university__104,Materials Science
oregon_state_university,oregon_state_university__105,ESG
oregon_state_university,oregon_state_university__106,ESG
oregon_state_university,oregon_state_university__107,Resource Management
oregon_state_university,oregon_state_university__108,Resource Management
oregon_state_university,oregon_state_university__108,Sustainability
oregon_state_university,oregon_state_university__109,Project Management
oregon_state_university,oregon_state_university__110,Project Management
oregon_state_university,oregon_state_university__111,Risk Assessment
oregon_state_university,oregon_state_university__111,Project Management
oregon_state_university,oregon_state_university__112,Resource Management
oregon_state_university,oregon_state_university__113,Project Management
oregon_state_university,oregon_state_university__114,Project Management
oregon_state_university,oregon_state_university__115,Sustainability
oregon_state_university,oregon_state_university__116,Systems Engineering
oregon_state_university,oregon_state_university__116,Resource Management
oregon_state_university,oregon_state_university__117,Automation
oregon_state_university,oregon_state_university__117,Control Systems
oregon_state_university,oregon_state_university__118,Sustainability
oregon_state_university,oregon_state_university__119,Sustainability
oregon_state_university,oregon_state_university__120,Systems Engineering
oregon_state_university,oregon_state_university__120,Resource Management
oregon_state_university,oregon_state_university__121,Sustainability
oregon_state_university,oregon_state_university__122,Welding
oregon_state_university,oregon_state_university__123,Heat Transfer
oregon_state_university,oregon_state_university__124,Heat Transfer
oregon_state_university,oregon_state_university__125,Heat Transfer
oregon_state_university,oregon_state_university__126,Heat Transfer
oregon_state_university,oregon_state_university__127,Heat Transfer
oregon_state_university,oregon_state_university__128,Heat Transfer
oregon_state_university,oregon_state_university__129,Heat Transfer
oregon_state_university,oregon_state_university__130,Combustion
oregon_state_university,oregon_state_university__131,Heat Transfer
oregon_state_university,oregon_state_university__132,Heat Transfer
oregon_state_university,oregon_state_university__133,Heat Transfer
oregon_state_university,oregon_state_university__134,Sustainability
oregon_state_university,oregon_state_university__135,Materials Science
oregon_state_university,oregon_state_university__136,Systems Engineering
oregon_state_university,oregon_state_university__137,Control Systems
oregon_state_university,oregon_state_university__138,Heat Transfer
oregon_state_university,oregon_state_university__139,Combustion
oregon_state_university,oregon_state_university__140,Heat Transfer
oregon_state_university,oregon_state_university__141,Heat Transfer
oregon_state_university,oregon_state_university__142,Heat Transfer
oregon_state_university,oregon_state_university__143,Heat Transfer
oregon_state_university,oregon_state_university__144,Materials Science
oregon_state_university,oregon_state_university__145,Sustainability
oregon_state_university,oregon_state_university__146,Automation
oregon_state_university,oregon_state_university__147,Automation
oregon_state_university,oregon_state_university__148,Project Management
oregon_state_university,oregon_state_university__149,Systems Engineering
oregon_state_university,oregon_state_university__150,Systems Engineering
oregon_state_university,oregon_state_university__151,Systems Engineering
oregon_state_university,oregon_state_university__152,Project Management
oregon_state_university,oregon_state_university__153,Systems Engineering
oregon_state_university,oregon_state_university__154,Systems Engineering
oregon_state_university,oregon_state_university__155,Project Management
oregon_state_university,oregon_state_university__156,Automation
oregon_state_university,oregon_state_university__157,Automation
oregon_state_university,oregon_state_university__158,Water Usage
oregon_state_university,oregon_state_university__159,Sustainability
oregon_state_university,oregon_state_university__160,Control Systems
oregon_state_university,oregon_state_university__161,Sustainability
oregon_state_university,oregon_state_university__162,Renewable Energy
oregon_state_university,oregon_state_university__163,Sustainability
oregon_state_university,oregon_state_university__164,Sustainability
oregon_state_university,oregon_state_university__165,Sustainability
oregon_state_university,oregon_state_university__166,Greenhouse Gas Emissions
oregon_state_university,oregon_state_university__167,Sustainability
oregon_state_university,oregon_state_university__168,Sustainability
oregon_state_university,oregon_state_university__169,Sustainability
oregon_state_university,oregon_state_university__170,Geographic Information Systems
oregon_state_university,oregon_state_university__171,Project Management
oregon_state_university,oregon_state_university__172,Resource Management
oregon_state_university,oregon_state_university__173,Sustainability
oregon_state_university,oregon_state_university__174,Resource Management
oregon_state_university,oregon_state_university__175,Geographic Information Systems
oregon_state_university,oregon_state_university__176,Resource Management
oregon_state_university,oregon_state_university__177,Project Management
oregon_state_university,oregon_state_university__178,Sustainability
oregon_state_university,oregon_state_university__179,Resource Management
oregon_state_university,oregon_state_university__180,Sustainability
oregon_state_university,oregon_state_university__181,Geographic Information Systems
oregon_state_university,oregon_state_university__182,Geographic Information Systems
oregon_state_university,oregon_state_university__183,Resource Management
oregon_state_university,oregon_state_university__184,Project Management
oregon_state_university,oregon_state_university__185,Geographic Information Systems
oregon_state_university,oregon_state_university__186,Process Engineering
oregon_state_university,oregon_state_university__187,Resource Management
oregon_state_university,oregon_state_university__188,Greenhouse Gas Emissions
oregon_state_university,oregon_state_university__188,Resource Management
oregon_state_university,oregon_state_university__189,Risk Assessment
oregon_state_university,oregon_state_university__190,Process Control
oregon_state_university,oregon_state_university__190,Quality Assurance
oregon_state_university,oregon_state_university__191,Heat Transfer
oregon_state_university,oregon_state_university__192,Greenhouse Gas Emissions
oregon_state_university,oregon_state_university__192,GHG Emissions
oregon_state_university,oregon_state_university__193,Resource Management
oregon_state_university,oregon_state_university__194,Geographic Information Systems
oregon_state_university,oregon_state_university__195,Heat Transfer
oregon_state_university,oregon_state_university__196,Risk Mitigation
oregon_state_university,oregon_state_university__197,Risk Mitigation
oregon_state_university,oregon_state_university__198,Resource Management
oregon_state_university,oregon_state_university__199,Geographic Information Systems
oregon_state_university,oregon_state_university__200,Sustainability
oregon_state_university,oregon_state_university__201,Resource Management
oregon_state_university,oregon_state_university__201,Sustainability
oregon_state_university,oregon_state_university__202,Resource Management
oregon_state_university,oregon_state_university__203,Resource Management
oregon_state_university,oregon_state_university__204,Resource Management
oregon_state_university,oregon_state_university__205,Resource Management
oregon_state_university,oregon_state_university__206,Resource Management
oregon_state_university,oregon_state_university__207,Resource Management
oregon_state_university,oregon_state_university__208,Resource Management
oregon_state_university,oregon_state_university__209,Risk Assessment
oregon_state_university,oregon_state_university__209,Sustainability
oregon_state_university,oregon_state_university__210,Resource Management
oregon_state_university,oregon_state_university__211,Hydrogen
oregon_state_university,oregon_state_university__212,Risk Assessment
oregon_state_university,oregon_state_university__213,Risk Assessment
oregon_state_university,oregon_state_university__214,Resource Management
oregon_state_university,oregon_state_university__215,Resource Management
oregon_state_university,oregon_state_university__216,Resource Management
oregon_state_university,oregon_state_university__217,Engineering Drawing
oregon_state_university,oregon_state_university__218,Sustainability
oregon_state_university,oregon_state_university__219,Sustainability
oregon_state_university,oregon_state_university__220,Quality Assurance
oregon_state_university,oregon_state_university__221,Quality Assurance
oregon_state_university,oregon_state_university__222,Risk Assessment
oregon_state_university,oregon_state_university__223,Engineering Management
oregon_state_university,oregon_state_university__224,Engineering Management
oregon_state_university,oregon_state_university__224,Systems Engineering
oregon_state_university,oregon_state_university__225,Engineering Management
oregon_state_university,oregon_state_university__226,Systems Engineering
oregon_state_university,oregon_state_university__227,Process Control
oregon_state_university,oregon_state_university__228,Engineering Management
oregon_state_university,oregon_state_university__228,Project Management
oregon_state_university,oregon_state_university__229,Sustainability
oregon_state_university,oregon_state_university__230,Water Quality
oregon_state_university,oregon_state_university__230,Sustainability
oregon_state_university,oregon_state_university__231,Resource Management
oregon_state_university,oregon_state_university__232,Resource Management
oregon_state_university,oregon_state_university__233,Sustainability
oregon_state_university,oregon_state_university__234,Energy Regulation
oregon_state_university,oregon_state_university__235,Control Systems
oregon_state_university,oregon_state_university__236,Renewable Energy
oregon_state_university,oregon_state_university__237,Pipeline
oregon_state_university,oregon_state_university__238,Electrochemical
oregon_state_university,oregon_state_university__239,Process Simulation
oregon_state_university,oregon_state_university__240,Technical Drawing
oregon_state_university,oregon_state_university__241,Sustainability
oregon_state_university,oregon_state_university__242,Sustainability
oregon_state_university,oregon_state_university__243,Process Simulation
oregon_state_university,oregon_state_university__244,Process Simulation
oregon_state_university,oregon_state_university__245,Renewable Energy
oregon_state_university,oregon_state_university__246,Renewable Energy
oregon_state_university,oregon_state_university__247,Control Systems
oregon_state_university,oregon_state_university__248,Project Development
oregon_state_university,oregon_state_university__249,Project Development
oregon_state_university,oregon_state_university__250,Materials Science
oregon_state_university,oregon_state_university__251,Sustainability
oregon_state_university,oregon_state_university__252,Renewable Energy
oregon_state_university,oregon_state_university__253,Sustainability
oregon_state_university,oregon_state_university__254,Renewable Energy
oregon_state_university,oregon_state_university__255,Sustainability
oregon_state_university,oregon_state_university__256,Project Management
oregon_state_university,oregon_state_university__257,ESG
oregon_state_university,oregon_state_university__257,Sustainability
oregon_state_university,oregon_state_university__258,ESG
oregon_state_university,oregon_state_university__258,Sustainability
oregon_state_university,oregon_state_university__259,Sustainability
oregon_state_university,oregon_state_university__260,Risk Assessment
oregon_state_university,oregon_state_university__261,Risk Assessment
oregon_state_university,oregon_state_university__262,Hazard Identification
oregon_state_university,oregon_state_university__263,Construction Management
oregon_state_university,oregon_state_university__264,Construction Management
oregon_state_university,oregon_state_university__265,Project Management
oregon_state_university,oregon_state_university__266,Construction Management
oregon_state_university,oregon_state_university__267,Engineering Management
oregon_state_university,oregon_state_university__268,Project Management
oregon_state_university,oregon_state_university__269,Pipeline
oregon_state_university,oregon_state_university__270,Project Management
oregon_state_university,oregon_state_university__271,Project Management
oregon_state_university,oregon_state_university__272,Water Quality
oregon_state_university,oregon_state_university__273,Pipeline
oregon_state_university,oregon_state_university__274,Project Management
oregon_state_university,oregon_state_university__275,Quality Assurance
oregon_state_university,oregon_state_university__275,Project Development
oregon_state_university,oregon_state_university__276,Pipeline
oregon_state_university,oregon_state_university__277,Quality Assurance
oregon_state_university,oregon_state_university__278,Quality Assurance
oregon_state_university,oregon_state_university__279,Quality Assurance
oregon_state_university,oregon_state_university__280,Water Quality
oregon_state_university,oregon_state_university__281,Pipeline
oregon_state_university,oregon_state_university__282,Water Quality
oregon_state_university,oregon_state_university__282,Control Systems
oregon_state_university,oregon_state_university__283,Project Management
oregon_state_university,oregon_state_university__284,Liquefaction
oregon_state_university,oregon_state_university__285,Liquefaction
oregon_state_university,oregon_state_university__286,Control Systems
oregon_state_university,oregon_state_university__287,Pipeline
oregon_state_university,oregon_state_university__288,Pipeline
oregon_state_university,oregon_state_university__289,Project Management
oregon_state_university,oregon_state_university__290,Sustainability
oregon_state_university,oregon_state_university__291,Process Engineering
oregon_state_university,oregon_state_university__292,Process Engineering
oregon_state_university,oregon_state_university__293,Chemical Engineering
oregon_state_university,oregon_state_university__294,Hazard Identification
oregon_state_university,oregon_state_university__294,Process Safety
oregon_state_university,oregon_state_university__295,Heat Transfer
oregon_state_university,oregon_state_university__296,Heat Transfer
oregon_state_university,oregon_state_university__297,Chemical Engineering
oregon_state_university,oregon_state_university__298,Catalyst
oregon_state_university,oregon_state_university__299,Renewable Energy
oregon_state_university,oregon_state_university__300,Heat Transfer
oregon_state_university,oregon_state_university__301,Electrochemistry
oregon_state_university,oregon_state_university__301,Electrochemical
oregon_state_university,oregon_state_university__301,Fuel Cell
oregon_state_university,oregon_state_university__302,Process Control
oregon_state_university,oregon_state_university__303,Chemical Engineering
oregon_state_university,oregon_state_university__304,Chemical Engineering
oregon_state_university,oregon_state_university__305,Catalysis
oregon_state_university,oregon_state_university__306,Catalyst
oregon_state_university,oregon_state_university__306,Catalysis
oregon_state_university,oregon_state_university__307,Catalysis
oregon_state_university,oregon_state_university__308,Chemical Engineering
oregon_state_university,oregon_state_university__309,Chemical Engineering
oregon_state_university,oregon_state_university__310,Chemical Engineering
oregon_state_university,oregon_state_university__311,Chemical Engineering
oregon_state_university,oregon_state_university__312,Chemical Engineering
oregon_state_university,oregon_state_university__313,Chemical Engineering
oregon_state_university,oregon_state_university__314,Chemical Engineering
oregon_state_university,oregon_state_university__315,Chemical Engineering
oregon_state_university,oregon_state_university__316,Chemical Engineering
oregon_state_university,oregon_state_university__317,Chemical Engineering
oregon_state_university,oregon_state_university__318,Chemical Engineering
oregon_state_university,oregon_state_university__319,Chemical Engineering
oregon_state_university,oregon_state_university__320,Chemical Engineering
oregon_state_university,oregon_state_university__321,Chemical Engineering
oregon_state_university,oregon_state_university__322,Chemical Engineering
oregon_state_university,oregon_state_university__323,Catalyst
oregon_state_university,oregon_state_university__324,Renewable Energy
oregon_state_university,oregon_state_university__325,Heat Transfer
oregon_state_university,oregon_state_university__326,Electrochemistry
oregon_state_university,oregon_state_university__326,Electrochemical
oregon_state_university,oregon_state_university__326,Fuel Cell
oregon_state_university,oregon_state_university__327,Hydrogen
oregon_state_university,oregon_state_university__328,Electrochemistry
oregon_state_university,oregon_state_university__329,Electrochemistry
oregon_state_university,oregon_state_university__330,Electrochemistry
oregon_state_university,oregon_state_university__331,Electrochemistry
oregon_state_university,oregon_state_university__332,Electrochemistry
oregon_state_university,oregon_state_university__333,Materials Science
oregon_state_university,oregon_state_university__334,Hydrogen
oregon_state_university,oregon_state_university__335,Electrochemistry
oregon_state_university,oregon_state_university__336,Electrochemistry
oregon_state_university,oregon_state_university__337,Electrochemistry
oregon_state_university,oregon_state_university__338,Electrochemistry
oregon_state_university,oregon_state_university__339,Electrochemistry
oregon_state_university,oregon_state_university__340,Sustainability
oregon_state_university,oregon_state_university__341,Control Systems
oregon_state_university,oregon_state_university__342,Control Systems
oregon_state_university,oregon_state_university__343,Automation
oregon_state_university,oregon_state_university__344,Risk Mitigation
oregon_state_university,oregon_state_university__345,Risk Mitigation
oregon_state_university,oregon_state_university__346,Risk Assessment
oregon_state_university,oregon_state_university__347,Resource Management
oregon_state_university,oregon_state_university__348,Resource Management
oregon_state_university,oregon_state_university__349,Materials Science
oregon_state_university,oregon_state_university__350,Electrochemistry
oregon_state_university,oregon_state_university__350,Electrochemical
oregon_state_university,oregon_state_university__351,Heat Transfer
oregon_state_university,oregon_state_university__352,Process Engineering
oregon_state_university,oregon_state_university__353,Sustainability
oregon_state_university,oregon_state_university__354,Project Management
oregon_state_university,oregon_state_university__354,Sustainability
oregon_state_university,oregon_state_university__355,Project Management
oregon_state_university,oregon_state_university__355,Sustainability
oregon_state_university,oregon_state_university__356,Clean Energy
oregon_state_university,oregon_state_university__356,Sustainability
oregon_state_university,oregon_state_university__357,Project Management
oregon_state_university,oregon_state_university__358,Process Control
oregon_state_university,oregon_state_university__359,Engineering Drawing
oregon_state_university,oregon_state_university__360,Systems Engineering
oregon_state_university,oregon_state_university__361,Project Management
oregon_state_university,oregon_state_university__362,Risk Assessment
oregon_state_university,oregon_state_university__363,Corrosion
oregon_state_university,oregon_state_university__364,Pipeline
oregon_state_university,oregon_state_university__364,Corrosion
oregon_state_university,oregon_state_university__365,Corrosion
oregon_state_university,oregon_state_university__366,Resource Management
oregon_state_university,oregon_state_university__367,Project Development
oregon_state_university,oregon_state_university__368,Climate Policy
oregon_state_university,oregon_state_university__369,Resource Management
oregon_state_university,oregon_state_university__370,Resource Management
oregon_state_university,oregon_state_university__370,Sustainability
oregon_state_university,oregon_state_university__371,Environmental Regulation
oregon_state_university,oregon_state_university__372,Sustainability
oregon_state_university,oregon_state_university__373,Sustainability
oregon_state_university,oregon_state_university__374,Environmental Regulation
oregon_state_university,oregon_state_university__375,Sustainability
oregon_state_university,oregon_state_university__376,Heat Transfer
oregon_state_university,oregon_state_university__377,Construction Management
pennsylvania_state_university,pennsylvania_state_university__0,Project Management
pennsylvania_state_university,pennsylvania_state_university__1,Project Management
pennsylvania_state_university,pennsylvania_state_university__2,Automation
pennsylvania_state_university,pennsylvania_state_university__2,Project Management
pennsylvania_state_university,pennsylvania_state_university__3,Resource Management
pennsylvania_state_university,pennsylvania_state_university__4,Sustainability
pennsylvania_state_university,pennsylvania_state_university__5,Hydrogen
pennsylvania_state_university,pennsylvania_state_university__6,Explosion
pennsylvania_state_university,pennsylvania_state_university__7,CCS
pennsylvania_state_university,pennsylvania_state_university__8,Sustainability
pennsylvania_state_university,pennsylvania_state_university__9,Sustainability
pennsylvania_state_university,pennsylvania_state_university__10,Resource Management
pennsylvania_state_university,pennsylvania_state_university__11,Sustainability
pennsylvania_state_university,pennsylvania_state_university__12,Resource Management
pennsylvania_state_university,pennsylvania_state_university__13,Resource Management
pennsylvania_state_university,pennsylvania_state_university__14,CCUS
pennsylvania_state_university,pennsylvania_state_university__15,Resource Management
pennsylvania_state_university,pennsylvania_state_university__16,Project Management
pennsylvania_state_university,pennsylvania_state_university__17,Project Management
pennsylvania_state_university,pennsylvania_state_university__18,CO2 Emissions
pennsylvania_state_university,pennsylvania_state_university__19,Welding
pennsylvania_state_university,pennsylvania_state_university__20,Control Systems
pennsylvania_state_university,pennsylvania_state_university__21,Sustainability
pennsylvania_state_university,pennsylvania_state_university__21,Environmental Protection
pennsylvania_state_university,pennsylvania_state_university__22,Sustainability
pennsylvania_state_university,pennsylvania_state_university__23,Sustainability
pennsylvania_state_university,pennsylvania_state_university__24,Sustainability
pennsylvania_state_university,pennsylvania_state_university__25,Heat Transfer
pennsylvania_state_university,pennsylvania_state_university__25,Cooling Systems
pennsylvania_state_university,pennsylvania_state_university__26,Control Systems
pennsylvania_state_university,pennsylvania_state_university__27,Sustainability
pennsylvania_state_university,pennsylvania_state_university__28,Sustainability
pennsylvania_state_university,pennsylvania_state_university__29,Climate Policy
pennsylvania_state_university,pennsylvania_state_university__29,Greenhouse Gas Emissions
pennsylvania_state_university,pennsylvania_state_university__30,Climate Policy
pennsylvania_state_university,pennsylvania_state_university__30,Greenhouse Gas Emissions
pennsylvania_state_university,pennsylvania_state_university__31,Geographic Information Systems
pennsylvania_state_university,pennsylvania_state_university__32,Sustainability
pennsylvania_state_university,pennsylvania_state_university__33,Sustainability
pennsylvania_state_university,pennsylvania_state_university__34,Project Management
pennsylvania_state_university,pennsylvania_state_university__35,Sustainability
pennsylvania_state_university,pennsylvania_state_university__35,Sustainable Supply Chain
pennsylvania_state_university,pennsylvania_state_university__35,Carbon Emissions
pennsylvania_state_university,pennsylvania_state_university__36,Sustainability
pennsylvania_state_university,pennsylvania_state_university__36,Environmental Protection
pennsylvania_state_university,pennsylvania_state_university__37,Quality Assurance
pennsylvania_state_university,pennsylvania_state_university__38,Sustainability
pennsylvania_state_university,pennsylvania_state_university__39,Environmental Protection
pennsylvania_state_university,pennsylvania_state_university__40,Explosion
pennsylvania_state_university,pennsylvania_state_university__41,Sustainability
pennsylvania_state_university,pennsylvania_state_university__41,Geographic Information Systems
pennsylvania_state_university,pennsylvania_state_university__42,Ion Exchange
pennsylvania_state_university,pennsylvania_state_university__43,Geographic Information Systems
pennsylvania_state_university,pennsylvania_state_university__44,Pipeline
pennsylvania_state_university,pennsylvania_state_university__45,Project Management
pennsylvania_state_university,pennsylvania_state_university__46,Project Management
pennsylvania_state_university,pennsylvania_state_university__47,Risk Mitigation
pennsylvania_state_university,pennsylvania_state_university__47,Risk Assessment
pennsylvania_state_university,pennsylvania_state_university__48,Sustainability
pennsylvania_state_university,pennsylvania_state_university__49,Risk Assessment
pennsylvania_state_university,pennsylvania_state_university__50,Risk Assessment
pennsylvania_state_university,pennsylvania_state_university__51,Project Management
pennsylvania_state_university,pennsylvania_state_university__52,Control Systems
pennsylvania_state_university,pennsylvania_state_university__53,Quality Assurance
pennsylvania_state_university,pennsylvania_state_university__54,Project Management
pennsylvania_state_university,pennsylvania_state_university__55,Risk Assessment
pennsylvania_state_university,pennsylvania_state_university__56,Sustainability
pennsylvania_state_university,pennsylvania_state_university__57,Sustainability
pennsylvania_state_university,pennsylvania_state_university__58,Geographic Information Systems
pennsylvania_state_university,pennsylvania_state_university__59,Sustainability
pennsylvania_state_university,pennsylvania_state_university__59,Environmental Protection
pennsylvania_state_university,pennsylvania_state_university__60,Energy Supply
pennsylvania_state_university,pennsylvania_state_university__60,Renewable Energy
pennsylvania_state_university,pennsylvania_state_university__60,Sustainability
pennsylvania_state_university,pennsylvania_state_university__61,Sustainability
pennsylvania_state_university,pennsylvania_state_university__62,Project Management
pennsylvania_state_university,pennsylvania_state_university__63,Risk Assessment
pennsylvania_state_university,pennsylvania_state_university__64,CCUS
pennsylvania_state_university,pennsylvania_state_university__65,Quality Assurance
pennsylvania_state_university,pennsylvania_state_university__66,Risk Assessment
pennsylvania_state_university,pennsylvania_state_university__67,Sustainability
pennsylvania_state_university,pennsylvania_state_university__68,Sustainability
pennsylvania_state_university,pennsylvania_state_university__69,Risk Assessment
pennsylvania_state_university,pennsylvania_state_university__70,Project Management
pennsylvania_state_university,pennsylvania_state_university__71,Resource Management
pennsylvania_state_university,pennsylvania_state_university__72,Catalyst
pennsylvania_state_university,pennsylvania_state_university__73,Heat Transfer
pennsylvania_state_university,pennsylvania_state_university__74,Sustainability
pennsylvania_state_university,pennsylvania_state_university__74,Life Cycle Analysis
pennsylvania_state_university,pennsylvania_state_university__75,Process Control
pennsylvania_state_university,pennsylvania_state_university__76,Project Management
pennsylvania_state_university,pennsylvania_state_university__77,Technical Drawing
pennsylvania_state_university,pennsylvania_state_university__78,Resource Management
pennsylvania_state_university,pennsylvania_state_university__79,Control Systems
pennsylvania_state_university,pennsylvania_state_university__80,Heat Transfer
pennsylvania_state_university,pennsylvania_state_university__81,Heat Transfer
pennsylvania_state_university,pennsylvania_state_university__82,Material Selection
pennsylvania_state_university,pennsylvania_state_university__83,Biofuels
pennsylvania_state_university,pennsylvania_state_university__84,Pipeline
pennsylvania_state_university,pennsylvania_state_university__84,Energy Security
pennsylvania_state_university,pennsylvania_state_university__85,Catalyst
pennsylvania_state_university,pennsylvania_state_university__86,Systems Engineering
pennsylvania_state_university,pennsylvania_state_university__87,Pressure Testing
pennsylvania_state_university,pennsylvania_state_university__88,Risk Assessment
pennsylvania_state_university,pennsylvania_state_university__89,Pipeline
pennsylvania_state_university,pennsylvania_state_university__90,Chemical Engineering
pennsylvania_state_university,pennsylvania_state_university__91,Environmental Regulation
pennsylvania_state_university,pennsylvania_state_university__91,Process Engineering
pennsylvania_state_university,pennsylvania_state_university__91,Corrosion
pennsylvania_state_university,pennsylvania_state_university__91,Process Simulation
pennsylvania_state_university,pennsylvania_state_university__92,Pipeline
pennsylvania_state_university,pennsylvania_state_university__92,Combustion
pennsylvania_state_university,pennsylvania_state_university__93,Sustainability
pennsylvania_state_university,pennsylvania_state_university__94,Control Systems
pennsylvania_state_university,pennsylvania_state_university__95,Resource Management
pennsylvania_state_university,pennsylvania_state_university__96,Heat Transfer
pennsylvania_state_university,pennsylvania_state_university__97,Risk Assessment
pennsylvania_state_university,pennsylvania_state_university__98,Heat Transfer
pennsylvania_state_university,pennsylvania_state_university__99,Hydrogen
pennsylvania_state_university,pennsylvania_state_university__100,Hydrogen
pennsylvania_state_university,pennsylvania_state_university__101,Combustion
pennsylvania_state_university,pennsylvania_state_university__101,Materials Engineering
pennsylvania_state_university,pennsylvania_state_university__101,Chemical Engineering
pennsylvania_state_university,pennsylvania_state_university__101,Heat Transfer
pennsylvania_state_university,pennsylvania_state_university__102,Hydrogen
pennsylvania_state_university,pennsylvania_state_university__103,Welding
pennsylvania_state_university,pennsylvania_state_university__104,Explosion
pennsylvania_state_university,pennsylvania_state_university__105,Systems Engineering
pennsylvania_state_university,pennsylvania_state_university__106,Quality Assurance
pennsylvania_state_university,pennsylvania_state_university__107,Sustainability
pennsylvania_state_university,pennsylvania_state_university__108,Sustainability
pennsylvania_state_university,pennsylvania_state_university__109,Explosion
pennsylvania_state_university,pennsylvania_state_university__110,Process Engineering
pennsylvania_state_university,pennsylvania_state_university__111,Process Engineering
pennsylvania_state_university,pennsylvania_state_university__112,Process Engineering
pennsylvania_state_university,pennsylvania_state_university__113,Ion Exchange
pennsylvania_state_university,pennsylvania_state_university__113,Electrochemical
pennsylvania_state_university,pennsylvania_state_university__114,Automation
pennsylvania_state_university,pennsylvania_state_university__115,Heat Transfer
pennsylvania_state_university,pennsylvania_state_university__116,Greenhouse Gas Emissions
pennsylvania_state_university,pennsylvania_state_university__116,Climate Change Policy
pennsylvania_state_university,pennsylvania_state_university__117,Power Generation
pennsylvania_state_university,pennsylvania_state_university__118,Pressure Vessel
pennsylvania_state_university,pennsylvania_state_university__119,Materials Science
pennsylvania_state_university,pennsylvania_state_university__120,Risk Assessment
pennsylvania_state_university,pennsylvania_state_university__121,Risk Assessment
pennsylvania_state_university,pennsylvania_state_university__122,Resource Management
pennsylvania_state_university,pennsylvania_state_university__123,Heat Transfer
pennsylvania_state_university,pennsylvania_state_university__124,Heat Transfer
pennsylvania_state_university,pennsylvania_state_university__125,Heat Transfer
pennsylvania_state_university,pennsylvania_state_university__126,Compressors
pennsylvania_state_university,pennsylvania_state_university__126,Heat Transfer
pennsylvania_state_university,pennsylvania_state_university__127,Combustion
pennsylvania_state_university,pennsylvania_state_university__128,Control Systems
pennsylvania_state_university,pennsylvania_state_university__128,Process Control
pennsylvania_state_university,pennsylvania_state_university__129,Automation
pennsylvania_state_university,pennsylvania_state_university__130,Material Selection
pennsylvania_state_university,pennsylvania_state_university__131,Sustainability
pennsylvania_state_university,pennsylvania_state_university__132,Ion Exchange
pennsylvania_state_university,pennsylvania_state_university__132,Project Management
pennsylvania_state_university,pennsylvania_state_university__133,Combustion
pennsylvania_state_university,pennsylvania_state_university__134,Material Selection
pennsylvania_state_university,pennsylvania_state_university__134,Materials Engineering
pennsylvania_state_university,pennsylvania_state_university__135,Sustainability
pennsylvania_state_university,pennsylvania_state_university__136,Sustainability
pennsylvania_state_university,pennsylvania_state_university__137,Heat Transfer
pennsylvania_state_university,pennsylvania_state_university__138,Greenhouse Gas Emissions
pennsylvania_state_university,pennsylvania_state_university__138,Energy Policy
pennsylvania_state_university,pennsylvania_state_university__139,Resource Management
pennsylvania_state_university,pennsylvania_state_university__140,Sustainability
pennsylvania_state_university,pennsylvania_state_university__141,Materials Science
pennsylvania_state_university,pennsylvania_state_university__142,Project Management
pennsylvania_state_university,pennsylvania_state_university__143,Project Management
pennsylvania_state_university,pennsylvania_state_university__144,Project Management
pennsylvania_state_university,pennsylvania_state_university__145,Sustainability
pennsylvania_state_university,pennsylvania_state_university__146,Heat Transfer
pennsylvania_state_university,pennsylvania_state_university__147,Heat Transfer
pennsylvania_state_university,pennsylvania_state_university__148,Greenhouse Gas Emissions
pennsylvania_state_university,pennsylvania_state_university__149,Greenhouse Gas Emissions
pennsylvania_state_university,pennsylvania_state_university__150,Corrosion
pennsylvania_state_university,pennsylvania_state_university__150,Materials Science
pennsylvania_state_university,pennsylvania_state_university__150,Electrochemistry
pennsylvania_state_university,pennsylvania_state_university__151,Materials Science
pennsylvania_state_university,pennsylvania_state_university__152,Automation
pennsylvania_state_university,pennsylvania_state_university__153,Resource Management
pennsylvania_state_university,pennsylvania_state_university__153,Project Management
pennsylvania_state_university,pennsylvania_state_university__154,Resource Management
pennsylvania_state_university,pennsylvania_state_university__154,Project Management
pennsylvania_state_university,pennsylvania_state_university__155,Automation
pennsylvania_state_university,pennsylvania_state_university__156,Heat Transfer
pennsylvania_state_university,pennsylvania_state_university__157,Heat Transfer
pennsylvania_state_university,pennsylvania_state_university__158,Heat Transfer
pennsylvania_state_university,pennsylvania_state_university__159,Materials Science
pennsylvania_state_university,pennsylvania_state_university__160,Materials Science
pennsylvania_state_university,pennsylvania_state_university__160,Chemical Synthesis
pennsylvania_state_university,pennsylvania_state_university__161,Materials Science
pennsylvania_state_university,pennsylvania_state_university__162,Materials Science
pennsylvania_state_university,pennsylvania_state_university__163,Project Management
pennsylvania_state_university,pennsylvania_state_university__164,Project Management
pennsylvania_state_university,pennsylvania_state_university__165,Project Management
pennsylvania_state_university,pennsylvania_state_university__166,Automation
pennsylvania_state_university,pennsylvania_state_university__167,Pressure Vessel
pennsylvania_state_university,pennsylvania_state_university__168,Control Systems
pennsylvania_state_university,pennsylvania_state_university__169,Power Transformer
pennsylvania_state_university,pennsylvania_state_university__169,Materials Science
pennsylvania_state_university,pennsylvania_state_university__170,Material Selection
pennsylvania_state_university,pennsylvania_state_university__170,Materials Science
pennsylvania_state_university,pennsylvania_state_university__171,Electrochemical
pennsylvania_state_university,pennsylvania_state_university__172,Materials Science
pennsylvania_state_university,pennsylvania_state_university__172,Electrochemical
pennsylvania_state_university,pennsylvania_state_university__173,Materials Science
pennsylvania_state_university,pennsylvania_state_university__174,Project Management
pennsylvania_state_university,pennsylvania_state_university__175,Project Development
pennsylvania_state_university,pennsylvania_state_university__176,Resource Management
pennsylvania_state_university,pennsylvania_state_university__177,Predictive Analytics
pennsylvania_state_university,pennsylvania_state_university__178,Resource Management
pennsylvania_state_university,pennsylvania_state_university__179,Resource Management
pennsylvania_state_university,pennsylvania_state_university__180,Combustion
pennsylvania_state_university,pennsylvania_state_university__181,Materials Science
pennsylvania_state_university,pennsylvania_state_university__182,Chemical Engineering
pennsylvania_state_university,pennsylvania_state_university__182,Heat Transfer
pennsylvania_state_university,pennsylvania_state_university__183,Resource Management
pennsylvania_state_university,pennsylvania_state_university__184,Resource Management
pennsylvania_state_university,pennsylvania_state_university__185,Combustion
pennsylvania_state_university,pennsylvania_state_university__186,Fuel Cell
pennsylvania_state_university,pennsylvania_state_university__186,Heat Transfer
pennsylvania_state_university,pennsylvania_state_university__186,Electrochemistry
pennsylvania_state_university,pennsylvania_state_university__187,Gas Turbine
pennsylvania_state_university,pennsylvania_state_university__187,Heat Transfer
pennsylvania_state_university,pennsylvania_state_university__188,Control Systems
pennsylvania_state_university,pennsylvania_state_university__189,Materials Science
pennsylvania_state_university,pennsylvania_state_university__190,Fuel Cell
pennsylvania_state_university,pennsylvania_state_university__190,Corrosion
pennsylvania_state_university,pennsylvania_state_university__190,Electrochemical
pennsylvania_state_university,pennsylvania_state_university__190,Electrochemistry
pennsylvania_state_university,pennsylvania_state_university__191,Materials Engineering
pennsylvania_state_university,pennsylvania_state_university__192,Ion Exchange
pennsylvania_state_university,pennsylvania_state_university__192,Electrochemical
pennsylvania_state_university,pennsylvania_state_university__193,Corrosion
pennsylvania_state_university,pennsylvania_state_university__193,Sustainability
pennsylvania_state_university,pennsylvania_state_university__194,Resource Management
pennsylvania_state_university,pennsylvania_state_university__195,Resource Management
pennsylvania_state_university,pennsylvania_state_university__196,Combustion
pennsylvania_state_university,pennsylvania_state_university__196,Materials Engineering
pennsylvania_state_university,pennsylvania_state_university__196,Chemical Engineering
pennsylvania_state_university,pennsylvania_state_university__196,Heat Transfer
pennsylvania_state_university,pennsylvania_state_university__197,Fuel Cell
pennsylvania_state_university,pennsylvania_state_university__197,Combustion
pennsylvania_state_university,pennsylvania_state_university__197,Renewable Energy
pennsylvania_state_university,pennsylvania_state_university__197,Heat Transfer
pennsylvania_state_university,pennsylvania_state_university__198,Heat Transfer
pennsylvania_state_university,pennsylvania_state_university__199,Heat Transfer
pennsylvania_state_university,pennsylvania_state_university__200,Compressors
pennsylvania_state_university,pennsylvania_state_university__201,Heat Transfer
pennsylvania_state_university,pennsylvania_state_university__202,Materials Engineering
pennsylvania_state_university,pennsylvania_state_university__202,Materials Science
pennsylvania_state_university,pennsylvania_state_university__203,ESG
pennsylvania_state_university,pennsylvania_state_university__204,Resource Management
pennsylvania_state_university,pennsylvania_state_university__205,Automation
pennsylvania_state_university,pennsylvania_state_university__206,Resource Management
pennsylvania_state_university,pennsylvania_state_university__207,Catalyst
pennsylvania_state_university,pennsylvania_state_university__208,Heat Transfer
pennsylvania_state_university,pennsylvania_state_university__209,Hydrogen
pennsylvania_state_university,pennsylvania_state_university__209,Combustion
pennsylvania_state_university,pennsylvania_state_university__209,Flammability
pennsylvania_state_university,pennsylvania_state_university__209,Heat Transfer
pennsylvania_state_university,pennsylvania_state_university__210,Combustion
pennsylvania_state_university,pennsylvania_state_university__211,Life Cycle Analysis
pennsylvania_state_university,pennsylvania_state_university__211,Materials Science
pennsylvania_state_university,pennsylvania_state_university__212,Materials Science
pennsylvania_state_university,pennsylvania_state_university__213,Materials Science
pennsylvania_state_university,pennsylvania_state_university__214,Materials Science
pennsylvania_state_university,pennsylvania_state_university__215,Resource Management
pennsylvania_state_university,pennsylvania_state_university__216,Risk Assessment
pennsylvania_state_university,pennsylvania_state_university__216,Resource Management
pennsylvania_state_university,pennsylvania_state_university__217,Resource Management
pennsylvania_state_university,pennsylvania_state_university__218,Control Systems
pennsylvania_state_university,pennsylvania_state_university__219,Sustainability
pennsylvania_state_university,pennsylvania_state_university__219,Heat Transfer
pennsylvania_state_university,pennsylvania_state_university__220,Sustainability
pennsylvania_state_university,pennsylvania_state_university__221,Welding
pennsylvania_state_university,pennsylvania_state_university__222,Sustainability
pennsylvania_state_university,pennsylvania_state_university__222,Materials Engineering
pennsylvania_state_university,pennsylvania_state_university__223,Materials Science
pennsylvania_state_university,pennsylvania_state_university__223,Project Management
pennsylvania_state_university,pennsylvania_state_university__224,Resource Management
pennsylvania_state_university,pennsylvania_state_university__225,Environmental Protection
pennsylvania_state_university,pennsylvania_state_university__226,Resource Management
pennsylvania_state_university,pennsylvania_state_university__227,Control Systems
pennsylvania_state_university,pennsylvania_state_university__228,Heat Transfer
pennsylvania_state_university,pennsylvania_state_university__229,Sustainability
pennsylvania_state_university,pennsylvania_state_university__230,Quality Assurance
pennsylvania_state_university,pennsylvania_state_university__231,Resource Management
pennsylvania_state_university,pennsylvania_state_university__232,Sustainability
pennsylvania_state_university,pennsylvania_state_university__232,Water Usage
pennsylvania_state_university,pennsylvania_state_university__233,Geographic Information Systems
pennsylvania_state_university,pennsylvania_state_university__234,Sustainability
pennsylvania_state_university,pennsylvania_state_university__235,Fuel Cell
pennsylvania_state_university,pennsylvania_state_university__236,Automation
pennsylvania_state_university,pennsylvania_state_university__237,Technical Drawing
pennsylvania_state_university,pennsylvania_state_university__238,Systems Engineering
pennsylvania_state_university,pennsylvania_state_university__239,Predictive Analytics
pennsylvania_state_university,pennsylvania_state_university__240,Project Management
pennsylvania_state_university,pennsylvania_state_university__241,Resource Management
pennsylvania_state_university,pennsylvania_state_university__242,Explosion
pennsylvania_state_university,pennsylvania_state_university__243,Risk Assessment
pennsylvania_state_university,pennsylvania_state_university__244,Systems Engineering
pennsylvania_state_university,pennsylvania_state_university__245,Project Management
pennsylvania_state_university,pennsylvania_state_university__246,Project Development
pennsylvania_state_university,pennsylvania_state_university__246,Project Management
pennsylvania_state_university,pennsylvania_state_university__247,Project Management
pennsylvania_state_university,pennsylvania_state_university__248,Project Management
pennsylvania_state_university,pennsylvania_state_university__249,Sustainability
pennsylvania_state_university,pennsylvania_state_university__250,Quality Assurance
pennsylvania_state_university,pennsylvania_state_university__251,Project Management
pennsylvania_state_university,pennsylvania_state_university__252,Resource Management
pennsylvania_state_university,pennsylvania_state_university__253,Sustainability
pennsylvania_state_university,pennsylvania_state_university__254,Explosion
pennsylvania_state_university,pennsylvania_state_university__255,Sustainability
pennsylvania_state_university,pennsylvania_state_university__256,Sustainability
pennsylvania_state_university,pennsylvania_state_university__256,Resource Management
pennsylvania_state_university,pennsylvania_state_university__256,Project Management
pennsylvania_state_university,pennsylvania_state_university__257,Sustainability
pennsylvania_state_university,pennsylvania_state_university__258,Resource Management
pennsylvania_state_university,pennsylvania_state_university__259,CCUS
pennsylvania_state_university,pennsylvania_state_university__260,Environmental Regulation
pennsylvania_state_university,pennsylvania_state_university__260,Combustion
pennsylvania_state_university,pennsylvania_state_university__261,Resource Management
pennsylvania_state_university,pennsylvania_state_university__262,Quality Assurance
pennsylvania_state_university,pennsylvania_state_university__263,Sustainability
pennsylvania_state_university,pennsylvania_state_university__264,Project Management
pennsylvania_state_university,pennsylvania_state_university__265,Resource Management
pennsylvania_state_university,pennsylvania_state_university__266,Carbon Storage
pennsylvania_state_university,pennsylvania_state_university__267,Geographic Information Systems
pennsylvania_state_university,pennsylvania_state_university__267,Resource Management
pennsylvania_state_university,pennsylvania_state_university__268,Sustainability
pennsylvania_state_university,pennsylvania_state_university__269,Sustainability
pennsylvania_state_university,pennsylvania_state_university__270,Resource Management
pennsylvania_state_university,pennsylvania_state_university__271,Geographic Information Systems
pennsylvania_state_university,pennsylvania_state_university__271,Resource Management
pennsylvania_state_university,pennsylvania_state_university__272,Quality Assurance
pennsylvania_state_university,pennsylvania_state_university__273,Sustainability
pennsylvania_state_university,pennsylvania_state_university__274,Geographic Information Systems
pennsylvania_state_university,pennsylvania_state_university__274,Resource Management
pennsylvania_state_university,pennsylvania_state_university__275,Resource Management
pennsylvania_state_university,pennsylvania_state_university__276,Hydrogen
pennsylvania_state_university,pennsylvania_state_university__277,Resource Management
pennsylvania_state_university,pennsylvania_state_university__278,Water Quality
pennsylvania_state_university,pennsylvania_state_university__279,Quality Assurance
pennsylvania_state_university,pennsylvania_state_university__280,Systems Engineering
pennsylvania_state_university,pennsylvania_state_university__281,Resource Management
pennsylvania_state_university,pennsylvania_state_university__282,Sustainability
pennsylvania_state_university,pennsylvania_state_university__283,Risk Assessment
pennsylvania_state_university,pennsylvania_state_university__284,Sustainability
pennsylvania_state_university,pennsylvania_state_university__285,Heat Transfer
pennsylvania_state_university,pennsylvania_state_university__286,CCUS
pennsylvania_state_university,pennsylvania_state_university__287,Systems Engineering
pennsylvania_state_university,pennsylvania_state_university__288,Systems Engineering
pennsylvania_state_university,pennsylvania_state_university__289,Explosion
pennsylvania_state_university,pennsylvania_state_university__290,Geographic Information Systems
pennsylvania_state_university,pennsylvania_state_university__291,Geographic Information Systems
pennsylvania_state_university,pennsylvania_state_university__292,Geographic Information Systems
pennsylvania_state_university,pennsylvania_state_university__293,Environmental Regulation
pennsylvania_state_university,pennsylvania_state_university__293,Resource Management
pennsylvania_state_university,pennsylvania_state_university__294,Resource Management
pennsylvania_state_university,pennsylvania_state_university__295,Water Quality
pennsylvania_state_university,pennsylvania_state_university__295,Sustainability
pennsylvania_state_university,pennsylvania_state_university__296,Sustainability
pennsylvania_state_university,pennsylvania_state_university__296,Resource Management
pennsylvania_state_university,pennsylvania_state_university__297,Resource Management
pennsylvania_state_university,pennsylvania_state_university__298,Sustainability
pennsylvania_state_university,pennsylvania_state_university__299,Geographic Information Systems
pennsylvania_state_university,pennsylvania_state_university__300,Water Quality
pennsylvania_state_university,pennsylvania_state_university__301,Sustainability
pennsylvania_state_university,pennsylvania_state_university__302,Risk Assessment
pennsylvania_state_university,pennsylvania_state_university__303,Resource Management
pennsylvania_state_university,pennsylvania_state_university__304,Sustainability
pennsylvania_state_university,pennsylvania_state_university__305,Predictive Analytics
pennsylvania_state_university,pennsylvania_state_university__306,Heat Transfer
pennsylvania_state_university,pennsylvania_state_university__307,Water Quality
pennsylvania_state_university,pennsylvania_state_university__308,Engineering Drawing
pennsylvania_state_university,pennsylvania_state_university__309,Pressure Vessel
pennsylvania_state_university,pennsylvania_state_university__310,Resource Management
pennsylvania_state_university,pennsylvania_state_university__311,Sustainability
pennsylvania_state_university,pennsylvania_state_university__312,Environmental Protection
pennsylvania_state_university,pennsylvania_state_university__312,Resource Management
pennsylvania_state_university,pennsylvania_state_university__313,Sustainability
pennsylvania_state_university,pennsylvania_state_university__314,Quality Assurance
pennsylvania_state_university,pennsylvania_state_university__315,Renewable Energy
pennsylvania_state_university,pennsylvania_state_university__315,Electricity Markets
pennsylvania_state_university,pennsylvania_state_university__316,Welding
pennsylvania_state_university,pennsylvania_state_university__317,Pressure Vessel
pennsylvania_state_university,pennsylvania_state_university__318,Pressure Vessel
pennsylvania_state_university,pennsylvania_state_university__319,Water Quality
pennsylvania_state_university,pennsylvania_state_university__320,Resource Management
pennsylvania_state_university,pennsylvania_state_university__321,Ion Exchange
pennsylvania_state_university,pennsylvania_state_university__322,Resource Management
pennsylvania_state_university,pennsylvania_state_university__323,Greenhouse Gas Emissions
pennsylvania_state_university,pennsylvania_state_university__323,Climate Change Policy
pennsylvania_state_university,pennsylvania_state_university__324,Environmental Protection
pennsylvania_state_university,pennsylvania_state_university__325,Process Control
pennsylvania_state_university,pennsylvania_state_university__326,Engineering Drawing
pennsylvania_state_university,pennsylvania_state_university__327,Sustainability
pennsylvania_state_university,pennsylvania_state_university__328,Electrochemical
pennsylvania_state_university,pennsylvania_state_university__329,Heat Transfer
pennsylvania_state_university,pennsylvania_state_university__330,Materials Engineering
pennsylvania_state_university,pennsylvania_state_university__331,Water Quality
pennsylvania_state_university,pennsylvania_state_university__331,Resource Management
pennsylvania_state_university,pennsylvania_state_university__332,Sustainability
pennsylvania_state_university,pennsylvania_state_university__333,Resource Management
pennsylvania_state_university,pennsylvania_state_university__334,Sustainability
pennsylvania_state_university,pennsylvania_state_university__334,Catalyst
pennsylvania_state_university,pennsylvania_state_university__335,Environmental Impact Assessment
pennsylvania_state_university,pennsylvania_state_university__335,Sustainability
pennsylvania_state_university,pennsylvania_state_university__336,Geographic Information Systems
pennsylvania_state_university,pennsylvania_state_university__337,Geographic Information Systems
pennsylvania_state_university,pennsylvania_state_university__338,Automation
pennsylvania_state_university,pennsylvania_state_university__339,Risk Assessment
pennsylvania_state_university,pennsylvania_state_university__339,Resource Management
pennsylvania_state_university,pennsylvania_state_university__340,Welding
pennsylvania_state_university,pennsylvania_state_university__341,Energy Policy
pennsylvania_state_university,pennsylvania_state_university__342,Energy Market
pennsylvania_state_university,pennsylvania_state_university__342,Energy Policy
pennsylvania_state_university,pennsylvania_state_university__343,Sustainability
pennsylvania_state_university,pennsylvania_state_university__344,Heat Transfer
pennsylvania_state_university,pennsylvania_state_university__345,Environmental Protection
pennsylvania_state_university,pennsylvania_state_university__346,Sustainability
pennsylvania_state_university,pennsylvania_state_university__347,Environmental Regulation
pennsylvania_state_university,pennsylvania_state_university__348,Renewable Energy
pennsylvania_state_university,pennsylvania_state_university__348,Energy Transition
pennsylvania_state_university,pennsylvania_state_university__348,Carbon Emissions
pennsylvania_state_university,pennsylvania_state_university__349,Electricity Markets
pennsylvania_state_university,pennsylvania_state_university__349,Power Generation
pennsylvania_state_university,pennsylvania_state_university__350,Sustainability
pennsylvania_state_university,pennsylvania_state_university__351,Project Management
pennsylvania_state_university,pennsylvania_state_university__352,Systems Engineering
pennsylvania_state_university,pennsylvania_state_university__352,Risk Assessment
pennsylvania_state_university,pennsylvania_state_university__353,Project Management
pennsylvania_state_university,pennsylvania_state_university__354,Project Management
pennsylvania_state_university,pennsylvania_state_university__355,Greenhouse Gas Emissions
pennsylvania_state_university,pennsylvania_state_university__356,Risk Assessment
pennsylvania_state_university,pennsylvania_state_university__357,Energy Market
pennsylvania_state_university,pennsylvania_state_university__358,Engineering Management
pennsylvania_state_university,pennsylvania_state_university__359,Engineering Management
pennsylvania_state_university,pennsylvania_state_university__360,Materials Science
pennsylvania_state_university,pennsylvania_state_university__361,CCUS
pennsylvania_state_university,pennsylvania_state_university__362,Technical Drawing
pennsylvania_state_university,pennsylvania_state_university__363,Greenhouse Gas Emissions
pennsylvania_state_university,pennsylvania_state_university__364,Greenhouse Gas Emissions
pennsylvania_state_university,pennsylvania_state_university__365,Environmental Protection
pennsylvania_state_university,pennsylvania_state_university__366,Environmental Protection
pennsylvania_state_university,pennsylvania_state_university__367,Control Systems
pennsylvania_state_university,pennsylvania_state_university__368,Resource Management
pennsylvania_state_university,pennsylvania_state_university__369,Energy Policy
pennsylvania_state_university,pennsylvania_state_university__370,Sustainability
pennsylvania_state_university,pennsylvania_state_university__370,Resource Management
pennsylvania_state_university,pennsylvania_state_university__371,Materials Science
pennsylvania_state_university,pennsylvania_state_university__372,Materials Science
pennsylvania_state_university,pennsylvania_state_university__373,Corrosion
pennsylvania_state_university,pennsylvania_state_university__373,Electrochemical
pennsylvania_state_university,pennsylvania_state_university__374,Combustion
pennsylvania_state_university,pennsylvania_state_university__375,Heat Transfer
pennsylvania_state_university,pennsylvania_state_university__376,Energy Demand
pennsylvania_state_university,pennsylvania_state_university__376,Energy Transition
pennsylvania_state_university,pennsylvania_state_university__377,Process Control
pennsylvania_state_university,pennsylvania_state_university__378,Project Management
pennsylvania_state_university,pennsylvania_state_university__379,Heat Transfer
pennsylvania_state_university,pennsylvania_state_university__380,Control Systems
pennsylvania_state_university,pennsylvania_state_university__381,Energy Policy
pennsylvania_state_university,pennsylvania_state_university__382,Environmental Regulation
pennsylvania_state_university,pennsylvania_state_university__383,Sustainability
pennsylvania_state_university,pennsylvania_state_university__384,Corrosion
pennsylvania_state_university,pennsylvania_state_university__385,Project Management
pennsylvania_state_university,pennsylvania_state_university__386,Project Management
pennsylvania_state_university,pennsylvania_state_university__387,Materials Science
pennsylvania_state_university,pennsylvania_state_university__388,ANSYS
pennsylvania_state_university,pennsylvania_state_university__389,Materials Engineering
pennsylvania_state_university,pennsylvania_state_university__390,Renewable Energy
pennsylvania_state_university,pennsylvania_state_university__390,Electricity Markets
pennsylvania_state_university,pennsylvania_state_university__390,Power Generation
pennsylvania_state_university,pennsylvania_state_university__391,Sustainability
pennsylvania_state_university,pennsylvania_state_university__392,Chemical Engineering
pennsylvania_state_university,pennsylvania_state_university__392,Fuel Cell
pennsylvania_state_university,pennsylvania_state_university__392,Hydrogen
pennsylvania_state_university,pennsylvania_state_university__392,Electrochemical
pennsylvania_state_university,pennsylvania_state_university__392,Electrochemistry
pennsylvania_state_university,pennsylvania_state_university__393,Hydrogen
pennsylvania_state_university,pennsylvania_state_university__393,Combustion
pennsylvania_state_university,pennsylvania_state_university__393,Flammability
pennsylvania_state_university,pennsylvania_state_university__393,Heat Transfer
pennsylvania_state_university,pennsylvania_state_university__394,Hydrogen
pennsylvania_state_university,pennsylvania_state_university__394,Electrochemical
pennsylvania_state_university,pennsylvania_state_university__394,Fuel Cell
pennsylvania_state_university,pennsylvania_state_university__394,Electrolysis
pennsylvania_state_university,pennsylvania_state_university__395,Renewable Energy
pennsylvania_state_university,pennsylvania_state_university__396,Control Systems
pennsylvania_state_university,pennsylvania_state_university__397,Geographic Information Systems
pennsylvania_state_university,pennsylvania_state_university__398,Geographic Information Systems
pennsylvania_state_university,pennsylvania_state_university__399,Geographic Information Systems
pennsylvania_state_university,pennsylvania_state_university__399,Project Management
pennsylvania_state_university,pennsylvania_state_university__400,Pipeline
pennsylvania_state_university,pennsylvania_state_university__400,Sustainability
pennsylvania_state_university,pennsylvania_state_university__400,Energy Demand
pennsylvania_state_university,pennsylvania_state_university__400,Geographic Information Systems
pennsylvania_state_university,pennsylvania_state_university__401,Project Management
pennsylvania_state_university,pennsylvania_state_university__402,Control Systems
pennsylvania_state_university,pennsylvania_state_university__403,Systems Engineering
pennsylvania_state_university,pennsylvania_state_university__404,Sustainability
pennsylvania_state_university,pennsylvania_state_university__405,Renewable Energy
pennsylvania_state_university,pennsylvania_state_university__405,Sustainability
pennsylvania_state_university,pennsylvania_state_university__406,Power Generation
pennsylvania_state_university,pennsylvania_state_university__407,Chemical Engineering
pennsylvania_state_university,pennsylvania_state_university__407,Fuel Cell
pennsylvania_state_university,pennsylvania_state_university__407,Corrosion
pennsylvania_state_university,pennsylvania_state_university__407,Catalysis
pennsylvania_state_university,pennsylvania_state_university__407,Electrochemical
pennsylvania_state_university,pennsylvania_state_university__407,Electrochemistry
pennsylvania_state_university,pennsylvania_state_university__408,Electrochemical
pennsylvania_state_university,pennsylvania_state_university__408,Chemical Engineering
pennsylvania_state_university,pennsylvania_state_university__408,Electrochemistry
pennsylvania_state_university,pennsylvania_state_university__409,Liquefaction
pennsylvania_state_university,pennsylvania_state_university__409,Coal Gasification
pennsylvania_state_university,pennsylvania_state_university__410,Catalysis
pennsylvania_state_university,pennsylvania_state_university__411,Corrosion
pennsylvania_state_university,pennsylvania_state_university__412,Sustainability
pennsylvania_state_university,pennsylvania_state_university__413,Geographic Information Systems
pennsylvania_state_university,pennsylvania_state_university__414,Geographic Information Systems
pennsylvania_state_university,pennsylvania_state_university__415,Geographic Information Systems
pennsylvania_state_university,pennsylvania_state_university__416,Heat Transfer
pennsylvania_state_university,pennsylvania_state_university__417,Control Systems
pennsylvania_state_university,pennsylvania_state_university__418,Combustion
pennsylvania_state_university,pennsylvania_state_university__419,Materials Science
pennsylvania_state_university,pennsylvania_state_university__420,Sustainability
pennsylvania_state_university,pennsylvania_state_university__421,Sustainability
pennsylvania_state_university,pennsylvania_state_university__422,Automation
pennsylvania_state_university,pennsylvania_state_university__423,Systems Engineering
pennsylvania_state_university,pennsylvania_state_university__423,Project Management
pennsylvania_state_university,pennsylvania_state_university__424,Project Development
pennsylvania_state_university,pennsylvania_state_university__425,Sustainability
pennsylvania_state_university,pennsylvania_state_university__426,Systems Engineering
pennsylvania_state_university,pennsylvania_state_university__427,Power Generation
pennsylvania_state_university,pennsylvania_state_university__428,Project Management
pennsylvania_state_university,pennsylvania_state_university__429,Sustainability
pennsylvania_state_university,pennsylvania_state_university__429,Energy Demand
pennsylvania_state_university,pennsylvania_state_university__429,Energy Security
pennsylvania_state_university,pennsylvania_state_university__429,Energy Policy
pennsylvania_state_university,pennsylvania_state_university__430,Water Quality
pennsylvania_state_university,pennsylvania_state_university__431,Materials Science
pennsylvania_state_university,pennsylvania_state_university__432,Materials Science
pennsylvania_state_university,pennsylvania_state_university__433,Heat Transfer
pennsylvania_state_university,pennsylvania_state_university__434,Sustainability
pennsylvania_state_university,pennsylvania_state_university__435,Sustainability
pennsylvania_state_university,pennsylvania_state_university__436,Predictive Analytics
pennsylvania_state_university,pennsylvania_state_university__437,Sustainability
pennsylvania_state_university,pennsylvania_state_university__437,Carbon Emissions
pennsylvania_state_university,pennsylvania_state_university__438,Control Systems
pennsylvania_state_university,pennsylvania_state_university__439,Automation
pennsylvania_state_university,pennsylvania_state_university__440,Power Quality
pennsylvania_state_university,pennsylvania_state_university__441,Automation
pennsylvania_state_university,pennsylvania_state_university__441,Process Control
pennsylvania_state_university,pennsylvania_state_university__442,Project Management
pennsylvania_state_university,pennsylvania_state_university__443,Control Systems
pennsylvania_state_university,pennsylvania_state_university__444,Electrochemical
pennsylvania_state_university,pennsylvania_state_university__445,Power Transformer
pennsylvania_state_university,pennsylvania_state_university__446,CCUS
pennsylvania_state_university,pennsylvania_state_university__447,Carbon Emissions
pennsylvania_state_university,pennsylvania_state_university__448,Sustainability
pennsylvania_state_university,pennsylvania_state_university__449,Project Management
pennsylvania_state_university,pennsylvania_state_university__450,Sustainability
pennsylvania_state_university,pennsylvania_state_university__451,Sustainability
pennsylvania_state_university,pennsylvania_state_university__452,Pipeline
pennsylvania_state_university,pennsylvania_state_university__453,Fuel Cell
pennsylvania_state_university,pennsylvania_state_university__453,Power Quality
pennsylvania_state_university,pennsylvania_state_university__454,Carbon Markets
pennsylvania_state_university,pennsylvania_state_university__454,Carbon Market
pennsylvania_state_university,pennsylvania_state_university__455,Process Simulation
pennsylvania_state_university,pennsylvania_state_university__455,Materials Engineering
pennsylvania_state_university,pennsylvania_state_university__456,Environmental Protection
pennsylvania_state_university,pennsylvania_state_university__457,Process Control
pennsylvania_state_university,pennsylvania_state_university__458,Corrosion
pennsylvania_state_university,pennsylvania_state_university__459,Control Systems
pennsylvania_state_university,pennsylvania_state_university__460,CCUS
pennsylvania_state_university,pennsylvania_state_university__461,Control Systems
pennsylvania_state_university,pennsylvania_state_university__462,Control Systems
pennsylvania_state_university,pennsylvania_state_university__463,Control Systems
pennsylvania_state_university,pennsylvania_state_university__464,Automation
pennsylvania_state_university,pennsylvania_state_university__465,Power Quality
pennsylvania_state_university,pennsylvania_state_university__466,Renewable Energy
pennsylvania_state_university,pennsylvania_state_university__467,Automation
pennsylvania_state_university,pennsylvania_state_university__467,Control Systems
pennsylvania_state_university,pennsylvania_state_university__467,Power Generation
pennsylvania_state_university,pennsylvania_state_university__468,Power Transformer
pennsylvania_state_university,pennsylvania_state_university__469,Sustainability
pennsylvania_state_university,pennsylvania_state_university__470,Materials Science
pennsylvania_state_university,pennsylvania_state_university__471,Process Control
pennsylvania_state_university,pennsylvania_state_university__472,Risk Assessment
pennsylvania_state_university,pennsylvania_state_university__473,Explosion
pennsylvania_state_university,pennsylvania_state_university__474,Resource Management
pennsylvania_state_university,pennsylvania_state_university__475,CCUS
pennsylvania_state_university,pennsylvania_state_university__476,Project Management
pennsylvania_state_university,pennsylvania_state_university__477,Systems Engineering
pennsylvania_state_university,pennsylvania_state_university__477,Engineering Management
pennsylvania_state_university,pennsylvania_state_university__477,Project Management
pennsylvania_state_university,pennsylvania_state_university__478,Sustainability
pennsylvania_state_university,pennsylvania_state_university__479,Sustainability
pennsylvania_state_university,pennsylvania_state_university__480,Sustainability
pennsylvania_state_university,pennsylvania_state_university__481,CCUS
pennsylvania_state_university,pennsylvania_state_university__482,CCUS
pennsylvania_state_university,pennsylvania_state_university__483,Sustainability
pennsylvania_state_university,pennsylvania_state_university__484,Environmental Protection
pennsylvania_state_university,pennsylvania_state_university__485,Sustainability
pennsylvania_state_university,pennsylvania_state_university__486,Water Quality
pennsylvania_state_university,pennsylvania_state_university__487,Sustainability
pennsylvania_state_university,pennsylvania_state_university__488,Sustainability
pennsylvania_state_university,pennsylvania_state_university__489,Water Quality
pennsylvania_state_university,pennsylvania_state_university__490,Water Quality
pennsylvania_state_university,pennsylvania_state_university__490,Sustainability
pennsylvania_state_university,pennsylvania_state_university__491,Sustainability
pennsylvania_state_university,pennsylvania_state_university__492,Sustainability
pennsylvania_state_university,pennsylvania_state_university__493,Sustainability
pennsylvania_state_university,pennsylvania_state_university__494,Sustainability
pennsylvania_state_university,pennsylvania_state_university__495,Project Management
pennsylvania_state_university,pennsylvania_state_university__496,Project Development
pennsylvania_state_university,pennsylvania_state_university__496,Engineering Management
pennsylvania_state_university,pennsylvania_state_university__497,Construction Management
pennsylvania_state_university,pennsylvania_state_university__498,Materials Science
pennsylvania_state_university,pennsylvania_state_university__499,Environmental Protection
pennsylvania_state_university,pennsylvania_state_university__500,Water Quality
pennsylvania_state_university,pennsylvania_state_university__501,CO2 Emissions
pennsylvania_state_university,pennsylvania_state_university__501,Renewable Energy
pennsylvania_state_university,pennsylvania_state_university__501,Carbon Emissions
pennsylvania_state_university,pennsylvania_state_university__502,Project Management
pennsylvania_state_university,pennsylvania_state_university__503,Material Selection
pennsylvania_state_university,pennsylvania_state_university__503,Sustainability
pennsylvania_state_university,pennsylvania_state_university__504,Materials Engineering
pennsylvania_state_university,pennsylvania_state_university__505,Automation
pennsylvania_state_university,pennsylvania_state_university__506,Construction Management
pennsylvania_state_university,pennsylvania_state_university__507,Resource Management
pennsylvania_state_university,pennsylvania_state_university__508,Geographic Information Systems
pennsylvania_state_university,pennsylvania_state_university__509,Sustainability
pennsylvania_state_university,pennsylvania_state_university__510,Corrosion
pennsylvania_state_university,pennsylvania_state_university__510,Water Quality
pennsylvania_state_university,pennsylvania_state_university__510,Electrochemistry
pennsylvania_state_university,pennsylvania_state_university__511,Fuel Cell
pennsylvania_state_university,pennsylvania_state_university__511,Electrochemistry
pennsylvania_state_university,pennsylvania_state_university__512,Corrosion
pennsylvania_state_university,pennsylvania_state_university__512,Catalysis
pennsylvania_state_university,pennsylvania_state_university__512,Electrolysis
pennsylvania_state_university,pennsylvania_state_university__512,Electrochemistry
pennsylvania_state_university,pennsylvania_state_university__513,Equipment Maintenance
pennsylvania_state_university,pennsylvania_state_university__514,Power Quality
pennsylvania_state_university,pennsylvania_state_university__515,Equipment Maintenance
pennsylvania_state_university,pennsylvania_state_university__516,Sustainability
pennsylvania_state_university,pennsylvania_state_university__517,Sustainability
pennsylvania_state_university,pennsylvania_state_university__518,Construction Management
pennsylvania_state_university,pennsylvania_state_university__519,Construction Management
pennsylvania_state_university,pennsylvania_state_university__520,Corrosion
pennsylvania_state_university,pennsylvania_state_university__520,Catalysis
pennsylvania_state_university,pennsylvania_state_university__520,Electrolysis
pennsylvania_state_university,pennsylvania_state_university__520,Electrochemistry
pennsylvania_state_university,pennsylvania_state_university__521,Chemical Engineering
pennsylvania_state_university,pennsylvania_state_university__522,Hydride
pennsylvania_state_university,pennsylvania_state_university__523,Catalyst
pennsylvania_state_university,pennsylvania_state_university__524,Resource Management
pennsylvania_state_university,pennsylvania_state_university__525,Explosion
pennsylvania_state_university,pennsylvania_state_university__526,Project Management
pennsylvania_state_university,pennsylvania_state_university__527,Sustainability
pennsylvania_state_university,pennsylvania_state_university__528,Sustainability
pennsylvania_state_university,pennsylvania_state_university__529,Resource Management
pennsylvania_state_university,pennsylvania_state_university__530,Electrochemistry
pennsylvania_state_university,pennsylvania_state_university__531,Chemical Engineering
pennsylvania_state_university,pennsylvania_state_university__532,Chemical Engineering
pennsylvania_state_university,pennsylvania_state_university__532,Heat Transfer
pennsylvania_state_university,pennsylvania_state_university__533,Chemical Engineering
pennsylvania_state_university,pennsylvania_state_university__533,Heat Transfer
pennsylvania_state_university,pennsylvania_state_university__534,Compressors
pennsylvania_state_university,pennsylvania_state_university__534,Chemical Engineering
pennsylvania_state_university,pennsylvania_state_university__535,Compressors
pennsylvania_state_university,pennsylvania_state_university__535,Chemical Engineering
pennsylvania_state_university,pennsylvania_state_university__536,Chemical Engineering
pennsylvania_state_university,pennsylvania_state_university__537,Heat Transfer
pennsylvania_state_university,pennsylvania_state_university__538,Sustainability
pennsylvania_state_university,pennsylvania_state_university__539,Pipeline
pennsylvania_state_university,pennsylvania_state_university__540,Water Quality
pennsylvania_state_university,pennsylvania_state_university__541,Hydrogen
pennsylvania_state_university,pennsylvania_state_university__542,Process Safety
pennsylvania_state_university,pennsylvania_state_university__542,Chemical Engineering
pennsylvania_state_university,pennsylvania_state_university__543,Chemical Engineering
pennsylvania_state_university,pennsylvania_state_university__544,Chemical Engineering
pennsylvania_state_university,pennsylvania_state_university__545,Heat Transfer
pennsylvania_state_university,pennsylvania_state_university__546,Chemical Engineering
pennsylvania_state_university,pennsylvania_state_university__547,Heat Transfer
pennsylvania_state_university,pennsylvania_state_university__548,Control Systems
pennsylvania_state_university,pennsylvania_state_university__549,Catalysis
pennsylvania_state_university,pennsylvania_state_university__550,Catalyst
pennsylvania_state_university,pennsylvania_state_university__551,Electrochemistry
pennsylvania_state_university,pennsylvania_state_university__552,Sustainability
pennsylvania_state_university,pennsylvania_state_university__552,Chemical Engineering
pennsylvania_state_university,pennsylvania_state_university__553,Combustion
pennsylvania_state_university,pennsylvania_state_university__553,Electrochemical
pennsylvania_state_university,pennsylvania_state_university__554,Chemical Engineering
pennsylvania_state_university,pennsylvania_state_university__555,Environmental Regulation
pennsylvania_state_university,pennsylvania_state_university__555,Combustion
pennsylvania_state_university,pennsylvania_state_university__556,Process Engineering
pennsylvania_state_university,pennsylvania_state_university__557,Power Generation
pennsylvania_state_university,pennsylvania_state_university__558,Chemical Engineering
pennsylvania_state_university,pennsylvania_state_university__559,Chemical Engineering
pennsylvania_state_university,pennsylvania_state_university__560,Chemical Engineering
pennsylvania_state_university,pennsylvania_state_university__561,Chemical Engineering
pennsylvania_state_university,pennsylvania_state_university__562,Chemical Engineering
pennsylvania_state_university,pennsylvania_state_university__563,Sustainability
pennsylvania_state_university,pennsylvania_state_university__564,Compressors
pennsylvania_state_university,pennsylvania_state_university__565,Catalysis
pennsylvania_state_university,pennsylvania_state_university__565,Systems Engineering
pennsylvania_state_university,pennsylvania_state_university__565,Combustion
pennsylvania_state_university,pennsylvania_state_university__566,Process Engineering
pennsylvania_state_university,pennsylvania_state_university__567,Chemical Synthesis
pennsylvania_state_university,pennsylvania_state_university__568,Materials Science
pennsylvania_state_university,pennsylvania_state_university__568,Electrochemical
pennsylvania_state_university,pennsylvania_state_university__569,Catalysis
pennsylvania_state_university,pennsylvania_state_university__570,Chemical Engineering
pennsylvania_state_university,pennsylvania_state_university__570,Electrochemistry
pennsylvania_state_university,pennsylvania_state_university__571,Combustion
pennsylvania_state_university,pennsylvania_state_university__572,Hydrogen
pennsylvania_state_university,pennsylvania_state_university__572,Catalysis
pennsylvania_state_university,pennsylvania_state_university__572,Chemical Engineering
pennsylvania_state_university,pennsylvania_state_university__573,Chemical Engineering
pennsylvania_state_university,pennsylvania_state_university__574,Catalysis
pennsylvania_state_university,pennsylvania_state_university__575,Process Safety
pennsylvania_state_university,pennsylvania_state_university__575,Flammability
pennsylvania_state_university,pennsylvania_state_university__575,Chemical Engineering
pennsylvania_state_university,pennsylvania_state_university__576,Chemical Engineering
pennsylvania_state_university,pennsylvania_state_university__577,Block Flow Diagram
pennsylvania_state_university,pennsylvania_state_university__577,Chemical Engineering
pennsylvania_state_university,pennsylvania_state_university__578,Chemical Engineering
pennsylvania_state_university,pennsylvania_state_university__578,Heat Transfer
pennsylvania_state_university,pennsylvania_state_university__579,Chemical Engineering
pennsylvania_state_university,pennsylvania_state_university__580,Chemical Engineering
pennsylvania_state_university,pennsylvania_state_university__581,Chemical Engineering
pennsylvania_state_university,pennsylvania_state_university__582,Chemical Engineering
pennsylvania_state_university,pennsylvania_state_university__583,Heat Transfer
pennsylvania_state_university,pennsylvania_state_university__584,Control Systems
pennsylvania_state_university,pennsylvania_state_university__585,Project Management
pennsylvania_state_university,pennsylvania_state_university__586,Catalysis
pennsylvania_state_university,pennsylvania_state_university__587,Explosion
pennsylvania_state_university,pennsylvania_state_university__588,Risk Assessment
pennsylvania_state_university,pennsylvania_state_university__589,Heat Transfer
pennsylvania_state_university,pennsylvania_state_university__590,Heat Transfer
pennsylvania_state_university,pennsylvania_state_university__591,Automation
pennsylvania_state_university,pennsylvania_state_university__591,Control Systems
pennsylvania_state_university,pennsylvania_state_university__592,Sustainability
pennsylvania_state_university,pennsylvania_state_university__592,Control Systems
pennsylvania_state_university,pennsylvania_state_university__593,Control Systems
pennsylvania_state_university,pennsylvania_state_university__594,Control Systems
pennsylvania_state_university,pennsylvania_state_university__595,Power Quality
pennsylvania_state_university,pennsylvania_state_university__596,Energy Market
pennsylvania_state_university,pennsylvania_state_university__597,Construction Management
pennsylvania_state_university,pennsylvania_state_university__598,Risk Assessment
pennsylvania_state_university,pennsylvania_state_university__599,Construction Management
pennsylvania_state_university,pennsylvania_state_university__600,Construction Management
pennsylvania_state_university,pennsylvania_state_university__601,Sustainability
pennsylvania_state_university,pennsylvania_state_university__602,Project Development
pennsylvania_state_university,pennsylvania_state_university__603,Quality Assurance
pennsylvania_state_university,pennsylvania_state_university__604,Sustainability
pennsylvania_state_university,pennsylvania_state_university__605,Resource Management
pennsylvania_state_university,pennsylvania_state_university__606,Energy Supply
pennsylvania_state_university,pennsylvania_state_university__607,Greenhouse Gas Emissions
pennsylvania_state_university,pennsylvania_state_university__607,Climate Change Policy
pennsylvania_state_university,pennsylvania_state_university__608,Catalyst
pennsylvania_state_university,pennsylvania_state_university__609,Sustainability
pennsylvania_state_university,pennsylvania_state_university__610,Sustainability
pennsylvania_state_university,pennsylvania_state_university__610,Resource Management
pennsylvania_state_university,pennsylvania_state_university__611,Water Quality
pennsylvania_state_university,pennsylvania_state_university__612,Sustainability
pennsylvania_state_university,pennsylvania_state_university__613,Combustion
pennsylvania_state_university,pennsylvania_state_university__614,Resource Management
pennsylvania_state_university,pennsylvania_state_university__615,Life Cycle Assessment
pennsylvania_state_university,pennsylvania_state_university__616,Sustainability
pennsylvania_state_university,pennsylvania_state_university__617,Project Development
pennsylvania_state_university,pennsylvania_state_university__617,Welding
pennsylvania_state_university,pennsylvania_state_university__618,Sustainability
pennsylvania_state_university,pennsylvania_state_university__619,Biomass Gasification
pennsylvania_state_university,pennsylvania_state_university__620,Power Generation
pennsylvania_state_university,pennsylvania_state_university__621,Renewable Energy
pennsylvania_state_university,pennsylvania_state_university__622,Sustainability
pennsylvania_state_university,pennsylvania_state_university__623,Sustainability
pennsylvania_state_university,pennsylvania_state_university__624,Resource Management
pennsylvania_state_university,pennsylvania_state_university__625,Project Management
pennsylvania_state_university,pennsylvania_state_university__626,Sustainability
pennsylvania_state_university,pennsylvania_state_university__627,Sustainability
pennsylvania_state_university,pennsylvania_state_university__628,Resource Management
pennsylvania_state_university,pennsylvania_state_university__629,Environmental Protection
pennsylvania_state_university,pennsylvania_state_university__630,Heat Transfer
pennsylvania_state_university,pennsylvania_state_university__631,Sustainability
pennsylvania_state_university,pennsylvania_state_university__632,Sustainability
pennsylvania_state_university,pennsylvania_state_university__633,Automation
pennsylvania_state_university,pennsylvania_state_university__634,Automation
pennsylvania_state_university,pennsylvania_state_university__635,Project Management
pennsylvania_state_university,pennsylvania_state_university__636,Heat Transfer
pennsylvania_state_university,pennsylvania_state_university__637,Sustainability
pennsylvania_state_university,pennsylvania_state_university__638,Control Systems
pennsylvania_state_university,pennsylvania_state_university__639,Sustainability
pennsylvania_state_university,pennsylvania_state_university__640,Explosion
rice_university,rice_university__0,Explosion
rice_university,rice_university__1,Sustainability
rice_university,rice_university__2,Materials Engineering
rice_university,rice_university__3,Environmental Protection
rice_university,rice_university__3,Sustainability
rice_university,rice_university__4,Explosion
rice_university,rice_university__5,Technical Drawing
rice_university,rice_university__6,Environmental Protection
rice_university,rice_university__6,Sustainability
rice_university,rice_university__7,Heat Transfer
rice_university,rice_university__8,Project Management
rice_university,rice_university__9,Project Management
rice_university,rice_university__10,ANSYS
rice_university,rice_university__11,Control Systems
rice_university,rice_university__12,Heat Transfer
rice_university,rice_university__13,Heat Transfer
rice_university,rice_university__14,Heat Transfer
rice_university,rice_university__15,Heat Transfer
rice_university,rice_university__16,Heat Transfer
rice_university,rice_university__17,Heat Transfer
rice_university,rice_university__18,Heat Transfer
rice_university,rice_university__19,Systems Engineering
rice_university,rice_university__20,Heat Transfer
rice_university,rice_university__21,Heat Transfer
rice_university,rice_university__22,Heat Transfer
rice_university,rice_university__23,Heat Transfer
rice_university,rice_university__24,Combustion
rice_university,rice_university__24,Compressors
rice_university,rice_university__25,Heat Transfer
rice_university,rice_university__25,Pipeline
rice_university,rice_university__25,Control Systems
rice_university,rice_university__26,Control Systems
rice_university,rice_university__27,Heat Transfer
rice_university,rice_university__28,Explosion
rice_university,rice_university__29,Predictive Analytics
rice_university,rice_university__30,Predictive Analytics
rice_university,rice_university__31,Energy Security
rice_university,rice_university__32,Sustainability
rice_university,rice_university__33,Predictive Analytics
rice_university,rice_university__34,Predictive Analytics
rice_university,rice_university__35,Project Management
rice_university,rice_university__36,Project Management
rice_university,rice_university__37,Engineering Management
rice_university,rice_university__38,Project Management
rice_university,rice_university__39,Engineering Management
rice_university,rice_university__40,System Optimization
rice_university,rice_university__41,Pipeline
rice_university,rice_university__42,Process Control
rice_university,rice_university__43,Project Development
rice_university,rice_university__44,Risk Assessment
rice_university,rice_university__45,Pipeline
rice_university,rice_university__46,Process Control
rice_university,rice_university__47,Materials Science
rice_university,rice_university__48,Risk Assessment
rice_university,rice_university__49,Sustainability
rice_university,rice_university__50,Sustainability
rice_university,rice_university__51,Sustainability
rice_university,rice_university__52,Sustainability
rice_university,rice_university__53,Sustainability
rice_university,rice_university__54,Materials Science
rice_university,rice_university__55,Materials Science
rice_university,rice_university__56,Materials Engineering
rice_university,rice_university__57,Heat Transfer
rice_university,rice_university__57,Materials Science
rice_university,rice_university__58,Materials Science
rice_university,rice_university__59,Materials Science
rice_university,rice_university__60,Materials Science
rice_university,rice_university__61,Materials Science
rice_university,rice_university__62,Materials Science
rice_university,rice_university__63,Materials Science
rice_university,rice_university__64,Materials Science
rice_university,rice_university__65,Materials Science
rice_university,rice_university__66,Materials Science
rice_university,rice_university__67,Materials Science
rice_university,rice_university__68,Materials Science
rice_university,rice_university__69,Heat Transfer
rice_university,rice_university__69,Materials Science
rice_university,rice_university__70,Materials Science
rice_university,rice_university__71,Materials Engineering
rice_university,rice_university__72,Materials Science
rice_university,rice_university__73,Corrosion
rice_university,rice_university__74,Materials Science
rice_university,rice_university__75,Materials Science
rice_university,rice_university__76,Materials Science
rice_university,rice_university__77,Heat Transfer
rice_university,rice_university__78,Materials Engineering
rice_university,rice_university__79,Risk Assessment
rice_university,rice_university__79,Corrosion
rice_university,rice_university__80,Materials Science
rice_university,rice_university__81,Fuel Cell
rice_university,rice_university__81,Electrochemistry
rice_university,rice_university__81,Electrochemical
rice_university,rice_university__82,Risk Assessment
rice_university,rice_university__82,Corrosion
rice_university,rice_university__83,Materials Science
rice_university,rice_university__84,ESG
rice_university,rice_university__85,Materials Science
rice_university,rice_university__86,Materials Science
rice_university,rice_university__87,Explosion
rice_university,rice_university__88,Control Systems
rice_university,rice_university__89,Explosion
rice_university,rice_university__90,Explosion
rice_university,rice_university__91,Energy Market
rice_university,rice_university__92,Energy Market
rice_university,rice_university__93,Energy Security
rice_university,rice_university__94,Energy Transition
rice_university,rice_university__94,Decarbonization
rice_university,rice_university__95,Renewable Energy
rice_university,rice_university__95,Energy Market
rice_university,rice_university__95,Renewable Energy Credit
rice_university,rice_university__96,Energy Transition
rice_university,rice_university__97,Sustainability
rice_university,rice_university__98,impact investing
rice_university,rice_university__98,Sustainable Finance
rice_university,rice_university__98,Sustainability
rice_university,rice_university__99,Hydrogen
rice_university,rice_university__99,Power Generation
rice_university,rice_university__99,Energy Transition
rice_university,rice_university__100,Explosion
rice_university,rice_university__101,Control Systems
rice_university,rice_university__102,Energy Transition
rice_university,rice_university__103,Automation
rice_university,rice_university__104,Project Management
rice_university,rice_university__105,Risk Assessment
rice_university,rice_university__105,Risk Mitigation
rice_university,rice_university__106,Renewable Energy
rice_university,rice_university__107,Hydrogen
rice_university,rice_university__107,Carbon Capture
rice_university,rice_university__107,Energy Transition
rice_university,rice_university__108,Energy Transition
rice_university,rice_university__109,ESG
rice_university,rice_university__110,Energy Transition
rice_university,rice_university__111,Energy Security
rice_university,rice_university__111,Renewable Energy
rice_university,rice_university__111,Energy Supply
rice_university,rice_university__111,Energy Transition
rice_university,rice_university__111,Power Generation
rice_university,rice_university__111,Decarbonization
rice_university,rice_university__112,Energy Transition
rice_university,rice_university__113,Renewable Energy
rice_university,rice_university__113,Energy Transition
rice_university,rice_university__114,Explosion
rice_university,rice_university__115,Control Systems
rice_university,rice_university__116,Energy Transition
rice_university,rice_university__117,Sustainability
rice_university,rice_university__118,Resource Management
rice_university,rice_university__119,Sustainability
rice_university,rice_university__120,Sustainability
rice_university,rice_university__120,Water Quality
rice_university,rice_university__121,Energy Supply
rice_university,rice_university__122,Energy Supply
rice_university,rice_university__123,Sustainability
rice_university,rice_university__124,Energy Transition
rice_university,rice_university__125,Catalyst
rice_university,rice_university__126,Energy Transition
rice_university,rice_university__127,Sustainability
rice_university,rice_university__128,Sustainability
rice_university,rice_university__129,Sustainability
rice_university,rice_university__130,Sustainability
rice_university,rice_university__131,Sustainability
rice_university,rice_university__132,Sustainability
rice_university,rice_university__133,Clean Energy
rice_university,rice_university__133,Renewable Energy
rice_university,rice_university__134,Sustainability
rice_university,rice_university__135,Life Cycle Analysis
rice_university,rice_university__136,Sustainability
rice_university,rice_university__137,Sustainability
rice_university,rice_university__138,Sustainability
rice_university,rice_university__139,Geographic Information Systems
rice_university,rice_university__140,Geographic Information Systems
rice_university,rice_university__141,Engineering Drawing
rice_university,rice_university__142,Project Development
rice_university,rice_university__142,Project Management
rice_university,rice_university__143,Engineering Drawing
rice_university,rice_university__144,Sustainability
rice_university,rice_university__145,Sustainability
rice_university,rice_university__146,Catalyst
rice_university,rice_university__147,Sustainability
rice_university,rice_university__147,Carbon Emissions
rice_university,rice_university__148,Sustainability
rice_university,rice_university__149,Pipeline
rice_university,rice_university__150,Energy Security
rice_university,rice_university__150,Energy Demand
rice_university,rice_university__151,Energy Supply
rice_university,rice_university__152,Energy Policy
rice_university,rice_university__153,Energy Market
rice_university,rice_university__154,Energy Security
rice_university,rice_university__154,Energy Demand
rice_university,rice_university__155,Carbon Tax
rice_university,rice_university__156,Climate Policy
rice_university,rice_university__157,Energy Supply
rice_university,rice_university__158,Energy Security
rice_university,rice_university__158,Energy Market
rice_university,rice_university__159,Project Development
rice_university,rice_university__159,Fuel Supply
rice_university,rice_university__160,Renewable Energy
rice_university,rice_university__161,Energy Demand
rice_university,rice_university__162,Risk Assessment
rice_university,rice_university__163,Control Systems
rice_university,rice_university__164,Pipeline
rice_university,rice_university__165,Sustainability
rice_university,rice_university__166,Resource Management
rice_university,rice_university__167,Materials Science
rice_university,rice_university__168,Materials Science
rice_university,rice_university__169,Control Systems
rice_university,rice_university__170,Pipeline
rice_university,rice_university__171,Resource Management
rice_university,rice_university__172,Pipeline
rice_university,rice_university__173,Heat Transfer
rice_university,rice_university__174,Heat Transfer
rice_university,rice_university__175,Materials Science
rice_university,rice_university__176,Resource Management
rice_university,rice_university__177,Materials Science
rice_university,rice_university__178,Hydrogen
rice_university,rice_university__178,Energy Transition
rice_university,rice_university__179,Geographic Information Systems
rice_university,rice_university__180,Energy Transition
rice_university,rice_university__181,Automation
rice_university,rice_university__182,Pipeline
rice_university,rice_university__183,Chemical Engineering
rice_university,rice_university__184,Carbon Storage
rice_university,rice_university__185,Heat Transfer
rice_university,rice_university__186,Heat Transfer
rice_university,rice_university__187,Carbon Capture
rice_university,rice_university__187,Sustainability
rice_university,rice_university__187,Carbon Market
rice_university,rice_university__187,Energy Transition
rice_university,rice_university__187,Hydrogen
rice_university,rice_university__187,Carbon Markets
rice_university,rice_university__188,Catalysis
rice_university,rice_university__189,Catalysis
rice_university,rice_university__190,Sustainability
rice_university,rice_university__191,Energy Transition
rice_university,rice_university__192,ESG
rice_university,rice_university__193,Automation
rice_university,rice_university__194,Resource Management
rice_university,rice_university__195,Resource Management
rice_university,rice_university__196,Pipeline
rice_university,rice_university__197,Electrochemistry
rice_university,rice_university__198,Materials Science
rice_university,rice_university__199,Catalysis
rice_university,rice_university__200,Catalysis
rice_university,rice_university__201,Geographic Information Systems
rice_university,rice_university__202,Energy Transition
rice_university,rice_university__203,Carbon Storage
rice_university,rice_university__204,Heat Transfer
rice_university,rice_university__205,Heat Transfer
rice_university,rice_university__206,Carbon Capture
rice_university,rice_university__206,Sustainability
rice_university,rice_university__206,Carbon Market
rice_university,rice_university__206,Energy Transition
rice_university,rice_university__206,Hydrogen
rice_university,rice_university__206,Carbon Markets
rice_university,rice_university__207,Automation
rice_university,rice_university__208,Sustainability
rice_university,rice_university__209,Project Development
rice_university,rice_university__209,Project Management
rice_university,rice_university__210,Risk Assessment
rice_university,rice_university__210,Water Quality
rice_university,rice_university__211,Sustainability
rice_university,rice_university__211,Water Quality
rice_university,rice_university__212,Water Quality
rice_university,rice_university__213,Water Quality
rice_university,rice_university__214,Explosion
rice_university,rice_university__215,Sustainability
rice_university,rice_university__216,Life Cycle Analysis
rice_university,rice_university__217,Risk Assessment
rice_university,rice_university__218,Sustainability
rice_university,rice_university__219,ANSYS
rice_university,rice_university__220,Risk Assessment
rice_university,rice_university__221,Sustainability
rice_university,rice_university__222,Risk Assessment
rice_university,rice_university__223,Project Development
rice_university,rice_university__223,Project Management
rice_university,rice_university__224,Life Cycle Analysis
rice_university,rice_university__225,Risk Assessment
rice_university,rice_university__225,Water Quality
rice_university,rice_university__226,Risk Assessment
rice_university,rice_university__227,Risk Assessment
rice_university,rice_university__228,Sustainability
rice_university,rice_university__229,Sustainability
rice_university,rice_university__230,Catalysis
rice_university,rice_university__230,Water Quality
rice_university,rice_university__231,Sustainability
rice_university,rice_university__232,Risk Assessment
rice_university,rice_university__233,Risk Assessment
rice_university,rice_university__234,Chemical Engineering
rice_university,rice_university__235,Sustainability
rice_university,rice_university__236,Chemical Engineering
rice_university,rice_university__237,Chemical Engineering
rice_university,rice_university__238,Chemical Engineering
rice_university,rice_university__239,Chemical Engineering
rice_university,rice_university__240,Chemical Engineering
rice_university,rice_university__240,Process Safety
rice_university,rice_university__241,Sustainability
rice_university,rice_university__242,Catalysis
rice_university,rice_university__243,Chemical Engineering
rice_university,rice_university__244,Chemical Engineering
rice_university,rice_university__245,Chemical Engineering
rice_university,rice_university__245,Sustainability
rice_university,rice_university__246,Chemical Engineering
rice_university,rice_university__246,Technoeconomic Analysis
rice_university,rice_university__247,Systems Engineering
rice_university,rice_university__247,Process Engineering
rice_university,rice_university__247,Control Systems
rice_university,rice_university__248,Chemical Engineering
rice_university,rice_university__248,Renewable Energy
rice_university,rice_university__248,Fuel Cell
rice_university,rice_university__249,Carbon Capture
rice_university,rice_university__250,Chemical Engineering
rice_university,rice_university__250,Process Control
rice_university,rice_university__251,Pipeline
rice_university,rice_university__252,Chemical Engineering
rice_university,rice_university__253,Chemical Engineering
rice_university,rice_university__253,Catalysis
rice_university,rice_university__253,Energy Transition
rice_university,rice_university__254,Chemical Engineering
rice_university,rice_university__254,Control Systems
rice_university,rice_university__255,Chemical Engineering
rice_university,rice_university__256,Chemical Engineering
rice_university,rice_university__257,Chemical Engineering
rice_university,rice_university__258,Chemical Engineering
rice_university,rice_university__258,Technoeconomic Analysis
rice_university,rice_university__259,Renewable Energy
rice_university,rice_university__259,Electrochemistry
rice_university,rice_university__259,Electrochemical
rice_university,rice_university__259,Water Splitting
rice_university,rice_university__259,Fuel Cell
rice_university,rice_university__260,Sustainability
rice_university,rice_university__260,Catalysis
rice_university,rice_university__261,Chemical Engineering
rice_university,rice_university__261,Renewable Energy
rice_university,rice_university__261,Fuel Cell
rice_university,rice_university__262,Carbon Capture
rice_university,rice_university__263,Hydrogen
rice_university,rice_university__263,Energy Supply
rice_university,rice_university__263,Power Generation
rice_university,rice_university__264,Energy Transition
rice_university,rice_university__265,Pipeline
rice_university,rice_university__266,Catalysis
rice_university,rice_university__267,Chemical Engineering
rice_university,rice_university__268,Chemical Engineering
rice_university,rice_university__268,Catalysis
rice_university,rice_university__268,Energy Transition
rice_university,rice_university__269,Catalysis
rice_university,rice_university__270,Sustainability
rice_university,rice_university__271,Catalyst
rice_university,rice_university__271,Catalysis
rice_university,rice_university__272,Chemical Engineering
rice_university,rice_university__273,Risk Assessment
rice_university,rice_university__273,Corrosion
rice_university,rice_university__274,Chemical Engineering
rice_university,rice_university__275,Risk Assessment
rice_university,rice_university__275,Corrosion
rice_university,rice_university__276,Chemical Engineering
rice_university,rice_university__277,Materials Science
rice_university,rice_university__278,Chemical Engineering
rice_university,rice_university__279,Carbon Capture
rice_university,rice_university__279,Sustainability
rice_university,rice_university__279,Carbon Market
rice_university,rice_university__279,Energy Transition
rice_university,rice_university__279,Hydrogen
rice_university,rice_university__279,Carbon Markets
rice_university,rice_university__280,Chemical Engineering
rice_university,rice_university__281,Chemical Engineering
rice_university,rice_university__282,Chemical Engineering
rice_university,rice_university__283,Chemical Engineering
rice_university,rice_university__284,Predictive Analytics
rice_university,rice_university__285,Sustainability
rice_university,rice_university__286,Sustainability
rice_university,rice_university__287,Environmental Regulation
rice_university,rice_university__288,Sustainability
rice_university,rice_university__289,Resource Management
rice_university,rice_university__290,Sustainability
rice_university,rice_university__290,Water Quality
rice_university,rice_university__291,Materials Science
rice_university,rice_university__292,Automation
rice_university,rice_university__293,Materials Engineering
rice_university,rice_university__294,Sustainability
rice_university,rice_university__294,Carbon Emissions
rice_university,rice_university__295,Sustainability
rice_university,rice_university__296,Energy Security
rice_university,rice_university__296,Energy Policy
rice_university,rice_university__297,Automation
rice_university,rice_university__298,Sustainability
rice_university,rice_university__298,Carbon Emissions
rice_university,rice_university__299,Resource Management
rice_university,rice_university__300,Risk Assessment
rice_university,rice_university__301,Sustainability
rice_university,rice_university__301,Pipeline
rice_university,rice_university__301,Environmental Impact Assessment
rice_university,rice_university__302,Environmental Regulation
rice_university,rice_university__303,Sustainability
rice_university,rice_university__304,Sustainability
rice_university,rice_university__305,Sustainability
rice_university,rice_university__306,Sustainability
rice_university,rice_university__307,Sustainability
rice_university,rice_university__308,Sustainability
rice_university,rice_university__309,Materials Engineering
rice_university,rice_university__310,Risk Assessment
rice_university,rice_university__310,Control Systems
rice_university,rice_university__311,Risk Assessment
rice_university,rice_university__312,Sustainability
rice_university,rice_university__313,Sustainability
rice_university,rice_university__314,Sustainability
rice_university,rice_university__315,Sustainability
rice_university,rice_university__316,Sustainability
rice_university,rice_university__317,Clean Energy
rice_university,rice_university__317,Renewable Energy
rice_university,rice_university__318,Resource Management
rice_university,rice_university__319,Clean Energy
rice_university,rice_university__319,Renewable Energy
rice_university,rice_university__320,Resource Management
texas_a_m,texas_a_m__0,Electrochemistry
texas_a_m,texas_a_m__1,Electrochemistry
texas_a_m,texas_a_m__2,Electrochemistry
texas_a_m,texas_a_m__3,Electrochemistry
texas_a_m,texas_a_m__4,Electrochemistry
texas_a_m,texas_a_m__5,Materials Science
texas_a_m,texas_a_m__5,Chemical Engineering
texas_a_m,texas_a_m__6,Catalysis
texas_a_m,texas_a_m__7,Greenhouse Gas Emissions
texas_a_m,texas_a_m__8,Resource Management
texas_a_m,texas_a_m__9,Resource Management
texas_a_m,texas_a_m__10,Environmental Protection
texas_a_m,texas_a_m__11,Sustainability
texas_a_m,texas_a_m__12,Resource Management
texas_a_m,texas_a_m__13,Resource Management
texas_a_m,texas_a_m__14,Corrosion
texas_a_m,texas_a_m__15,Pipeline
texas_a_m,texas_a_m__16,Risk Assessment
texas_a_m,texas_a_m__17,Risk Assessment
texas_a_m,texas_a_m__18,Risk Assessment
texas_a_m,texas_a_m__19,Risk Assessment
texas_a_m,texas_a_m__20,Resource Management
texas_a_m,texas_a_m__21,Ion Exchange
texas_a_m,texas_a_m__22,Project Management
texas_a_m,texas_a_m__23,Risk Assessment
texas_a_m,texas_a_m__24,Hazard Identification
texas_a_m,texas_a_m__25,Risk Assessment
texas_a_m,texas_a_m__26,Sustainability
texas_a_m,texas_a_m__27,Energy Policy
texas_a_m,texas_a_m__28,Sustainability
texas_a_m,texas_a_m__29,Project Management
texas_a_m,texas_a_m__30,Energy Policy
texas_a_m,texas_a_m__31,Energy Demand
texas_a_m,texas_a_m__32,Project Management
texas_a_m,texas_a_m__33,Corrosion
texas_a_m,texas_a_m__34,CCS
texas_a_m,texas_a_m__34,CO2 Capture
texas_a_m,texas_a_m__35,Sustainability
texas_a_m,texas_a_m__35,Energy Security
texas_a_m,texas_a_m__35,Energy Policy
texas_a_m,texas_a_m__36,Hydrogen
texas_a_m,texas_a_m__36,Power Generation
texas_a_m,texas_a_m__36,Compressed Gas
texas_a_m,texas_a_m__37,Pipeline
texas_a_m,texas_a_m__38,Pipeline
texas_a_m,texas_a_m__39,Pipeline
texas_a_m,texas_a_m__40,Risk Assessment
texas_a_m,texas_a_m__41,Heat Transfer
texas_a_m,texas_a_m__42,Heat Transfer
texas_a_m,texas_a_m__43,Power Generation
texas_a_m,texas_a_m__44,Process Safety
texas_a_m,texas_a_m__45,Heat Transfer
texas_a_m,texas_a_m__46,Corrosion
texas_a_m,texas_a_m__47,Risk Assessment
texas_a_m,texas_a_m__47,Project Management
texas_a_m,texas_a_m__47,Project Development
texas_a_m,texas_a_m__48,Project Development
texas_a_m,texas_a_m__49,Combustion
texas_a_m,texas_a_m__50,Renewable Energy
texas_a_m,texas_a_m__51,Pipeline
texas_a_m,texas_a_m__52,Clean Energy
texas_a_m,texas_a_m__52,Decarbonization
texas_a_m,texas_a_m__52,Hydrogen
texas_a_m,texas_a_m__53,Heat Transfer
texas_a_m,texas_a_m__54,Combustion
texas_a_m,texas_a_m__55,Heat Transfer
texas_a_m,texas_a_m__56,Heat Transfer
texas_a_m,texas_a_m__57,Heat Transfer
texas_a_m,texas_a_m__58,Engineering Drawing
texas_a_m,texas_a_m__59,Combustion
texas_a_m,texas_a_m__59,Flammability
texas_a_m,texas_a_m__60,Heat Transfer
texas_a_m,texas_a_m__60,Gas Turbine
texas_a_m,texas_a_m__61,Heat Transfer
texas_a_m,texas_a_m__62,Heat Transfer
texas_a_m,texas_a_m__63,Control Systems
texas_a_m,texas_a_m__64,Control Systems
texas_a_m,texas_a_m__65,Corrosion
texas_a_m,texas_a_m__65,Electrochemical
texas_a_m,texas_a_m__66,Heat Transfer
texas_a_m,texas_a_m__67,Gas Turbine
texas_a_m,texas_a_m__68,Control Systems
texas_a_m,texas_a_m__69,Fuel Cell
texas_a_m,texas_a_m__70,Heat Transfer
texas_a_m,texas_a_m__71,Materials Science
texas_a_m,texas_a_m__72,Heat Transfer
texas_a_m,texas_a_m__73,Heat Transfer
texas_a_m,texas_a_m__73,Automation
texas_a_m,texas_a_m__74,Process Control
texas_a_m,texas_a_m__75,Systems Engineering
texas_a_m,texas_a_m__76,Systems Engineering
texas_a_m,texas_a_m__77,Systems Engineering
texas_a_m,texas_a_m__78,Heat Transfer
texas_a_m,texas_a_m__79,Risk Assessment
texas_a_m,texas_a_m__80,Control Systems
texas_a_m,texas_a_m__80,Engineering Management
texas_a_m,texas_a_m__81,Project Management
texas_a_m,texas_a_m__81,Systems Engineering
texas_a_m,texas_a_m__82,Systems Engineering
texas_a_m,texas_a_m__83,Systems Engineering
texas_a_m,texas_a_m__84,Systems Engineering
texas_a_m,texas_a_m__85,Project Management
texas_a_m,texas_a_m__85,Systems Engineering
texas_a_m,texas_a_m__86,Systems Engineering
texas_a_m,texas_a_m__87,Project Management
texas_a_m,texas_a_m__88,System Optimization
texas_a_m,texas_a_m__89,Automation
texas_a_m,texas_a_m__90,Systems Engineering
texas_a_m,texas_a_m__91,Control Systems
texas_a_m,texas_a_m__92,Project Management
texas_a_m,texas_a_m__93,Materials Science
texas_a_m,texas_a_m__94,Hydrogen
texas_a_m,texas_a_m__95,Materials Science
texas_a_m,texas_a_m__96,Materials Science
texas_a_m,texas_a_m__97,Materials Science
texas_a_m,texas_a_m__98,Materials Science
texas_a_m,texas_a_m__99,Materials Science
texas_a_m,texas_a_m__100,Materials Science
texas_a_m,texas_a_m__101,Materials Science
texas_a_m,texas_a_m__101,Electrochemistry
texas_a_m,texas_a_m__102,Corrosion
texas_a_m,texas_a_m__102,Electrochemical
texas_a_m,texas_a_m__102,Electrochemistry
texas_a_m,texas_a_m__103,Corrosion
texas_a_m,texas_a_m__103,Electrochemistry
texas_a_m,texas_a_m__104,Corrosion
texas_a_m,texas_a_m__105,Materials Science
texas_a_m,texas_a_m__106,Materials Science
texas_a_m,texas_a_m__107,Materials Science
texas_a_m,texas_a_m__108,Pipeline
texas_a_m,texas_a_m__109,Control Systems
texas_a_m,texas_a_m__110,Automation
texas_a_m,texas_a_m__111,Control Systems
texas_a_m,texas_a_m__112,Automation
texas_a_m,texas_a_m__113,Life Cycle Analysis
texas_a_m,texas_a_m__114,Risk Assessment
texas_a_m,texas_a_m__115,Control Systems
texas_a_m,texas_a_m__116,Project Management
texas_a_m,texas_a_m__117,Fuel Cell
texas_a_m,texas_a_m__118,Project Management
texas_a_m,texas_a_m__119,Corrosion
texas_a_m,texas_a_m__120,Water Quality
texas_a_m,texas_a_m__121,Risk Assessment
texas_a_m,texas_a_m__121,Engineering Management
texas_a_m,texas_a_m__122,Hazard Identification
texas_a_m,texas_a_m__122,Risk Assessment
texas_a_m,texas_a_m__123,Pressure Vessel
texas_a_m,texas_a_m__124,Project Development
texas_a_m,texas_a_m__125,Resource Management
texas_a_m,texas_a_m__126,Risk Assessment
texas_a_m,texas_a_m__126,Risk Mitigation
texas_a_m,texas_a_m__127,Liquefaction
texas_a_m,texas_a_m__127,Pipeline
texas_a_m,texas_a_m__128,Quality Assurance
texas_a_m,texas_a_m__129,Engineering Management
texas_a_m,texas_a_m__130,Systems Engineering
texas_a_m,texas_a_m__131,Project Development
texas_a_m,texas_a_m__132,Risk Assessment
texas_a_m,texas_a_m__133,Systems Engineering
texas_a_m,texas_a_m__134,Chemical Engineering
texas_a_m,texas_a_m__135,Chemical Engineering
texas_a_m,texas_a_m__136,Chemical Engineering
texas_a_m,texas_a_m__137,Chemical Engineering
texas_a_m,texas_a_m__138,Chemical Engineering
texas_a_m,texas_a_m__139,Process Control
texas_a_m,texas_a_m__140,Chemical Synthesis
texas_a_m,texas_a_m__141,Catalyst
texas_a_m,texas_a_m__141,Catalysis
texas_a_m,texas_a_m__142,Electrochemical
texas_a_m,texas_a_m__143,Chemical Engineering
texas_a_m,texas_a_m__144,Process Safety
texas_a_m,texas_a_m__144,Risk Assessment
texas_a_m,texas_a_m__144,Hazard Identification
texas_a_m,texas_a_m__144,Explosion
texas_a_m,texas_a_m__145,Gas Processing
texas_a_m,texas_a_m__146,Risk Assessment
texas_a_m,texas_a_m__147,Chemical Engineering
texas_a_m,texas_a_m__148,Chemical Engineering
texas_a_m,texas_a_m__149,Sustainability
texas_a_m,texas_a_m__149,Chemical Engineering
texas_a_m,texas_a_m__150,Chemical Engineering
texas_a_m,texas_a_m__151,Electrochemical
texas_a_m,texas_a_m__151,Electrochemistry
texas_a_m,texas_a_m__152,Process Engineering
texas_a_m,texas_a_m__153,Chemical Engineering
texas_a_m,texas_a_m__154,Chemical Engineering
texas_a_m,texas_a_m__155,Chemical Engineering
texas_a_m,texas_a_m__156,Control Systems
texas_a_m,texas_a_m__157,Control Systems
texas_a_m,texas_a_m__158,Control Systems
texas_a_m,texas_a_m__159,Combustion
texas_a_m,texas_a_m__160,Combustion
texas_a_m,texas_a_m__161,Heat Transfer
texas_a_m,texas_a_m__162,Materials Science
texas_a_m,texas_a_m__163,Project Management
texas_a_m,texas_a_m__164,Sustainability
texas_a_m,texas_a_m__165,Resource Management
texas_a_m,texas_a_m__166,Resource Management
texas_a_m,texas_a_m__167,Resource Management
texas_a_m,texas_a_m__168,Resource Management
texas_a_m,texas_a_m__169,Resource Management
texas_a_m,texas_a_m__170,Resource Management
texas_a_m,texas_a_m__171,Control Systems
texas_a_m,texas_a_m__172,Environmental Protection
texas_a_m,texas_a_m__173,Resource Management
texas_a_m,texas_a_m__174,Risk Assessment
texas_a_m,texas_a_m__175,Project Management
texas_a_m,texas_a_m__176,Resource Management
texas_a_m,texas_a_m__177,Control Systems
texas_a_m,texas_a_m__178,Resource Management
texas_a_m,texas_a_m__179,Energy Market
texas_a_m,texas_a_m__179,Project Development
texas_a_m,texas_a_m__180,Risk Assessment
texas_a_m,texas_a_m__181,Energy Market
texas_a_m,texas_a_m__182,Project Management
texas_a_m,texas_a_m__183,Predictive Analytics
texas_a_m,texas_a_m__184,Project Management
texas_a_m,texas_a_m__185,Automation
texas_a_m,texas_a_m__186,Welding
texas_a_m,texas_a_m__187,Environmental Impact Assessment
texas_a_m,texas_a_m__188,Risk Assessment
texas_a_m,texas_a_m__189,ESG
texas_a_m,texas_a_m__190,ESG
texas_a_m,texas_a_m__191,Hydrogen
texas_a_m,texas_a_m__192,Explosion
texas_a_m,texas_a_m__193,Decarbonization
texas_a_m,texas_a_m__194,Geographic Information Systems
texas_a_m,texas_a_m__195,Geographic Information Systems
texas_a_m,texas_a_m__196,Geographic Information Systems
texas_a_m,texas_a_m__197,Automation
texas_a_m,texas_a_m__198,Energy Policy
texas_a_m,texas_a_m__198,Energy Regulation
texas_a_m,texas_a_m__198,Energy Market
texas_a_m,texas_a_m__199,Hydrogen
texas_a_m,texas_a_m__200,Catalysis
texas_a_m,texas_a_m__201,Resource Management
texas_a_m,texas_a_m__202,Resource Management
texas_a_m,texas_a_m__203,Sustainability
texas_a_m,texas_a_m__204,Project Management
texas_a_m,texas_a_m__205,Sustainability
texas_a_m,texas_a_m__206,Sustainability
texas_a_m,texas_a_m__206,Environmental Protection
texas_a_m,texas_a_m__207,Project Management
texas_a_m,texas_a_m__208,Sustainability
texas_a_m,texas_a_m__209,Sustainability
texas_a_m,texas_a_m__210,Cooling Systems
texas_a_m,texas_a_m__211,Project Management
texas_a_m,texas_a_m__212,Sustainability
texas_a_m,texas_a_m__213,Construction Management
texas_a_m,texas_a_m__214,Control Systems
texas_a_m,texas_a_m__215,Construction Management
texas_a_m,texas_a_m__216,Construction Management
texas_a_m,texas_a_m__217,Risk Assessment
texas_a_m,texas_a_m__218,Risk Assessment
texas_a_m,texas_a_m__219,Sustainability
texas_a_m,texas_a_m__219,Water Quality
texas_a_m,texas_a_m__220,Water Quality
texas_a_m,texas_a_m__221,Cooling Systems
texas_a_m,texas_a_m__221,Control Systems
texas_a_m,texas_a_m__222,Heat Transfer
texas_a_m,texas_a_m__223,Cooling Systems
texas_a_m,texas_a_m__223,Control Systems
texas_a_m,texas_a_m__224,Resource Management
texas_a_m,texas_a_m__225,Sustainability
texas_a_m,texas_a_m__226,Risk Assessment
texas_a_m,texas_a_m__227,Resource Management
texas_a_m,texas_a_m__228,Water Quality
texas_a_m,texas_a_m__229,Resource Management
texas_a_m,texas_a_m__230,Sustainability
texas_a_m,texas_a_m__231,Resource Management
texas_a_m,texas_a_m__232,Environmental Impact Assessment
texas_a_m,texas_a_m__233,Water Quality
texas_a_m,texas_a_m__234,Renewable Energy
texas_a_m,texas_a_m__234,Biofuels
texas_a_m,texas_a_m__235,Control Systems
texas_a_m,texas_a_m__236,Quality Assurance
texas_a_m,texas_a_m__237,Process Control
texas_a_m,texas_a_m__237,Quality Assurance
texas_a_m,texas_a_m__238,Resource Management
texas_a_m,texas_a_m__239,Resource Management
texas_a_m,texas_a_m__240,Geographic Information Systems
texas_a_m,texas_a_m__241,Renewable Energy
texas_a_m,texas_a_m__242,Process Control
texas_a_m,texas_a_m__242,Process Engineering
texas_a_m,texas_a_m__243,Process Engineering
texas_a_m,texas_a_m__244,Resource Management
texas_a_m,texas_a_m__245,Resource Management
texas_a_m,texas_a_m__246,Geographic Information Systems
texas_a_m,texas_a_m__247,Water Quality
texas_a_m,texas_a_m__248,Resource Management
texas_a_m,texas_a_m__249,Resource Management
texas_a_m,texas_a_m__250,Resource Management
texas_a_m,texas_a_m__251,Resource Management
texas_a_m,texas_a_m__252,Quality Assurance
texas_a_m,texas_a_m__253,Process Control
texas_a_m,texas_a_m__253,Quality Assurance
texas_a_m,texas_a_m__254,Pipeline
texas_a_m,texas_a_m__255,Resource Management
texas_a_m,texas_a_m__256,Project Management
texas_a_m,texas_a_m__257,Gas Handling
texas_a_m,texas_a_m__257,Cryogenic
texas_a_m,texas_a_m__258,Resource Management
texas_a_m,texas_a_m__259,Water Quality
texas_a_m,texas_a_m__260,Resource Management
texas_a_m,texas_a_m__261,Project Management
texas_a_m,texas_a_m__262,Automation
texas_a_m,texas_a_m__263,Welding
texas_a_m,texas_a_m__264,Heat Transfer
texas_a_m,texas_a_m__265,Power Generation
texas_a_m,texas_a_m__266,Automation
texas_a_m,texas_a_m__267,Materials Science
texas_a_m,texas_a_m__267,Corrosion
texas_a_m,texas_a_m__267,Pipeline
texas_a_m,texas_a_m__268,Combustion
texas_a_m,texas_a_m__269,Heat Transfer
texas_a_m,texas_a_m__270,Compressors
texas_a_m,texas_a_m__271,Project Management
texas_a_m,texas_a_m__272,Combustion
texas_a_m,texas_a_m__272,Automation
texas_a_m,texas_a_m__273,Power Generation
texas_a_m,texas_a_m__273,Gas Turbine
texas_a_m,texas_a_m__274,Project Management
texas_a_m,texas_a_m__275,Power Generation
texas_a_m,texas_a_m__276,Risk Assessment
texas_a_m,texas_a_m__277,Materials Science
texas_a_m,texas_a_m__278,Control Systems
texas_a_m,texas_a_m__279,Power Generation
texas_a_m,texas_a_m__280,Resource Management
texas_a_m,texas_a_m__281,Geographic Information Systems
texas_a_m,texas_a_m__282,Energy Transition
texas_a_m,texas_a_m__283,Risk Mitigation
texas_a_m,texas_a_m__284,Risk Assessment
texas_a_m,texas_a_m__285,Resource Management
texas_a_m,texas_a_m__286,Power Generation
texas_a_m,texas_a_m__287,Energy Policy
texas_a_m,texas_a_m__288,Pipeline
texas_a_m,texas_a_m__289,Explosion
texas_a_m,texas_a_m__290,Pipeline
texas_a_m,texas_a_m__291,Heat Transfer
texas_a_m,texas_a_m__292,Materials Science
texas_a_m,texas_a_m__293,Power Generation
texas_a_m,texas_a_m__294,Process Control
texas_a_m,texas_a_m__294,Control Systems
texas_a_m,texas_a_m__295,Materials Science
texas_a_m,texas_a_m__295,Materials Engineering
texas_a_m,texas_a_m__296,Corrosion
texas_a_m,texas_a_m__297,Materials Engineering
texas_a_m,texas_a_m__298,Pressure Vessel
texas_a_m,texas_a_m__299,Project Management
texas_a_m,texas_a_m__300,Pipeline
texas_a_m,texas_a_m__301,Pressure Vessel
texas_a_m,texas_a_m__301,Heat Transfer
texas_a_m,texas_a_m__302,Pipeline
texas_a_m,texas_a_m__303,Pipeline
texas_a_m,texas_a_m__304,Sustainability
texas_a_m,texas_a_m__305,Sustainability
texas_a_m,texas_a_m__306,Project Management
texas_a_m,texas_a_m__307,Project Management
texas_a_m,texas_a_m__308,Risk Assessment
texas_a_m,texas_a_m__308,Project Management
texas_a_m,texas_a_m__308,Project Development
texas_a_m,texas_a_m__309,Project Management
texas_a_m,texas_a_m__310,Renewable Energy
texas_a_m,texas_a_m__311,Pipeline
texas_a_m,texas_a_m__312,Clean Energy
texas_a_m,texas_a_m__312,Decarbonization
texas_a_m,texas_a_m__312,Hydrogen
texas_a_m,texas_a_m__313,Materials Science
texas_a_m,texas_a_m__314,Materials Science
texas_a_m,texas_a_m__314,Materials Engineering
texas_a_m,texas_a_m__315,Materials Science
texas_a_m,texas_a_m__316,Materials Science
texas_a_m,texas_a_m__317,Materials Science
texas_a_m,texas_a_m__318,Materials Science
texas_a_m,texas_a_m__319,Materials Science
texas_a_m,texas_a_m__320,Materials Science
texas_a_m,texas_a_m__321,Materials Science
texas_a_m,texas_a_m__322,Project Management
texas_a_m,texas_a_m__322,Material Selection
texas_a_m,texas_a_m__322,Systems Engineering
texas_a_m,texas_a_m__323,Materials Science
texas_a_m,texas_a_m__324,Materials Science
texas_a_m,texas_a_m__325,Corrosion
texas_a_m,texas_a_m__325,Electrochemical
texas_a_m,texas_a_m__325,Electrochemistry
texas_a_m,texas_a_m__326,Corrosion
texas_a_m,texas_a_m__326,Electrochemistry
texas_a_m,texas_a_m__327,Corrosion
texas_a_m,texas_a_m__328,Materials Science
texas_a_m,texas_a_m__329,Materials Science
texas_a_m,texas_a_m__330,Materials Science
texas_a_m,texas_a_m__331,Materials Science
texas_a_m,texas_a_m__332,Materials Science
texas_a_m,texas_a_m__333,Materials Science
texas_a_m,texas_a_m__334,Control Systems
texas_a_m,texas_a_m__335,Control Systems
texas_a_m,texas_a_m__336,Project Management
texas_a_m,texas_a_m__336,Material Selection
texas_a_m,texas_a_m__337,Project Management
texas_a_m,texas_a_m__338,Heat Transfer
texas_a_m,texas_a_m__339,Combustion
texas_a_m,texas_a_m__339,Gas Turbine
texas_a_m,texas_a_m__340,Heat Transfer
texas_a_m,texas_a_m__341,Compressors
texas_a_m,texas_a_m__342,Heat Transfer
texas_a_m,texas_a_m__343,Heat Transfer
texas_a_m,texas_a_m__344,Corrosion
texas_a_m,texas_a_m__345,Heat Transfer
texas_a_m,texas_a_m__346,Heat Transfer
texas_a_m,texas_a_m__347,Fuel Cell
texas_a_m,texas_a_m__348,Explosion
texas_a_m,texas_a_m__349,Material Selection
texas_a_m,texas_a_m__350,Quality Assurance
texas_a_m,texas_a_m__351,Quality Assurance
texas_a_m,texas_a_m__352,Project Management
texas_a_m,texas_a_m__353,Automation
texas_a_m,texas_a_m__354,Systems Engineering
texas_a_m,texas_a_m__355,Systems Engineering
texas_a_m,texas_a_m__356,Engineering Management
texas_a_m,texas_a_m__357,Systems Engineering
texas_a_m,texas_a_m__358,Systems Engineering
texas_a_m,texas_a_m__359,Systems Engineering
texas_a_m,texas_a_m__359,Power Generation
texas_a_m,texas_a_m__360,Systems Engineering
texas_a_m,texas_a_m__361,Systems Engineering
texas_a_m,texas_a_m__362,Systems Engineering
texas_a_m,texas_a_m__363,Systems Engineering
texas_a_m,texas_a_m__364,Project Management
texas_a_m,texas_a_m__364,Systems Engineering
texas_a_m,texas_a_m__365,Systems Engineering
texas_a_m,texas_a_m__366,Systems Engineering
texas_a_m,texas_a_m__367,Systems Engineering
texas_a_m,texas_a_m__368,Systems Engineering
texas_a_m,texas_a_m__369,Systems Engineering
texas_a_m,texas_a_m__370,Systems Engineering
texas_a_m,texas_a_m__371,Automation
texas_a_m,texas_a_m__372,Systems Engineering
texas_a_m,texas_a_m__373,Project Management
texas_a_m,texas_a_m__374,Systems Engineering
texas_a_m,texas_a_m__375,Control Systems
texas_a_m,texas_a_m__376,Systems Engineering
texas_a_m,texas_a_m__377,Systems Engineering
texas_a_m,texas_a_m__378,Systems Engineering
texas_a_m,texas_a_m__379,Systems Engineering
texas_a_m,texas_a_m__380,Systems Engineering
texas_a_m,texas_a_m__380,Control Systems
texas_a_m,texas_a_m__381,Systems Engineering
texas_a_m,texas_a_m__382,Systems Engineering
texas_a_m,texas_a_m__383,Control Systems
texas_a_m,texas_a_m__384,Predictive Analytics
texas_a_m,texas_a_m__385,Pipeline
texas_a_m,texas_a_m__385,Automation
texas_a_m,texas_a_m__386,Project Management
texas_a_m,texas_a_m__387,Welding
texas_a_m,texas_a_m__388,Corrosion
texas_a_m,texas_a_m__389,Welding
texas_a_m,texas_a_m__390,Process Control
texas_a_m,texas_a_m__390,Quality Assurance
texas_a_m,texas_a_m__391,Compressors
texas_a_m,texas_a_m__392,Automation
texas_a_m,texas_a_m__393,Project Management
texas_a_m,texas_a_m__394,Automation
texas_a_m,texas_a_m__395,Control Systems
texas_a_m,texas_a_m__396,Control Systems
texas_a_m,texas_a_m__397,Pipeline
texas_a_m,texas_a_m__398,Process Control
texas_a_m,texas_a_m__399,Resource Management
texas_a_m,texas_a_m__400,Project Management
texas_a_m,texas_a_m__400,Quality Assurance
texas_a_m,texas_a_m__401,Pipeline
texas_a_m,texas_a_m__402,Pipeline
texas_a_m,texas_a_m__403,Risk Assessment
texas_a_m,texas_a_m__404,Water Quality
texas_a_m,texas_a_m__405,Pressure Vessel
texas_a_m,texas_a_m__406,Materials Engineering
texas_a_m,texas_a_m__407,Sustainability
texas_a_m,texas_a_m__408,Chemical Engineering
texas_a_m,texas_a_m__409,Chemical Engineering
texas_a_m,texas_a_m__410,Chemical Engineering
texas_a_m,texas_a_m__411,Chemical Engineering
texas_a_m,texas_a_m__412,Chemical Engineering
texas_a_m,texas_a_m__413,Chemical Engineering
texas_a_m,texas_a_m__414,Chemical Engineering
texas_a_m,texas_a_m__415,Chemical Engineering
texas_a_m,texas_a_m__416,Materials Science
texas_a_m,texas_a_m__416,Chemical Engineering
texas_a_m,texas_a_m__417,Heat Transfer
texas_a_m,texas_a_m__417,Chemical Engineering
texas_a_m,texas_a_m__418,Chemical Engineering
texas_a_m,texas_a_m__419,Chemical Engineering
texas_a_m,texas_a_m__420,Sustainability
texas_a_m,texas_a_m__420,Chemical Engineering
texas_a_m,texas_a_m__421,Process Control
texas_a_m,texas_a_m__421,Process Engineering
texas_a_m,texas_a_m__422,Chemical Engineering
texas_a_m,texas_a_m__423,Risk Assessment
texas_a_m,texas_a_m__424,Chemical Engineering
texas_a_m,texas_a_m__425,Chemical Engineering
texas_a_m,texas_a_m__426,Electrochemical
texas_a_m,texas_a_m__427,Project Management
texas_a_m,texas_a_m__428,Construction Management
texas_a_m,texas_a_m__429,Risk Assessment
texas_a_m,texas_a_m__429,Environmental Protection
texas_a_m,texas_a_m__430,Water Quality
texas_a_m,texas_a_m__431,Quality Assurance
texas_a_m,texas_a_m__432,Pipeline
texas_a_m,texas_a_m__433,Sustainability
texas_a_m,texas_a_m__433,Water Quality
texas_a_m,texas_a_m__434,Water Quality
texas_a_m,texas_a_m__435,Risk Assessment
texas_a_m,texas_a_m__435,Environmental Protection
texas_a_m,texas_a_m__436,Water Quality
texas_a_m,texas_a_m__437,Electrochemical
texas_a_m,texas_a_m__438,Chemical Engineering
texas_a_m,texas_a_m__439,Process Safety
texas_a_m,texas_a_m__439,Explosion
texas_a_m,texas_a_m__440,Water Quality
texas_a_m,texas_a_m__441,Gas Processing
texas_a_m,texas_a_m__441,Process Simulation
texas_a_m,texas_a_m__442,Control Systems
texas_a_m,texas_a_m__443,Sustainability
texas_a_m,texas_a_m__443,Renewable Energy
texas_a_m,texas_a_m__443,Chemical Engineering
texas_a_m,texas_a_m__444,Chemical Engineering
texas_a_m,texas_a_m__445,Chemical Engineering
texas_a_m,texas_a_m__446,Electrochemical
texas_a_m,texas_a_m__446,Electrochemistry
texas_a_m,texas_a_m__447,Process Engineering
texas_a_m,texas_a_m__448,Catalyst
texas_a_m,texas_a_m__448,Catalysis
texas_a_m,texas_a_m__449,Carbon Capture
texas_a_m,texas_a_m__449,Carbon Capture and Storage
texas_a_m,texas_a_m__450,Chemical Engineering
texas_a_m,texas_a_m__451,Catalyst
texas_a_m,texas_a_m__451,Process Engineering
texas_a_m,texas_a_m__452,Chemical Engineering
texas_a_m,texas_a_m__453,Chemical Engineering
texas_a_m,texas_a_m__454,Chemical Engineering
texas_a_m,texas_a_m__455,Chemical Engineering
texas_a_m,texas_a_m__456,Control Systems
texas_a_m,texas_a_m__457,Pipeline
texas_a_m,texas_a_m__458,Sustainability
texas_a_m,texas_a_m__458,Water Quality
texas_a_m,texas_a_m__459,Sustainability
texas_a_m,texas_a_m__459,Life Cycle Analysis
texas_a_m,texas_a_m__460,Combustion
texas_a_m,texas_a_m__460,Heat Transfer
texas_a_m,texas_a_m__461,Systems Engineering
texas_a_m,texas_a_m__462,Materials Science
texas_a_m,texas_a_m__463,Compressors
texas_a_m,texas_a_m__464,Combustion
texas_a_m,texas_a_m__464,Heat Transfer
texas_a_m,texas_a_m__465,Control Systems
texas_a_m,texas_a_m__466,Heat Transfer
texas_a_m,texas_a_m__467,Project Management
texas_a_m,texas_a_m__468,Predictive Analytics
texas_a_m,texas_a_m__469,Project Management
texas_a_m,texas_a_m__470,Project Management
texas_a_m,texas_a_m__471,Predictive Analytics
texas_a_m,texas_a_m__472,Control Systems
texas_a_m,texas_a_m__473,Energy Market
texas_a_m,texas_a_m__474,Resource Management
texas_a_m,texas_a_m__475,Resource Management
texas_a_m,texas_a_m__476,Resource Management
texas_a_m,texas_a_m__477,Project Management
texas_a_m,texas_a_m__478,Resource Management
texas_a_m,texas_a_m__479,Risk Assessment
texas_a_m,texas_a_m__480,Heat Transfer
texas_a_m,texas_a_m__481,Hydrogen
texas_a_m,texas_a_m__482,Materials Science
texas_a_m,texas_a_m__483,ESG
texas_a_m,texas_a_m__484,Quality Assurance
texas_a_m,texas_a_m__485,Sustainability
texas_a_m,texas_a_m__486,Sustainability
texas_a_m,texas_a_m__487,Decarbonization
texas_a_m,texas_a_m__487,Renewable Energy
texas_a_m,texas_a_m__488,Geographic Information Systems
texas_a_m,texas_a_m__489,Geographic Information Systems
texas_a_m,texas_a_m__490,Decarbonization
texas_a_m,texas_a_m__491,Geographic Information Systems
texas_a_m,texas_a_m__492,Geographic Information Systems
texas_a_m,texas_a_m__493,Geographic Information Systems
texas_a_m,texas_a_m__494,Water Quality
texas_a_m,texas_a_m__495,Environmental Protection
texas_a_m,texas_a_m__496,Project Management
texas_a_m,texas_a_m__497,Project Management
texas_a_m,texas_a_m__498,Energy Policy
texas_a_m,texas_a_m__498,Energy Regulation
texas_a_m,texas_a_m__498,Energy Market
texas_a_m,texas_a_m__499,Resource Management
texas_a_m,texas_a_m__500,Resource Management
texas_a_m,texas_a_m__501,Sustainability
texas_a_m,texas_a_m__502,Cooling Systems
texas_a_m,texas_a_m__503,Sustainability
texas_a_m,texas_a_m__504,Sustainability
texas_a_m,texas_a_m__505,Sustainability
texas_a_m,texas_a_m__506,Project Management
texas_a_m,texas_a_m__507,Sustainability
texas_a_m,texas_a_m__508,Sustainability
texas_a_m,texas_a_m__509,Sustainability
texas_a_m,texas_a_m__510,Sustainability
texas_a_m,texas_a_m__511,Water Quality
texas_a_m,texas_a_m__512,Sustainability
texas_a_m,texas_a_m__512,Water Quality
texas_a_m,texas_a_m__513,Water Quality
texas_a_m,texas_a_m__514,Resource Management
texas_a_m,texas_a_m__515,Sustainability
texas_a_m,texas_a_m__515,Water Quality
texas_a_m,texas_a_m__516,Water Quality
texas_a_m,texas_a_m__517,Hazard Identification
texas_a_m,texas_a_m__518,Project Management
texas_a_m,texas_a_m__519,Project Management
texas_a_m,texas_a_m__520,Project Management
texas_a_m,texas_a_m__521,Construction Management
texas_a_m,texas_a_m__522,Project Management
texas_a_m,texas_a_m__523,Project Management
texas_a_m,texas_a_m__524,Project Management
texas_a_m,texas_a_m__525,Project Management
texas_a_m,texas_a_m__526,Construction Management
texas_a_m,texas_a_m__527,Hazard Identification
texas_a_m,texas_a_m__528,Sustainability
texas_a_m,texas_a_m__529,Sustainability
texas_a_m,texas_a_m__529,Resource Management
texas_a_m,texas_a_m__530,Geographic Information Systems
texas_a_m,texas_a_m__530,Resource Management
texas_a_m,texas_a_m__531,Water Quality
texas_a_m,texas_a_m__532,Sustainability
texas_a_m,texas_a_m__533,Water Quality
texas_a_m,texas_a_m__534,Environmental Impact Assessment
texas_a_m,texas_a_m__535,Renewable Energy
texas_a_m,texas_a_m__535,Biofuels
texas_a_m,texas_a_m__536,Water Quality
texas_a_m,texas_a_m__536,Environmental Regulation
texas_a_m,texas_a_m__537,Project Management
texas_a_m,texas_a_m__538,Sustainability
texas_a_m,texas_a_m__539,Sustainability
texas_a_m,texas_a_m__540,Sustainability
texas_a_m,texas_a_m__541,Automation
texas_a_m,texas_a_m__542,Sustainability
texas_a_m,texas_a_m__543,Sustainability
texas_a_m,texas_a_m__544,Geographic Information Systems
texas_a_m,texas_a_m__544,Resource Management
texas_a_m,texas_a_m__545,Geographic Information Systems
texas_a_m,texas_a_m__546,Resource Management
texas_a_m,texas_a_m__547,Heat Transfer
texas_a_m,texas_a_m__547,Process Engineering
texas_a_m,texas_a_m__548,Combustion
texas_a_m,texas_a_m__549,Heat Transfer
texas_a_m,texas_a_m__549,Process Engineering
texas_a_m,texas_a_m__550,Process Engineering
texas_a_m,texas_a_m__551,Geographic Information Systems
texas_a_m,texas_a_m__551,Resource Management
texas_a_m,texas_a_m__552,Process Control
texas_a_m,texas_a_m__552,Quality Assurance
texas_a_m,texas_a_m__553,Project Management
texas_a_m,texas_a_m__554,Environmental Regulation
texas_a_m,texas_a_m__555,Engineering Drawing
texas_a_m,texas_a_m__556,Automation
texas_a_m,texas_a_m__557,Pipeline
texas_a_m,texas_a_m__558,Renewable Energy
texas_a_m,texas_a_m__559,Process Control
texas_a_m,texas_a_m__559,Process Engineering
texas_a_m,texas_a_m__560,Chemical Engineering
texas_a_m,texas_a_m__561,Pipeline
texas_a_m,texas_a_m__562,Water Quality
texas_a_m,texas_a_m__563,Water Quality
texas_a_m,texas_a_m__564,Process Control
texas_a_m,texas_a_m__564,Quality Assurance
texas_a_m,texas_a_m__565,Welding
tuskegee_university,tuskegee_university__0,Project Management
tuskegee_university,tuskegee_university__1,Catalysis
tuskegee_university,tuskegee_university__2,Life Cycle Assessment
tuskegee_university,tuskegee_university__3,Control Systems
tuskegee_university,tuskegee_university__4,Control Systems
tuskegee_university,tuskegee_university__5,Construction Management
tuskegee_university,tuskegee_university__6,Resource Management
tuskegee_university,tuskegee_university__7,Electrochemical
tuskegee_university,tuskegee_university__8,Electrochemical
tuskegee_university,tuskegee_university__9,Chemical Engineering
tuskegee_university,tuskegee_university__9,Cryogenic
tuskegee_university,tuskegee_university__9,Process Engineering
tuskegee_university,tuskegee_university__9,Electrochemical
tuskegee_university,tuskegee_university__10,Chemical Engineering
tuskegee_university,tuskegee_university__11,Catalyst
tuskegee_university,tuskegee_university__11,Heat Transfer
tuskegee_university,tuskegee_university__12,Chemical Engineering
tuskegee_university,tuskegee_university__13,Chemical Engineering
tuskegee_university,tuskegee_university__14,Heat Transfer
tuskegee_university,tuskegee_university__15,Control Systems
tuskegee_university,tuskegee_university__16,Chemical Engineering
tuskegee_university,tuskegee_university__17,Chemical Engineering
tuskegee_university,tuskegee_university__18,Process Control
tuskegee_university,tuskegee_university__19,Process Control
tuskegee_university,tuskegee_university__20,Chemical Engineering
tuskegee_university,tuskegee_university__21,Chemical Engineering
tuskegee_university,tuskegee_university__22,Chemical Engineering
tuskegee_university,tuskegee_university__23,Heat Transfer
tuskegee_university,tuskegee_university__24,Heat Transfer
tuskegee_university,tuskegee_university__25,Chemical Engineering
tuskegee_university,tuskegee_university__25,Liquefaction
tuskegee_university,tuskegee_university__26,Chemical Engineering
tuskegee_university,tuskegee_university__27,Resource Management
tuskegee_university,tuskegee_university__28,Pipeline
tuskegee_university,tuskegee_university__29,Project Development
tuskegee_university,tuskegee_university__29,Project Management
tuskegee_university,tuskegee_university__30,Project Management
tuskegee_university,tuskegee_university__31,Quality Assurance
tuskegee_university,tuskegee_university__31,Project Management
tuskegee_university,tuskegee_university__32,Automation
tuskegee_university,tuskegee_university__33,Project Management
tuskegee_university,tuskegee_university__34,Construction Management
tuskegee_university,tuskegee_university__35,Construction Management
tuskegee_university,tuskegee_university__36,Construction Management
tuskegee_university,tuskegee_university__37,Construction Management
tuskegee_university,tuskegee_university__38,Construction Management
tuskegee_university,tuskegee_university__38,Project Management
tuskegee_university,tuskegee_university__39,Construction Management
tuskegee_university,tuskegee_university__39,Project Management
tuskegee_university,tuskegee_university__40,Control Systems
tuskegee_university,tuskegee_university__41,Control Systems
tuskegee_university,tuskegee_university__42,Construction Management
tuskegee_university,tuskegee_university__43,Pipeline
tuskegee_university,tuskegee_university__44,Automation
tuskegee_university,tuskegee_university__45,Project Management
tuskegee_university,tuskegee_university__46,Systems Engineering
tuskegee_university,tuskegee_university__47,Project Management
tuskegee_university,tuskegee_university__48,System Optimization
tuskegee_university,tuskegee_university__49,Control Systems
tuskegee_university,tuskegee_university__50,Environmental Regulation
tuskegee_university,tuskegee_university__51,Ion Exchange
tuskegee_university,tuskegee_university__52,Renewable Energy
tuskegee_university,tuskegee_university__52,Fuel Cell
tuskegee_university,tuskegee_university__53,Control Systems
tuskegee_university,tuskegee_university__54,Control Systems
tuskegee_university,tuskegee_university__55,Control Systems
tuskegee_university,tuskegee_university__56,Risk Assessment
tuskegee_university,tuskegee_university__57,Risk Assessment
tuskegee_university,tuskegee_university__58,Geographic Information Systems
tuskegee_university,tuskegee_university__59,Geographic Information Systems
tuskegee_university,tuskegee_university__60,Resource Management
tuskegee_university,tuskegee_university__61,Environmental Regulation
tuskegee_university,tuskegee_university__62,Process Engineering
tuskegee_university,tuskegee_university__63,Resource Management
tuskegee_university,tuskegee_university__64,Risk Assessment
tuskegee_university,tuskegee_university__65,Risk Assessment
tuskegee_university,tuskegee_university__66,Risk Assessment
tuskegee_university,tuskegee_university__67,Quality Assurance
tuskegee_university,tuskegee_university__68,Heat Transfer
tuskegee_university,tuskegee_university__69,Heat Transfer
tuskegee_university,tuskegee_university__69,Cryogenic
tuskegee_university,tuskegee_university__70,Heat Transfer
tuskegee_university,tuskegee_university__71,Corrosion
tuskegee_university,tuskegee_university__72,Engineering Management
tuskegee_university,tuskegee_university__72,Project Management
tuskegee_university,tuskegee_university__73,Heat Transfer
tuskegee_university,tuskegee_university__74,Automation
tuskegee_university,tuskegee_university__74,Control Systems
tuskegee_university,tuskegee_university__75,Chemical Synthesis
tuskegee_university,tuskegee_university__76,Clean Energy
tuskegee_university,tuskegee_university__76,Renewable Energy
tuskegee_university,tuskegee_university__77,Materials Science
tuskegee_university,tuskegee_university__78,Materials Science
tuskegee_university,tuskegee_university__79,Pressure Vessel
tuskegee_university,tuskegee_university__80,Compressors
tuskegee_university,tuskegee_university__81,Control Systems
tuskegee_university,tuskegee_university__82,Renewable Energy
tuskegee_university,tuskegee_university__83,Risk Assessment
tuskegee_university,tuskegee_university__84,Heat Transfer
tuskegee_university,tuskegee_university__85,Heat Transfer
tuskegee_university,tuskegee_university__86,Materials Engineering
tuskegee_university,tuskegee_university__87,Combustion
tuskegee_university,tuskegee_university__87,Compressors
tuskegee_university,tuskegee_university__88,Engineering Drawing
tuskegee_university,tuskegee_university__89,Sustainability
tuskegee_university,tuskegee_university__90,Materials Science
tuskegee_university,tuskegee_university__91,Process Simulation
tuskegee_university,tuskegee_university__92,Chemical Synthesis
tuskegee_university,tuskegee_university__93,Materials Science
tuskegee_university,tuskegee_university__94,Materials Science
tuskegee_university,tuskegee_university__95,Materials Science
tuskegee_university,tuskegee_university__96,Materials Science
tuskegee_university,tuskegee_university__97,Materials Science
tuskegee_university,tuskegee_university__98,Materials Science
tuskegee_university,tuskegee_university__99,Materials Engineering
tuskegee_university,tuskegee_university__100,Materials Science
tuskegee_university,tuskegee_university__101,Materials Science
tuskegee_university,tuskegee_university__102,Materials Engineering
tuskegee_university,tuskegee_university__103,ANSYS
tuskegee_university,tuskegee_university__104,Sustainability
tuskegee_university,tuskegee_university__105,Risk Assessment
tuskegee_university,tuskegee_university__106,Ion Exchange
tuskegee_university,tuskegee_university__107,Resource Management
tuskegee_university,tuskegee_university__108,Systems Engineering
tuskegee_university,tuskegee_university__108,Project Management
tuskegee_university,tuskegee_university__109,Control Systems
tuskegee_university,tuskegee_university__110,Gas Turbine
tuskegee_university,tuskegee_university__110,Combustion
tuskegee_university,tuskegee_university__111,Systems Engineering
tuskegee_university,tuskegee_university__111,Project Management
tuskegee_university,tuskegee_university__112,Pressure Vessel
university_of_florida,university_of_florida__0,Electrochemistry
university_of_florida,university_of_florida__1,Electrochemistry
university_of_florida,university_of_florida__2,Electrochemical
university_of_florida,university_of_florida__3,Electrochemical
university_of_florida,university_of_florida__4,Project Development
university_of_florida,university_of_florida__5,Electrochemistry
university_of_florida,university_of_florida__6,Electrochemical
university_of_florida,university_of_florida__7,Catalysis
university_of_florida,university_of_florida__8,Electrochemistry
university_of_florida,university_of_florida__9,Catalysis
university_of_florida,university_of_florida__10,Chemical Engineering
university_of_florida,university_of_florida__11,Chemical Engineering
university_of_florida,university_of_florida__12,Sustainability
university_of_florida,university_of_florida__13,Heat Transfer
university_of_florida,university_of_florida__14,Process Control
university_of_florida,university_of_florida__14,Chemical Engineering
university_of_florida,university_of_florida__15,Process Control
university_of_florida,university_of_florida__16,Catalysis
university_of_florida,university_of_florida__17,Catalyst
university_of_florida,university_of_florida__18,Sustainability
university_of_florida,university_of_florida__19,Sustainability
university_of_florida,university_of_florida__20,Process Safety
university_of_florida,university_of_florida__20,Chemical Engineering
university_of_florida,university_of_florida__21,Corrosion
university_of_florida,university_of_florida__21,Chemical Engineering
university_of_florida,university_of_florida__22,Chemical Engineering
university_of_florida,university_of_florida__23,Chemical Engineering
university_of_florida,university_of_florida__24,Chemical Engineering
university_of_florida,university_of_florida__25,Chemical Engineering
university_of_florida,university_of_florida__26,Chemical Engineering
university_of_florida,university_of_florida__27,Resource Management
university_of_florida,university_of_florida__28,Resource Management
university_of_florida,university_of_florida__29,Sustainability
university_of_florida,university_of_florida__30,Geographic Information Systems
university_of_florida,university_of_florida__31,Automation
university_of_florida,university_of_florida__31,Geographic Information Systems
university_of_florida,university_of_florida__32,Sustainability
university_of_florida,university_of_florida__33,Sustainability
university_of_florida,university_of_florida__34,Water Quality
university_of_florida,university_of_florida__35,Water Quality
university_of_florida,university_of_florida__36,Water Quality
university_of_florida,university_of_florida__37,Sustainability
university_of_florida,university_of_florida__38,Ion Exchange
university_of_florida,university_of_florida__39,Quality Assurance
university_of_florida,university_of_florida__40,Geographic Information Systems
university_of_florida,university_of_florida__41,Catalyst
university_of_florida,university_of_florida__42,Sustainability
university_of_florida,university_of_florida__43,Project Development
university_of_florida,university_of_florida__44,Project Development
university_of_florida,university_of_florida__45,Automation
university_of_florida,university_of_florida__46,Control Systems
university_of_florida,university_of_florida__47,Control Systems
university_of_florida,university_of_florida__48,Pipeline
university_of_florida,university_of_florida__48,Control Systems
university_of_florida,university_of_florida__49,Project Management
university_of_florida,university_of_florida__50,Project Development
university_of_florida,university_of_florida__51,Sustainability
university_of_florida,university_of_florida__52,Sustainability
university_of_florida,university_of_florida__53,Resource Management
university_of_florida,university_of_florida__54,Sustainability
university_of_florida,university_of_florida__55,Project Management
university_of_florida,university_of_florida__56,Sustainability
university_of_florida,university_of_florida__57,Resource Management
university_of_florida,university_of_florida__58,Sustainability
university_of_florida,university_of_florida__59,Heat Transfer
university_of_florida,university_of_florida__60,Heat Transfer
university_of_florida,university_of_florida__61,Risk Assessment
university_of_florida,university_of_florida__62,Sustainability
university_of_florida,university_of_florida__63,Industrial Safety
university_of_florida,university_of_florida__63,Control Systems
university_of_florida,university_of_florida__64,Industrial Safety
university_of_florida,university_of_florida__64,Control Systems
university_of_florida,university_of_florida__65,Energy and Society
university_of_florida,university_of_florida__66,Power Generation
university_of_florida,university_of_florida__67,Project Management
university_of_florida,university_of_florida__68,Heat Transfer
university_of_florida,university_of_florida__69,Liquefaction
university_of_florida,university_of_florida__69,Cryogenic
university_of_florida,university_of_florida__70,Control Systems
university_of_florida,university_of_florida__71,Ion Exchange
university_of_florida,university_of_florida__72,Corrosion
university_of_florida,university_of_florida__73,Control Systems
university_of_florida,university_of_florida__74,Resource Management
university_of_florida,university_of_florida__75,Risk Mitigation
university_of_florida,university_of_florida__76,Materials Science
university_of_florida,university_of_florida__77,Materials Science
university_of_florida,university_of_florida__78,Materials Science
university_of_florida,university_of_florida__79,Resource Management
university_of_florida,university_of_florida__80,Systems Engineering
university_of_florida,university_of_florida__81,Heat Transfer
university_of_florida,university_of_florida__82,Hydrogen
university_of_florida,university_of_florida__82,Fuel Cell
university_of_florida,university_of_florida__82,Electrochemical
university_of_florida,university_of_florida__83,Heat Transfer
university_of_florida,university_of_florida__84,Heat Transfer
university_of_florida,university_of_florida__85,Control Systems
university_of_florida,university_of_florida__86,ESG
university_of_florida,university_of_florida__87,ESG
university_of_florida,university_of_florida__88,Control Systems
university_of_florida,university_of_florida__89,Electrochemical
university_of_florida,university_of_florida__89,Power Generation
university_of_florida,university_of_florida__89,Heat Transfer
university_of_florida,university_of_florida__90,Project Management
university_of_florida,university_of_florida__91,Sustainability
university_of_florida,university_of_florida__92,Systems Engineering
university_of_florida,university_of_florida__93,Catalyst
university_of_florida,university_of_florida__94,Systems Engineering
university_of_florida,university_of_florida__95,Systems Engineering
university_of_florida,university_of_florida__96,Systems Engineering
university_of_florida,university_of_florida__97,Systems Engineering
university_of_florida,university_of_florida__98,Systems Engineering
university_of_florida,university_of_florida__99,Systems Engineering
university_of_florida,university_of_florida__100,Systems Engineering
university_of_florida,university_of_florida__101,Pipeline
university_of_florida,university_of_florida__102,Project Management
university_of_florida,university_of_florida__103,Sustainability
university_of_florida,university_of_florida__104,Sustainability
university_of_florida,university_of_florida__105,Sustainability
university_of_florida,university_of_florida__106,Geographic Information Systems
university_of_florida,university_of_florida__106,Resource Management
university_of_florida,university_of_florida__107,Geographic Information Systems
university_of_florida,university_of_florida__108,Sustainability
university_of_florida,university_of_florida__109,Resource Management
university_of_florida,university_of_florida__110,Water Quality
university_of_florida,university_of_florida__111,Resource Management
university_of_florida,university_of_florida__112,Sustainability
university_of_florida,university_of_florida__113,Sustainability
university_of_florida,university_of_florida__114,Geographic Information Systems
university_of_florida,university_of_florida__114,Resource Management
university_of_florida,university_of_florida__115,Water Quality
university_of_florida,university_of_florida__116,Resource Management
university_of_florida,university_of_florida__117,Sustainability
university_of_florida,university_of_florida__118,Resource Management
university_of_florida,university_of_florida__119,Control Systems
university_of_florida,university_of_florida__120,Geographic Information Systems
university_of_florida,university_of_florida__121,Resource Management
university_of_florida,university_of_florida__122,Resource Management
university_of_florida,university_of_florida__123,Sustainability
university_of_florida,university_of_florida__124,Water Quality
university_of_florida,university_of_florida__125,Technical Drawing
university_of_florida,university_of_florida__126,Control Systems
university_of_florida,university_of_florida__127,Ion Exchange
university_of_florida,university_of_florida__128,Project Management
university_of_florida,university_of_florida__129,Project Management
university_of_florida,university_of_florida__130,Project Management
university_of_florida,university_of_florida__131,Heat Transfer
university_of_florida,university_of_florida__132,Sustainability
university_of_florida,university_of_florida__133,Pipeline
university_of_florida,university_of_florida__134,Project Management
university_of_florida,university_of_florida__135,CCUS
university_of_florida,university_of_florida__136,Sustainability
university_of_florida,university_of_florida__137,Pipeline
university_of_florida,university_of_florida__138,Pipeline
university_of_florida,university_of_florida__139,Project Management
university_of_florida,university_of_florida__140,Construction Management
university_of_florida,university_of_florida__141,Construction Management
university_of_florida,university_of_florida__142,Sustainability
university_of_florida,university_of_florida__143,Pipeline
university_of_florida,university_of_florida__144,Construction Management
university_of_florida,university_of_florida__145,Sustainability
university_of_florida,university_of_florida__146,Life Cycle Assessment
university_of_florida,university_of_florida__146,Sustainability
university_of_florida,university_of_florida__147,Project Management
university_of_florida,university_of_florida__148,Construction Management
university_of_florida,university_of_florida__149,Project Management
university_of_florida,university_of_florida__150,Sustainability
university_of_florida,university_of_florida__151,Construction Management
university_of_florida,university_of_florida__151,Project Management
university_of_florida,university_of_florida__152,Quality Assurance
university_of_florida,university_of_florida__152,Project Management
university_of_florida,university_of_florida__153,Construction Management
university_of_florida,university_of_florida__154,Water Quality
university_of_florida,university_of_florida__155,Geographic Information Systems
university_of_florida,university_of_florida__156,Pipeline
university_of_florida,university_of_florida__157,Project Management
university_of_florida,university_of_florida__158,Project Management
university_of_florida,university_of_florida__159,Pipeline
university_of_florida,university_of_florida__160,Project Management
university_of_florida,university_of_florida__161,Sustainability
university_of_florida,university_of_florida__162,Sustainability
university_of_florida,university_of_florida__163,Sustainability
university_of_florida,university_of_florida__164,Project Development
university_of_florida,university_of_florida__165,Biofuels
university_of_florida,university_of_florida__166,Water Quality
university_of_florida,university_of_florida__167,Risk Assessment
university_of_florida,university_of_florida__168,Quality Assurance
university_of_florida,university_of_florida__168,Resource Management
university_of_florida,university_of_florida__169,Project Management
university_of_florida,university_of_florida__170,Project Management
university_of_florida,university_of_florida__171,Environmental Regulation
university_of_florida,university_of_florida__172,Resource Management
university_of_florida,university_of_florida__173,Sustainability
university_of_florida,university_of_florida__174,Process Engineering
university_of_florida,university_of_florida__175,Resource Management
university_of_florida,university_of_florida__176,Control Systems
university_of_florida,university_of_florida__177,Control Systems
university_of_florida,university_of_florida__178,Resource Management
university_of_florida,university_of_florida__179,Risk Assessment
university_of_florida,university_of_florida__180,Project Management
university_of_houston,university_of_houston__0,Sustainability
university_of_houston,university_of_houston__1,Construction Management
university_of_houston,university_of_houston__2,Construction Management
university_of_houston,university_of_houston__2,Project Management
university_of_houston,university_of_houston__3,Renewable Energy
university_of_houston,university_of_houston__4,Project Management
university_of_houston,university_of_houston__5,Quality Assurance
university_of_houston,university_of_houston__6,Construction Management
university_of_houston,university_of_houston__7,Power Transformer
university_of_houston,university_of_houston__8,Power Transformer
university_of_houston,university_of_houston__9,Control Systems
university_of_houston,university_of_houston__10,ESG
university_of_houston,university_of_houston__10,Control Systems
university_of_houston,university_of_houston__11,Electrochemical
university_of_houston,university_of_houston__12,Materials Engineering
university_of_houston,university_of_houston__13,Materials Engineering
university_of_houston,university_of_houston__14,Combustion
university_of_houston,university_of_houston__15,Control Systems
university_of_houston,university_of_houston__16,Heat Transfer
university_of_houston,university_of_houston__17,Heat Transfer
university_of_houston,university_of_houston__18,Materials Science
university_of_houston,university_of_houston__19,Control Systems
university_of_houston,university_of_houston__20,Materials Science
university_of_houston,university_of_houston__21,Process Control
university_of_houston,university_of_houston__22,Resource Management
university_of_houston,university_of_houston__23,Process Control
university_of_houston,university_of_houston__24,Automation
university_of_houston,university_of_houston__25,Project Management
university_of_houston,university_of_houston__26,Resource Management
university_of_houston,university_of_houston__27,Resource Management
university_of_houston,university_of_houston__28,Resource Management
university_of_houston,university_of_houston__29,Sustainability
university_of_houston,university_of_houston__30,Renewable Energy
university_of_houston,university_of_houston__30,Fuel Cell
university_of_houston,university_of_houston__31,Control Systems
university_of_houston,university_of_houston__32,Materials Engineering
university_of_houston,university_of_houston__33,Control Systems
university_of_houston,university_of_houston__34,Materials Engineering
university_of_houston,university_of_houston__35,Control Systems
university_of_houston,university_of_houston__36,Control Systems
university_of_houston,university_of_houston__37,Sustainability
university_of_houston,university_of_houston__38,Sustainability
university_of_houston,university_of_houston__39,Energy Supply
university_of_houston,university_of_houston__40,Energy Security
university_of_houston,university_of_houston__40,Sustainability
university_of_houston,university_of_houston__41,Renewable Energy
university_of_houston,university_of_houston__42,Sustainability
university_of_houston,university_of_houston__43,Sustainability
university_of_houston,university_of_houston__44,Sustainability
university_of_houston,university_of_houston__45,Fuel Cell
university_of_houston,university_of_houston__46,Ion Exchange
university_of_houston,university_of_houston__47,Power Quality
university_of_houston,university_of_houston__48,Power Generation
university_of_houston,university_of_houston__49,Power Quality
university_of_houston,university_of_houston__50,Project Management
university_of_houston,university_of_houston__51,Project Management
university_of_houston,university_of_houston__52,Control Systems
university_of_houston,university_of_houston__53,Control Systems
university_of_houston,university_of_houston__54,Water Quality
university_of_houston,university_of_houston__55,Project Management
university_of_houston,university_of_houston__56,Project Development
university_of_houston,university_of_houston__57,Resource Management
university_of_houston,university_of_houston__58,Sustainability
university_of_houston,university_of_houston__59,Risk Assessment
university_of_houston,university_of_houston__60,Construction Management
university_of_houston,university_of_houston__61,Construction Management
university_of_houston,university_of_houston__62,Construction Management
university_of_houston,university_of_houston__63,Sustainability
university_of_houston,university_of_houston__64,CCS
university_of_houston,university_of_houston__65,Energy Security
university_of_houston,university_of_houston__65,Sustainability
university_of_houston,university_of_houston__66,Material Selection
university_of_houston,university_of_houston__67,Project Development
university_of_houston,university_of_houston__68,Sustainability
university_of_houston,university_of_houston__69,Quality Assurance
university_of_houston,university_of_houston__70,Sustainability
university_of_houston,university_of_houston__71,Sustainability
university_of_houston,university_of_houston__72,Water Quality
university_of_houston,university_of_houston__73,Energy Market
university_of_houston,university_of_houston__74,Environmental Regulation
university_of_houston,university_of_houston__75,Sustainability
university_of_houston,university_of_houston__76,Sustainability
university_of_houston,university_of_houston__77,Sustainability
university_of_houston,university_of_houston__78,Sustainability
university_of_houston,university_of_houston__79,Sustainability
university_of_houston,university_of_houston__80,Pipeline
university_of_houston,university_of_houston__81,Electrochemistry
university_of_houston,university_of_houston__82,Catalysis
university_of_houston,university_of_houston__83,Electrochemistry
university_of_houston,university_of_houston__84,Fuel Cell
university_of_houston,university_of_houston__85,Clean Energy
university_of_houston,university_of_houston__85,Fuel Cell
university_of_houston,university_of_houston__86,Material Selection
university_of_houston,university_of_houston__87,Heat Transfer
university_of_houston,university_of_houston__88,Material Selection
university_of_houston,university_of_houston__88,Pipeline
university_of_houston,university_of_houston__88,Corrosion
university_of_houston,university_of_houston__89,Pressure Vessel
university_of_houston,university_of_houston__90,Control Systems
university_of_houston,university_of_houston__91,Renewable Energy
university_of_houston,university_of_houston__91,Power Generation
university_of_houston,university_of_houston__92,CCS
university_of_houston,university_of_houston__93,Quality Assurance
university_of_houston,university_of_houston__94,Sustainability
university_of_houston,university_of_houston__95,Project Management
university_of_houston,university_of_houston__96,Systems Engineering
university_of_houston,university_of_houston__97,Systems Engineering
university_of_houston,university_of_houston__98,Project Management
university_of_houston,university_of_houston__99,Systems Engineering
university_of_houston,university_of_houston__100,Systems Engineering
university_of_houston,university_of_houston__101,Engineering Management
university_of_houston,university_of_houston__101,Systems Engineering
university_of_houston,university_of_houston__102,Sustainability
university_of_houston,university_of_houston__103,Control Systems
university_of_houston,university_of_houston__104,Project Management
university_of_houston,university_of_houston__105,Energy Supply
university_of_houston,university_of_houston__106,Sustainable Supply Chain
university_of_houston,university_of_houston__107,Control Systems
university_of_houston,university_of_houston__108,Geographic Information Systems
university_of_houston,university_of_houston__109,Control Systems
university_of_houston,university_of_houston__110,Technical Drawing
university_of_houston,university_of_houston__111,Hydride
university_of_houston,university_of_houston__112,Electrochemistry
university_of_houston,university_of_houston__113,Electrochemistry
university_of_houston,university_of_houston__114,Electrochemistry
university_of_houston,university_of_houston__115,Project Management
university_of_houston,university_of_houston__116,Project Management
university_of_houston,university_of_houston__117,Automation
university_of_houston,university_of_houston__118,Automation
university_of_houston,university_of_houston__119,Control Systems
university_of_houston,university_of_houston__120,Project Management
university_of_houston,university_of_houston__121,CCS
university_of_houston,university_of_houston__122,CCS
university_of_houston,university_of_houston__123,CCS
university_of_houston,university_of_houston__124,CCS
university_of_houston,university_of_houston__125,CCS
university_of_houston,university_of_houston__126,Hydrogen
university_of_houston,university_of_houston__126,Fuel Cell
university_of_houston,university_of_houston__127,Catalyst
university_of_houston,university_of_houston__128,Chemical Engineering
university_of_houston,university_of_houston__129,Hazard Identification
university_of_houston,university_of_houston__129,Process Engineering
university_of_houston,university_of_houston__129,Explosion
university_of_houston,university_of_houston__130,Sustainability
university_of_houston,university_of_houston__131,Catalyst
university_of_houston,university_of_houston__131,Catalysis
university_of_houston,university_of_houston__132,Process Control
university_of_houston,university_of_houston__133,Chemical Engineering
university_of_houston,university_of_houston__134,Materials Engineering
university_of_houston,university_of_houston__135,Materials Engineering
university_of_houston,university_of_houston__136,Chemical Engineering
university_of_houston,university_of_houston__137,Chemical Engineering
university_of_houston,university_of_houston__138,Chemical Engineering
university_of_houston,university_of_houston__138,Process Control
university_of_houston,university_of_houston__139,Chemical Engineering
university_of_houston,university_of_houston__140,Chemical Engineering
university_of_houston,university_of_houston__141,Chemical Engineering
university_of_houston,university_of_houston__141,Process Control
university_of_houston,university_of_houston__142,Chemical Engineering
university_of_houston,university_of_houston__143,Chemical Engineering
university_of_houston,university_of_houston__144,Materials Science
university_of_houston,university_of_houston__145,Chemical Engineering
university_of_houston,university_of_houston__146,Pipeline
western_michigan_university,western_michigan_university__0,Sustainability
western_michigan_university,western_michigan_university__1,Chemical Engineering
western_michigan_university,western_michigan_university__2,Renewable Energy
western_michigan_university,western_michigan_university__2,Fuel Cell
western_michigan_university,western_michigan_university__3,Chemical Engineering
western_michigan_university,western_michigan_university__3,Biofuels
western_michigan_university,western_michigan_university__4,Process Control
western_michigan_university,western_michigan_university__5,Chemical Engineering
western_michigan_university,western_michigan_university__6,Sustainability
western_michigan_university,western_michigan_university__7,Sustainability
western_michigan_university,western_michigan_university__8,Sustainability
western_michigan_university,western_michigan_university__9,Material Selection
western_michigan_university,western_michigan_university__10,Project Management
western_michigan_university,western_michigan_university__11,Engineering Management
western_michigan_university,western_michigan_university__12,Chemical Engineering
western_michigan_university,western_michigan_university__12,Sustainability
western_michigan_university,western_michigan_university__13,Sustainability
western_michigan_university,western_michigan_university__14,Sustainability
western_michigan_university,western_michigan_university__15,Sustainability
western_michigan_university,western_michigan_university__16,Sustainability
western_michigan_university,western_michigan_university__17,Sustainability
western_michigan_university,western_michigan_university__17,Project Management
western_michigan_university,western_michigan_university__18,Resource Management
western_michigan_university,western_michigan_university__19,CCUS
western_michigan_university,western_michigan_university__20,Sustainability
western_michigan_university,western_michigan_university__21,Chemical Engineering
western_michigan_university,western_michigan_university__21,Heat Transfer
western_michigan_university,western_michigan_university__22,Combustion
western_michigan_university,western_michigan_university__23,Chemical Engineering
western_michigan_university,western_michigan_university__24,Hazard Identification
western_michigan_university,western_michigan_university__24,Risk Assessment
western_michigan_university,western_michigan_university__24,Explosion
western_michigan_university,western_michigan_university__24,Process Safety
western_michigan_university,western_michigan_university__25,Chemical Engineering
western_michigan_university,western_michigan_university__25,Process Engineering
western_michigan_university,western_michigan_university__26,Chemical Engineering
western_michigan_university,western_michigan_university__27,Chemical Engineering
western_michigan_university,western_michigan_university__28,Chemical Engineering
western_michigan_university,western_michigan_university__29,Chemical Engineering
western_michigan_university,western_michigan_university__29,Heat Transfer
western_michigan_university,western_michigan_university__30,Chemical Engineering
western_michigan_university,western_michigan_university__31,Sustainability
western_michigan_university,western_michigan_university__32,Chemical Engineering
western_michigan_university,western_michigan_university__32,Process Safety
western_michigan_university,western_michigan_university__33,Chemical Engineering
western_michigan_university,western_michigan_university__33,Process Simulation
western_michigan_university,western_michigan_university__34,Sustainability
western_michigan_university,western_michigan_university__35,Catalysis
western_michigan_university,western_michigan_university__36,Sustainability
western_michigan_university,western_michigan_university__37,Pipeline
western_michigan_university,western_michigan_university__38,Sustainability
western_michigan_university,western_michigan_university__39,Project Management
western_michigan_university,western_michigan_university__40,Power Generation
western_michigan_university,western_michigan_university__41,Power Generation
western_michigan_university,western_michigan_university__42,Control Systems
western_michigan_university,western_michigan_university__43,Control Systems
western_michigan_university,western_michigan_university__44,Welding
western_michigan_university,western_michigan_university__45,Project Management
western_michigan_university,western_michigan_university__46,Quality Assurance
western_michigan_university,western_michigan_university__47,Resource Management
western_michigan_university,western_michigan_university__48,Resource Management
western_michigan_university,western_michigan_university__49,Port Infrastructure
western_michigan_university,western_michigan_university__50,Power Generation
western_michigan_university,western_michigan_university__51,Project Management
western_michigan_university,western_michigan_university__52,Control Systems
western_michigan_university,western_michigan_university__53,Project Management
western_michigan_university,western_michigan_university__54,Sustainability
western_michigan_university,western_michigan_university__54,Project Management
western_michigan_university,western_michigan_university__55,Chemical Synthesis
western_michigan_university,western_michigan_university__56,Electrochemical
western_michigan_university,western_michigan_university__57,Electrochemistry
western_michigan_university,western_michigan_university__58,Environmental Protection
western_michigan_university,western_michigan_university__59,Electrochemical
western_michigan_university,western_michigan_university__60,Electrochemistry
western_michigan_university,western_michigan_university__61,Sustainability
western_michigan_university,western_michigan_university__62,Sustainability
western_michigan_university,western_michigan_university__63,Chemical Engineering
western_michigan_university,western_michigan_university__64,Risk Assessment
western_michigan_university,western_michigan_university__65,Project Management
western_michigan_university,western_michigan_university__66,Automation
western_michigan_university,western_michigan_university__66,Sustainability
western_michigan_university,western_michigan_university__67,Predictive Analytics
western_michigan_university,western_michigan_university__68,Welding
western_michigan_university,western_michigan_university__69,Control Systems
western_michigan_university,western_michigan_university__70,Control Systems
western_michigan_university,western_michigan_university__71,Corrosion
western_michigan_university,western_michigan_university__72,Corrosion
western_michigan_university,western_michigan_university__73,Port Infrastructure
western_michigan_university,western_michigan_university__74,Resource Management
western_michigan_university,western_michigan_university__75,Gas Turbine
western_michigan_university,western_michigan_university__75,Power Generation
western_michigan_university,western_michigan_university__76,Project Management
western_michigan_university,western_michigan_university__77,Risk Mitigation
western_michigan_university,western_michigan_university__78,Project Management
western_michigan_university,western_michigan_university__79,Ion Exchange
western_michigan_university,western_michigan_university__80,Engineering Management
western_michigan_university,western_michigan_university__81,Project Management
western_michigan_university,western_michigan_university__82,Sustainability
western_michigan_university,western_michigan_university__83,Sustainability
western_michigan_university,western_michigan_university__84,Sustainability
western_michigan_university,western_michigan_university__85,Sustainability
western_michigan_university,western_michigan_university__86,Sustainability
western_michigan_university,western_michigan_university__87,Sustainability
western_michigan_university,western_michigan_university__88,Sustainability
western_michigan_university,western_michigan_university__89,Sustainability
western_michigan_university,western_michigan_university__90,Sustainability
western_michigan_university,western_michigan_university__91,Sustainability
western_michigan_university,western_michigan_university__92,Sustainability
western_michigan_university,western_michigan_university__93,Resource Management
western_michigan_university,western_michigan_university__94,Sustainability
western_michigan_university,western_michigan_university__95,Sustainability
western_michigan_university,western_michigan_university__96,Resource Management
western_michigan_university,western_michigan_university__97,Environmental Regulation
western_michigan_university,western_michigan_university__98,Hydrogen
western_michigan_university,western_michigan_university__99,Environmental Impact Assessment
western_michigan_university,western_michigan_university__100,Water Quality
western_michigan_university,western_michigan_university__101,Geographic Information Systems
western_michigan_university,western_michigan_university__102,Sustainability
western_michigan_university,western_michigan_university__103,Project Management
western_michigan_university,western_michigan_university__104,Risk Assessment
western_michigan_university,western_michigan_university__105,Sustainability
western_michigan_university,western_michigan_university__106,Sustainability
western_michigan_university,western_michigan_university__107,Sustainability
western_michigan_university,western_michigan_university__108,Sustainability
western_michigan_university,western_michigan_university__108,Resource Management
western_michigan_university,western_michigan_university__109,Sustainability
western_michigan_university,western_michigan_university__110,Geographic Information Systems
western_michigan_university,western_michigan_university__110,Sustainability
western_michigan_university,western_michigan_university__111,Sustainability
western_michigan_university,western_michigan_university__112,Geographic Information Systems
western_michigan_university,western_michigan_university__112,Sustainability
western_michigan_university,western_michigan_university__113,Sustainability
western_michigan_university,western_michigan_university__114,Sustainability
western_michigan_university,western_michigan_university__115,Sustainability
western_michigan_university,western_michigan_university__116,Sustainability
western_michigan_university,western_michigan_university__117,Sustainability
western_michigan_university,western_michigan_university__118,Sustainability
western_michigan_university,western_michigan_university__118,Environmental Impact Assessment
western_michigan_university,western_michigan_university__119,Engineering Management
western_michigan_university,western_michigan_university__120,Quality Assurance
western_michigan_university,western_michigan_university__121,Sustainability
western_michigan_university,western_michigan_university__122,Welding
western_michigan_university,western_michigan_university__123,Quality Assurance
western_michigan_university,western_michigan_university__123,Process Control
western_michigan_university,western_michigan_university__124,Heat Transfer
western_michigan_university,western_michigan_university__125,Materials Science
western_michigan_university,western_michigan_university__126,Welding
western_michigan_university,western_michigan_university__127,Sustainability
western_michigan_university,western_michigan_university__128,Technical Drawing
western_michigan_university,western_michigan_university__129,Resource Management
western_michigan_university,western_michigan_university__130,Control Systems
western_michigan_university,western_michigan_university__131,Control Systems
western_michigan_university,western_michigan_university__132,Sustainability
western_michigan_university,western_michigan_university__133,Sustainability
western_michigan_university,western_michigan_university__134,Supply Chain Logistics
western_michigan_university,western_michigan_university__135,Sustainability
western_michigan_university,western_michigan_university__136,Resource Management
western_michigan_university,western_michigan_university__137,Resource Management
western_michigan_university,western_michigan_university__138,Resource Management
western_michigan_university,western_michigan_university__138,Project Management
western_michigan_university,western_michigan_university__139,Resource Management
western_michigan_university,western_michigan_university__140,Sustainability
western_michigan_university,western_michigan_university__141,Combustion
western_michigan_university,western_michigan_university__142,Control Systems
western_michigan_university,western_michigan_university__143,Combustion
western_michigan_university,western_michigan_university__144,Chemical Engineering
western_michigan_university,western_michigan_university__144,Heat Transfer
western_michigan_university,western_michigan_university__144,Power Generation
western_michigan_university,western_michigan_university__145,Chemical Engineering
western_michigan_university,western_michigan_university__146,Chemical Engineering
western_michigan_university,western_michigan_university__146,Combustion
western_michigan_university,western_michigan_university__147,Heat Transfer
western_michigan_university,western_michigan_university__148,Combustion
western_michigan_university,western_michigan_university__149,Control Systems
western_michigan_university,western_michigan_university__150,Materials Science
western_michigan_university,western_michigan_university__151,Heat Transfer
western_michigan_university,western_michigan_university__152,Sustainability
western_michigan_university,western_michigan_university__153,Control Systems
western_michigan_university,western_michigan_university__154,Hydrogen
western_michigan_university,western_michigan_university__154,Fuel Cell
western_michigan_university,western_michigan_university__154,Electrochemistry
western_michigan_university,western_michigan_university__155,Material Selection
western_michigan_university,western_michigan_university__155,Corrosion
western_michigan_university,western_michigan_university__156,Heat Transfer
western_michigan_university,western_michigan_university__157,Heat Transfer
western_michigan_university,western_michigan_university__158,Project Management
western_michigan_university,western_michigan_university__159,Sustainability
western_michigan_university,western_michigan_university__160,Chemical Engineering
western_michigan_university,western_michigan_university__161,Water Quality
western_michigan_university,western_michigan_university__162,Process Engineering
western_michigan_university,western_michigan_university__163,Chemical Engineering
western_michigan_university,western_michigan_university__164,Sustainability
western_michigan_university,western_michigan_university__165,Sustainability
western_michigan_university,western_michigan_university__166,Sustainability
western_michigan_university,western_michigan_university__167,Sustainability
western_michigan_university,western_michigan_university__168,Sustainability
western_michigan_university,western_michigan_university__169,Hydrogen
western_michigan_university,western_michigan_university__170,Explosion
western_michigan_university,western_michigan_university__171,Renewable Energy
western_michigan_university,western_michigan_university__171,Sustainability
western_michigan_university,western_michigan_university__172,Sustainability
western_michigan_university,western_michigan_university__173,Sustainability
western_michigan_university,western_michigan_university__174,Sustainability
western_michigan_university,western_michigan_university__175,Sustainability
western_michigan_university,western_michigan_university__176,Sustainability
western_michigan_university,western_michigan_university__177,Resource Management
western_michigan_university,western_michigan_university__178,Project Management
western_michigan_university,western_michigan_university__179,Sustainability
western_michigan_university,western_michigan_university__180,Sustainability
western_michigan_university,western_michigan_university__181,Sustainability
western_michigan_university,western_michigan_university__182,Greenhouse Gas Emissions
western_michigan_university,western_michigan_university__183,Sustainability
western_michigan_university,western_michigan_university__184,Sustainability
western_michigan_university,western_michigan_university__185,Sustainability
western_michigan_university,western_michigan_university__186,Project Management
western_michigan_university,western_michigan_university__187,Project Management
western_michigan_university,western_michigan_university__188,Project Management
western_michigan_university,western_michigan_university__189,Sustainability
western_michigan_university,western_michigan_university__190,Sustainability
western_michigan_university,western_michigan_university__191,Sustainability
western_michigan_university,western_michigan_university__192,Sustainability
western_michigan_university,western_michigan_university__193,Sustainability
western_michigan_university,western_michigan_university__194,Heat Transfer
western_michigan_university,western_michigan_university__195,Compressors
western_michigan_university,western_michigan_university__196,Sustainability
western_michigan_university,western_michigan_university__197,Sustainability
western_michigan_university,western_michigan_university__198,Risk Assessment
