school,course_id,relevance_score
appalachian_state_university,appalachian_state_university__0,1.5
appalachian_state_university,appalachian_state_university__1,1.5
appalachian_state_university,appalachian_state_university__2,1.5
appalachian_state_university,appalachian_state_university__3,1.5
appalachian_state_university,appalachian_state_university__4,1.5
appalachian_state_university,appalachian_state_university__5,1.5
appalachian_state_university,appalachian_state_university__6,8.0
appalachian_state_university,appalachian_state_university__7,7.5
appalachian_state_university,appalachian_state_university__8,11.0
appalachian_state_university,appalachian_state_university__9,5.0
appalachian_state_university,appalachian_state_university__10,5.0
appalachian_state_university,appalachian_state_university__11,2.0
appalachian_state_university,appalachian_state_university__12,2.0
appalachian_state_university,appalachian_state_university__13,5.5
appalachian_state_university,appalachian_state_university__14,4.5
appalachian_state_university,appalachian_state_university__15,4.5
appalachian_state_university,appalachian_state_university__16,4.5
appalachian_state_university,appalachian_state_university__17,4.5
appalachian_state_university,appalachian_state_university__18,5.0
appalachian_state_university,appalachian_state_university__19,5.0
appalachian_state_university,appalachian_state_university__20,4.5
appalachian_state_university,appalachian_state_university__21,4.5
appalachian_state_university,appalachian_state_university__22,4.5
appalachian_state_university,appalachian_state_university__23,4.5
appalachian_state_university,appalachian_state_university__24,4.5
appalachian_state_university,appalachian_state_university__25,2.0
appalachian_state_university,appalachian_state_university__26,5.5
appalachian_state_university,appalachian_state_university__27,4.5
appalachian_state_university,appalachian_state_university__28,2.5
appalachian_state_university,appalachian_state_university__29,3.0
appalachian_state_university,appalachian_state_university__30,4.5
appalachian_state_university,appalachian_state_university__31,2.5
appalachian_state_university,appalachian_state_university__32,4.5
appalachian_state_university,appalachian_state_university__33,4.5
appalachian_state_university,appalachian_state_university__34,5.0
appalachian_state_university,appalachian_state_university__35,1.5
appalachian_state_university,appalachian_state_university__36,5.0
appalachian_state_university,appalachian_state_university__37,4.5
appalachian_state_university,appalachian_state_university__38,4.5
appalachian_state_university,appalachian_state_university__39,4.5
appalachian_state_university,appalachian_state_university__40,1.5
appalachian_state_university,appalachian_state_university__41,2.5
appalachian_state_university,appalachian_state_university__42,4.5
appalachian_state_university,appalachian_state_university__43,1.5
appalachian_state_university,appalachian_state_university__44,2.0
appalachian_state_university,appalachian_state_university__45,1.5
appalachian_state_university,appalachian_state_university__46,4.5
appalachian_state_university,appalachian_state_university__47,5.0
appalachian_state_university,appalachian_state_university__48,3.0
appalachian_state_university,appalachian_state_university__49,1.5
appalachian_state_university,appalachian_state_university__50,2.5
appalachian_state_university,appalachian_state_university__51,4.5
appalachian_state_university,appalachian_state_university__52,2.5
appalachian_state_university,appalachian_state_university__53,4.5
appalachian_state_university,appalachian_state_university__54,4.5
appalachian_state_university,appalachian_state_university__55,1.5
appalachian_state_university,appalachian_state_university__56,3.5
appalachian_state_university,appalachian_state_university__57,5.0
appalachian_state_university,appalachian_state_university__58,4.5
appalachian_state_university,appalachian_state_university__59,1.5
appalachian_state_university,appalachian_state_university__60,2.5
appalachian_state_university,appalachian_state_university__61,1.5
appalachian_state_university,appalachian_state_university__62,2.5
appalachian_state_university,appalachian_state_university__63,3.0
appalachian_state_university,appalachian_state_university__64,1.5
appalachian_state_university,appalachian_state_university__65,3.0
appalachian_state_university,appalachian_state_university__66,1.5
appalachian_state_university,appalachian_state_university__67,1.5
appalachian_state_university,appalachian_state_university__68,4.5
appalachian_state_university,appalachian_state_university__69,2.5
appalachian_state_university,appalachian_state_university__70,1.5
appalachian_state_university,appalachian_state_university__71,5.5
appalachian_state_university,appalachian_state_university__72,1.5
appalachian_state_university,appalachian_state_university__73,1.5
appalachian_state_university,appalachian_state_university__74,5.0
appalachian_state_university,appalachian_state_university__75,1.5
appalachian_state_university,appalachian_state_university__76,4.5
appalachian_state_university,appalachian_state_university__77,4.5
appalachian_state_university,appalachian_state_university__78,2.5
appalachian_state_university,appalachian_state_university__79,2.5
appalachian_state_university,appalachian_state_university__80,2.5
appalachian_state_university,appalachian_state_university__81,1.5
appalachian_state_university,appalachian_state_university__82,4.0
appalachian_state_university,appalachian_state_university__83,2.5
appalachian_state_university,appalachian_state_university__84,5.0
appalachian_state_university,appalachian_state_university__85,4.5
appalachian_state_university,appalachian_state_university__86,2.5
appalachian_state_university,appalachian_state_university__87,2.5
appalachian_state_university,appalachian_state_university__88,1.5
appalachian_state_university,appalachian_state_university__89,2.0
appalachian_state_university,appalachian_state_university__90,3.5
appalachian_state_university,appalachian_state_university__91,1.5
appalachian_state_university,appalachian_state_university__92,1.5
appalachian_state_university,appalachian_state_university__93,5.0
appalachian_state_university,appalachian_state_university__94,4.5
appalachian_state_university,appalachian_state_university__95,8.0
california_institute_of_technology,california_institute_of_technology__0,2.0
california_institute_of_technology,california_institute_of_technology__1,1.5
california_institute_of_technology,california_institute_of_technology__2,3.5
california_institute_of_technology,california_institute_of_technology__3,3.5
california_institute_of_technology,california_institute_of_technology__4,2.5
california_institute_of_technology,california_institute_of_technology__5,4.5
california_institute_of_technology,california_institute_of_technology__6,5.0
california_institute_of_technology,california_institute_of_technology__7,3.0
california_institute_of_technology,california_institute_of_technology__8,2.5
california_institute_of_technology,california_institute_of_technology__9,3.0
california_institute_of_technology,california_institute_of_technology__10,2.5
california_institute_of_technology,california_institute_of_technology__11,2.5
california_institute_of_technology,california_institute_of_technology__12,3.0
california_institute_of_technology,california_institute_of_technology__13,2.5
california_institute_of_technology,california_institute_of_technology__14,2.5
california_institute_of_technology,california_institute_of_technology__15,2.5
california_institute_of_technology,california_institute_of_technology__16,3.0
california_institute_of_technology,california_institute_of_technology__17,3.5
california_institute_of_technology,california_institute_of_technology__18,2.5
california_institute_of_technology,california_institute_of_technology__19,3.5
california_institute_of_technology,california_institute_of_technology__20,4.5
california_institute_of_technology,california_institute_of_technology__21,5.0
california_institute_of_technology,california_institute_of_technology__22,5.5
california_institute_of_technology,california_institute_of_technology__23,3.5
california_institute_of_technology,california_institute_of_technology__24,4.0
california_institute_of_technology,california_institute_of_technology__25,3.0
california_institute_of_technology,california_institute_of_technology__26,1.5
california_institute_of_technology,california_institute_of_technology__27,3.5
california_institute_of_technology,california_institute_of_technology__28,1.5
california_institute_of_technology,california_institute_of_technology__29,2.5
california_institute_of_technology,california_institute_of_technology__30,3.5
california_institute_of_technology,california_institute_of_technology__31,2.5
california_institute_of_technology,california_institute_of_technology__32,1.5
california_institute_of_technology,california_institute_of_technology__33,3.5
california_institute_of_technology,california_institute_of_technology__34,1.5
california_institute_of_technology,california_institute_of_technology__35,1.5
california_institute_of_technology,california_institute_of_technology__36,4.5
california_institute_of_technology,california_institute_of_technology__37,4.0
california_institute_of_technology,california_institute_of_technology__38,3.5
california_institute_of_technology,california_institute_of_technology__39,1.5
california_institute_of_technology,california_institute_of_technology__40,4.5
california_institute_of_technology,california_institute_of_technology__41,3.5
california_institute_of_technology,california_institute_of_technology__42,5.0
california_institute_of_technology,california_institute_of_technology__43,4.5
california_institute_of_technology,california_institute_of_technology__44,5.0
california_institute_of_technology,california_institute_of_technology__45,4.5
california_institute_of_technology,california_institute_of_technology__46,4.5
california_institute_of_technology,california_institute_of_technology__47,2.0
california_institute_of_technology,california_institute_of_technology__48,2.0
california_institute_of_technology,california_institute_of_technology__49,1.5
california_institute_of_technology,california_institute_of_technology__50,1.5
california_institute_of_technology,california_institute_of_technology__51,2.5
california_institute_of_technology,california_institute_of_technology__52,1.5
california_institute_of_technology,california_institute_of_technology__53,1.5
california_institute_of_technology,california_institute_of_technology__54,3.0
california_institute_of_technology,california_institute_of_technology__55,4.0
california_institute_of_technology,california_institute_of_technology__56,3.5
california_institute_of_technology,california_institute_of_technology__57,3.0
california_institute_of_technology,california_institute_of_technology__58,4.5
california_institute_of_technology,california_institute_of_technology__59,2.5
california_institute_of_technology,california_institute_of_technology__60,6.0
california_institute_of_technology,california_institute_of_technology__61,2.5
california_institute_of_technology,california_institute_of_technology__62,2.5
california_institute_of_technology,california_institute_of_technology__63,3.0
california_institute_of_technology,california_institute_of_technology__64,6.0
california_institute_of_technology,california_institute_of_technology__65,1.5
california_institute_of_technology,california_institute_of_technology__66,1.5
california_institute_of_technology,california_institute_of_technology__67,3.5
california_institute_of_technology,california_institute_of_technology__68,2.5
california_institute_of_technology,california_institute_of_technology__69,3.0
california_institute_of_technology,california_institute_of_technology__70,3.5
california_institute_of_technology,california_institute_of_technology__71,2.5
california_institute_of_technology,california_institute_of_technology__72,3.0
california_institute_of_technology,california_institute_of_technology__73,5.5
california_institute_of_technology,california_institute_of_technology__74,3.5
california_institute_of_technology,california_institute_of_technology__75,2.5
california_institute_of_technology,california_institute_of_technology__76,3.0
california_institute_of_technology,california_institute_of_technology__77,4.5
california_institute_of_technology,california_institute_of_technology__78,4.5
california_institute_of_technology,california_institute_of_technology__79,3.5
california_institute_of_technology,california_institute_of_technology__80,1.5
california_institute_of_technology,california_institute_of_technology__81,3.0
california_institute_of_technology,california_institute_of_technology__82,2.5
california_institute_of_technology,california_institute_of_technology__83,4.0
california_institute_of_technology,california_institute_of_technology__84,3.5
california_institute_of_technology,california_institute_of_technology__85,3.5
california_institute_of_technology,california_institute_of_technology__86,3.5
california_institute_of_technology,california_institute_of_technology__87,1.5
california_institute_of_technology,california_institute_of_technology__88,2.5
california_institute_of_technology,california_institute_of_technology__89,3.5
california_institute_of_technology,california_institute_of_technology__90,4.5
california_institute_of_technology,california_institute_of_technology__91,3.5
california_institute_of_technology,california_institute_of_technology__92,7.5
california_institute_of_technology,california_institute_of_technology__93,3.5
california_institute_of_technology,california_institute_of_technology__94,6.0
california_institute_of_technology,california_institute_of_technology__95,3.5
california_institute_of_technology,california_institute_of_technology__96,2.5
california_institute_of_technology,california_institute_of_technology__97,3.5
california_institute_of_technology,california_institute_of_technology__98,3.5
california_institute_of_technology,california_institute_of_technology__99,4.0
california_institute_of_technology,california_institute_of_technology__100,4.0
california_institute_of_technology,california_institute_of_technology__101,3.5
california_institute_of_technology,california_institute_of_technology__102,2.5
california_institute_of_technology,california_institute_of_technology__103,3.0
california_institute_of_technology,california_institute_of_technology__104,3.5
california_institute_of_technology,california_institute_of_technology__105,3.5
california_institute_of_technology,california_institute_of_technology__106,3.5
california_institute_of_technology,california_institute_of_technology__107,3.5
california_institute_of_technology,california_institute_of_technology__108,2.5
california_institute_of_technology,california_institute_of_technology__109,2.5
california_institute_of_technology,california_institute_of_technology__110,3.5
california_institute_of_technology,california_institute_of_technology__111,3.5
california_institute_of_technology,california_institute_of_technology__112,4.5
california_institute_of_technology,california_institute_of_technology__113,3.5
california_institute_of_technology,california_institute_of_technology__114,2.5
california_state_university_long_beach,california_state_university_long_beach__0,5.5
california_state_university_long_beach,california_state_university_long_beach__1,3.5
california_state_university_long_beach,california_state_university_long_beach__2,4.5
california_state_university_long_beach,california_state_university_long_beach__3,2.5
california_state_university_long_beach,california_state_university_long_beach__4,2.0
california_state_university_long_beach,california_state_university_long_beach__5,1.5
california_state_university_long_beach,california_state_university_long_beach__6,4.5
california_state_university_long_beach,california_state_university_long_beach__7,5.0
california_state_university_long_beach,california_state_university_long_beach__8,4.5
california_state_university_long_beach,california_state_university_long_beach__9,3.5
california_state_university_long_beach,california_state_university_long_beach__10,3.5
california_state_university_long_beach,california_state_university_long_beach__11,1.5
california_state_university_long_beach,california_state_university_long_beach__12,2.5
california_state_university_long_beach,california_state_university_long_beach__13,3.0
california_state_university_long_beach,california_state_university_long_beach__14,2.5
california_state_university_long_beach,california_state_university_long_beach__15,2.5
california_state_university_long_beach,california_state_university_long_beach__16,3.0
california_state_university_long_beach,california_state_university_long_beach__17,3.0
california_state_university_long_beach,california_state_university_long_beach__18,3.5
california_state_university_long_beach,california_state_university_long_beach__19,3.5
california_state_university_long_beach,california_state_university_long_beach__20,2.5
california_state_university_long_beach,california_state_university_long_beach__21,4.0
california_state_university_long_beach,california_state_university_long_beach__22,2.5
california_state_university_long_beach,california_state_university_long_beach__23,2.5
california_state_university_long_beach,california_state_university_long_beach__24,16.0
california_state_university_long_beach,california_state_university_long_beach__25,2.5
california_state_university_long_beach,california_state_university_long_beach__26,2.5
california_state_university_long_beach,california_state_university_long_beach__27,8.5
california_state_university_long_beach,california_state_university_long_beach__28,2.5
california_state_university_long_beach,california_state_university_long_beach__29,6.0
california_state_university_long_beach,california_state_university_long_beach__30,4.5
california_state_university_long_beach,california_state_university_long_beach__31,3.0
california_state_university_long_beach,california_state_university_long_beach__32,4.5
california_state_university_long_beach,california_state_university_long_beach__33,2.5
california_state_university_long_beach,california_state_university_long_beach__34,3.0
california_state_university_long_beach,california_state_university_long_beach__35,2.5
california_state_university_long_beach,california_state_university_long_beach__36,2.5
california_state_university_long_beach,california_state_university_long_beach__37,2.5
california_state_university_long_beach,california_state_university_long_beach__38,4.0
california_state_university_long_beach,california_state_university_long_beach__39,1.5
california_state_university_long_beach,california_state_university_long_beach__40,4.5
california_state_university_long_beach,california_state_university_long_beach__41,12.5
california_state_university_long_beach,california_state_university_long_beach__42,2.5
california_state_university_long_beach,california_state_university_long_beach__43,15.5
california_state_university_long_beach,california_state_university_long_beach__44,3.5
california_state_university_long_beach,california_state_university_long_beach__45,8.0
california_state_university_long_beach,california_state_university_long_beach__46,4.0
california_state_university_long_beach,california_state_university_long_beach__47,1.5
california_state_university_long_beach,california_state_university_long_beach__48,1.5
california_state_university_long_beach,california_state_university_long_beach__49,2.5
california_state_university_long_beach,california_state_university_long_beach__50,6.0
california_state_university_long_beach,california_state_university_long_beach__51,3.0
california_state_university_long_beach,california_state_university_long_beach__52,2.5
california_state_university_long_beach,california_state_university_long_beach__53,3.0
california_state_university_long_beach,california_state_university_long_beach__54,3.5
california_state_university_long_beach,california_state_university_long_beach__55,3.0
california_state_university_long_beach,california_state_university_long_beach__56,3.5
california_state_university_long_beach,california_state_university_long_beach__57,3.5
california_state_university_long_beach,california_state_university_long_beach__58,5.5
california_state_university_long_beach,california_state_university_long_beach__59,2.5
california_state_university_long_beach,california_state_university_long_beach__60,1.5
california_state_university_long_beach,california_state_university_long_beach__61,3.0
california_state_university_long_beach,california_state_university_long_beach__62,5.5
california_state_university_long_beach,california_state_university_long_beach__63,4.5
california_state_university_long_beach,california_state_university_long_beach__64,2.5
california_state_university_long_beach,california_state_university_long_beach__65,4.5
california_state_university_long_beach,california_state_university_long_beach__66,2.5
california_state_university_long_beach,california_state_university_long_beach__67,2.5
california_state_university_long_beach,california_state_university_long_beach__68,2.5
california_state_university_long_beach,california_state_university_long_beach__69,1.5
california_state_university_long_beach,california_state_university_long_beach__70,2.5
california_state_university_long_beach,california_state_university_long_beach__71,4.5
california_state_university_long_beach,california_state_university_long_beach__72,1.5
california_state_university_long_beach,california_state_university_long_beach__73,5.0
california_state_university_long_beach,california_state_university_long_beach__74,4.5
california_state_university_long_beach,california_state_university_long_beach__75,1.5
california_state_university_long_beach,california_state_university_long_beach__76,1.5
california_state_university_long_beach,california_state_university_long_beach__77,1.5
california_state_university_long_beach,california_state_university_long_beach__78,2.5
california_state_university_long_beach,california_state_university_long_beach__79,4.5
california_state_university_long_beach,california_state_university_long_beach__80,1.5
california_state_university_long_beach,california_state_university_long_beach__81,1.5
california_state_university_long_beach,california_state_university_long_beach__82,2.0
california_state_university_long_beach,california_state_university_long_beach__83,1.5
california_state_university_long_beach,california_state_university_long_beach__84,4.0
california_state_university_long_beach,california_state_university_long_beach__85,2.5
california_state_university_long_beach,california_state_university_long_beach__86,3.5
california_state_university_long_beach,california_state_university_long_beach__87,4.0
california_state_university_long_beach,california_state_university_long_beach__88,5.5
california_state_university_long_beach,california_state_university_long_beach__89,2.5
california_state_university_long_beach,california_state_university_long_beach__90,2.5
california_state_university_long_beach,california_state_university_long_beach__91,2.5
california_state_university_long_beach,california_state_university_long_beach__92,3.0
california_state_university_long_beach,california_state_university_long_beach__93,5.0
california_state_university_long_beach,california_state_university_long_beach__94,2.5
california_state_university_long_beach,california_state_university_long_beach__95,3.0
california_state_university_long_beach,california_state_university_long_beach__96,1.5
california_state_university_long_beach,california_state_university_long_beach__97,4.5
california_state_university_long_beach,california_state_university_long_beach__98,2.5
california_state_university_long_beach,california_state_university_long_beach__99,2.5
california_state_university_long_beach,california_state_university_long_beach__100,4.0
california_state_university_long_beach,california_state_university_long_beach__101,3.0
california_state_university_long_beach,california_state_university_long_beach__102,2.5
california_state_university_long_beach,california_state_university_long_beach__103,1.5
california_state_university_long_beach,california_state_university_long_beach__104,4.0
california_state_university_long_beach,california_state_university_long_beach__105,2.5
california_state_university_long_beach,california_state_university_long_beach__106,1.5
california_state_university_long_beach,california_state_university_long_beach__107,1.5
california_state_university_long_beach,california_state_university_long_beach__108,3.5
california_state_university_long_beach,california_state_university_long_beach__109,1.5
california_state_university_long_beach,california_state_university_long_beach__110,1.5
california_state_university_long_beach,california_state_university_long_beach__111,1.5
california_state_university_long_beach,california_state_university_long_beach__112,1.5
california_state_university_long_beach,california_state_university_long_beach__113,2.0
california_state_university_long_beach,california_state_university_long_beach__114,4.5
california_state_university_long_beach,california_state_university_long_beach__115,2.0
california_state_university_long_beach,california_state_university_long_beach__116,4.5
california_state_university_long_beach,california_state_university_long_beach__117,4.5
california_state_university_long_beach,california_state_university_long_beach__118,4.5
california_state_university_long_beach,california_state_university_long_beach__119,2.5
california_state_university_long_beach,california_state_university_long_beach__120,2.5
california_state_university_long_beach,california_state_university_long_beach__121,1.5
california_state_university_long_beach,california_state_university_long_beach__122,2.5
california_state_university_long_beach,california_state_university_long_beach__123,1.5
california_state_university_long_beach,california_state_university_long_beach__124,1.5
california_state_university_long_beach,california_state_university_long_beach__125,2.5
california_state_university_long_beach,california_state_university_long_beach__126,2.0
california_state_university_long_beach,california_state_university_long_beach__127,2.0
california_state_university_long_beach,california_state_university_long_beach__128,1.5
california_state_university_long_beach,california_state_university_long_beach__129,1.5
california_state_university_long_beach,california_state_university_long_beach__130,1.5
california_state_university_long_beach,california_state_university_long_beach__131,3.5
california_state_university_long_beach,california_state_university_long_beach__132,9.0
california_state_university_long_beach,california_state_university_long_beach__133,4.5
california_state_university_long_beach,california_state_university_long_beach__134,1.5
california_state_university_long_beach,california_state_university_long_beach__135,1.5
california_state_university_long_beach,california_state_university_long_beach__136,2.5
california_state_university_long_beach,california_state_university_long_beach__137,2.5
california_state_university_long_beach,california_state_university_long_beach__138,2.5
california_state_university_long_beach,california_state_university_long_beach__139,1.5
california_state_university_long_beach,california_state_university_long_beach__140,2.5
california_state_university_long_beach,california_state_university_long_beach__141,2.5
california_state_university_long_beach,california_state_university_long_beach__142,5.0
california_state_university_long_beach,california_state_university_long_beach__143,1.5
california_state_university_long_beach,california_state_university_long_beach__144,1.5
california_state_university_long_beach,california_state_university_long_beach__145,5.5
california_state_university_long_beach,california_state_university_long_beach__146,1.5
california_state_university_long_beach,california_state_university_long_beach__147,6.0
california_state_university_long_beach,california_state_university_long_beach__148,1.5
california_state_university_long_beach,california_state_university_long_beach__149,2.5
california_state_university_long_beach,california_state_university_long_beach__150,2.5
california_state_university_long_beach,california_state_university_long_beach__151,5.5
california_state_university_long_beach,california_state_university_long_beach__152,5.0
california_state_university_long_beach,california_state_university_long_beach__153,5.5
california_state_university_long_beach,california_state_university_long_beach__154,5.0
california_state_university_long_beach,california_state_university_long_beach__155,5.0
california_state_university_long_beach,california_state_university_long_beach__156,5.0
california_state_university_long_beach,california_state_university_long_beach__157,5.0
california_state_university_long_beach,california_state_university_long_beach__158,5.0
california_state_university_long_beach,california_state_university_long_beach__159,4.5
california_state_university_long_beach,california_state_university_long_beach__160,2.5
california_state_university_long_beach,california_state_university_long_beach__161,1.5
california_state_university_long_beach,california_state_university_long_beach__162,1.5
california_state_university_long_beach,california_state_university_long_beach__163,1.5
california_state_university_long_beach,california_state_university_long_beach__164,6.0
california_state_university_long_beach,california_state_university_long_beach__165,8.0
california_state_university_long_beach,california_state_university_long_beach__166,5.0
california_state_university_long_beach,california_state_university_long_beach__167,1.5
california_state_university_long_beach,california_state_university_long_beach__168,1.5
california_state_university_long_beach,california_state_university_long_beach__169,1.5
california_state_university_long_beach,california_state_university_long_beach__170,8.0
california_state_university_long_beach,california_state_university_long_beach__171,1.5
california_state_university_long_beach,california_state_university_long_beach__172,2.5
california_state_university_long_beach,california_state_university_long_beach__173,2.5
california_state_university_long_beach,california_state_university_long_beach__174,2.5
california_state_university_long_beach,california_state_university_long_beach__175,1.5
california_state_university_long_beach,california_state_university_long_beach__176,2.0
california_state_university_long_beach,california_state_university_long_beach__177,1.5
california_state_university_long_beach,california_state_university_long_beach__178,2.5
california_state_university_long_beach,california_state_university_long_beach__179,3.5
california_state_university_long_beach,california_state_university_long_beach__180,1.5
california_state_university_long_beach,california_state_university_long_beach__181,2.0
california_state_university_long_beach,california_state_university_long_beach__182,2.0
california_state_university_long_beach,california_state_university_long_beach__183,2.5
california_state_university_long_beach,california_state_university_long_beach__184,2.5
california_state_university_long_beach,california_state_university_long_beach__185,3.0
california_state_university_long_beach,california_state_university_long_beach__186,2.5
california_state_university_long_beach,california_state_university_long_beach__187,4.5
california_state_university_long_beach,california_state_university_long_beach__188,1.5
california_state_university_long_beach,california_state_university_long_beach__189,2.5
california_state_university_long_beach,california_state_university_long_beach__190,4.5
california_state_university_long_beach,california_state_university_long_beach__191,4.5
california_state_university_long_beach,california_state_university_long_beach__192,5.0
california_state_university_long_beach,california_state_university_long_beach__193,4.5
california_state_university_long_beach,california_state_university_long_beach__194,3.5
california_state_university_long_beach,california_state_university_long_beach__195,3.5
california_state_university_long_beach,california_state_university_long_beach__196,2.0
california_state_university_long_beach,california_state_university_long_beach__197,2.0
california_state_university_long_beach,california_state_university_long_beach__198,4.5
california_state_university_long_beach,california_state_university_long_beach__199,2.5
california_state_university_long_beach,california_state_university_long_beach__200,3.0
california_state_university_long_beach,california_state_university_long_beach__201,3.0
california_state_university_long_beach,california_state_university_long_beach__202,4.5
california_state_university_long_beach,california_state_university_long_beach__203,4.5
california_state_university_long_beach,california_state_university_long_beach__204,3.0
california_state_university_long_beach,california_state_university_long_beach__205,4.5
california_state_university_long_beach,california_state_university_long_beach__206,3.0
california_state_university_long_beach,california_state_university_long_beach__207,1.5
california_state_university_long_beach,california_state_university_long_beach__208,1.5
california_state_university_long_beach,california_state_university_long_beach__209,3.5
california_state_university_long_beach,california_state_university_long_beach__210,2.5
california_state_university_long_beach,california_state_university_long_beach__211,2.5
california_state_university_long_beach,california_state_university_long_beach__212,3.5
california_state_university_long_beach,california_state_university_long_beach__213,3.0
california_state_university_long_beach,california_state_university_long_beach__214,3.0
california_state_university_long_beach,california_state_university_long_beach__215,1.5
california_state_university_long_beach,california_state_university_long_beach__216,2.5
california_state_university_long_beach,california_state_university_long_beach__217,1.5
california_state_university_long_beach,california_state_university_long_beach__218,1.5
california_state_university_long_beach,california_state_university_long_beach__219,2.5
california_state_university_long_beach,california_state_university_long_beach__220,1.5
california_state_university_long_beach,california_state_university_long_beach__221,4.5
california_state_university_long_beach,california_state_university_long_beach__222,4.5
california_state_university_long_beach,california_state_university_long_beach__223,1.5
california_state_university_long_beach,california_state_university_long_beach__224,3.0
california_state_university_long_beach,california_state_university_long_beach__225,5.0
california_state_university_long_beach,california_state_university_long_beach__226,4.5
california_state_university_long_beach,california_state_university_long_beach__227,2.5
california_state_university_long_beach,california_state_university_long_beach__228,3.0
california_state_university_long_beach,california_state_university_long_beach__229,1.5
california_state_university_long_beach,california_state_university_long_beach__230,1.5
california_state_university_long_beach,california_state_university_long_beach__231,1.5
california_state_university_long_beach,california_state_university_long_beach__232,3.5
california_state_university_long_beach,california_state_university_long_beach__233,2.5
california_state_university_long_beach,california_state_university_long_beach__234,2.5
california_state_university_long_beach,california_state_university_long_beach__235,5.5
california_state_university_long_beach,california_state_university_long_beach__236,3.5
california_state_university_long_beach,california_state_university_long_beach__237,2.5
california_state_university_long_beach,california_state_university_long_beach__238,2.5
california_state_university_long_beach,california_state_university_long_beach__239,3.0
california_state_university_long_beach,california_state_university_long_beach__240,5.5
california_state_university_long_beach,california_state_university_long_beach__241,2.5
california_state_university_long_beach,california_state_university_long_beach__242,2.5
california_state_university_long_beach,california_state_university_long_beach__243,2.5
california_state_university_long_beach,california_state_university_long_beach__244,3.0
california_state_university_long_beach,california_state_university_long_beach__245,2.5
california_state_university_long_beach,california_state_university_long_beach__246,6.0
california_state_university_long_beach,california_state_university_long_beach__247,1.5
california_state_university_long_beach,california_state_university_long_beach__248,4.5
california_state_university_long_beach,california_state_university_long_beach__249,3.0
california_state_university_long_beach,california_state_university_long_beach__250,4.5
california_state_university_long_beach,california_state_university_long_beach__251,1.5
california_state_university_long_beach,california_state_university_long_beach__252,1.5
louisiana_state_university,louisiana_state_university__0,3.0
louisiana_state_university,louisiana_state_university__1,5.0
louisiana_state_university,louisiana_state_university__2,2.5
louisiana_state_university,louisiana_state_university__3,2.5
louisiana_state_university,louisiana_state_university__4,2.5
louisiana_state_university,louisiana_state_university__5,3.0
louisiana_state_university,louisiana_state_university__6,3.0
louisiana_state_university,louisiana_state_university__7,5.0
louisiana_state_university,louisiana_state_university__8,1.5
louisiana_state_university,louisiana_state_university__9,2.5
louisiana_state_university,louisiana_state_university__10,1.5
louisiana_state_university,louisiana_state_university__11,3.0
louisiana_state_university,louisiana_state_university__12,4.5
louisiana_state_university,louisiana_state_university__13,2.5
louisiana_state_university,louisiana_state_university__14,4.5
louisiana_state_university,louisiana_state_university__15,2.5
louisiana_state_university,louisiana_state_university__16,4.5
louisiana_state_university,louisiana_state_university__17,6.0
louisiana_state_university,louisiana_state_university__18,5.0
louisiana_state_university,louisiana_state_university__19,1.5
louisiana_state_university,louisiana_state_university__20,4.5
louisiana_state_university,louisiana_state_university__21,4.0
louisiana_state_university,louisiana_state_university__22,3.5
louisiana_state_university,louisiana_state_university__23,3.5
louisiana_state_university,louisiana_state_university__24,2.0
louisiana_state_university,louisiana_state_university__25,4.0
louisiana_state_university,louisiana_state_university__26,5.5
louisiana_state_university,louisiana_state_university__27,2.5
louisiana_state_university,louisiana_state_university__28,2.5
louisiana_state_university,louisiana_state_university__29,1.5
louisiana_state_university,louisiana_state_university__30,9.0
louisiana_state_university,louisiana_state_university__31,2.0
louisiana_state_university,louisiana_state_university__32,1.5
louisiana_state_university,louisiana_state_university__33,1.5
louisiana_state_university,louisiana_state_university__34,1.5
louisiana_state_university,louisiana_state_university__35,4.5
louisiana_state_university,louisiana_state_university__36,1.5
louisiana_state_university,louisiana_state_university__37,2.0
louisiana_state_university,louisiana_state_university__38,2.0
louisiana_state_university,louisiana_state_university__39,5.0
louisiana_state_university,louisiana_state_university__40,1.5
louisiana_state_university,louisiana_state_university__41,2.5
louisiana_state_university,louisiana_state_university__42,1.5
louisiana_state_university,louisiana_state_university__43,1.5
louisiana_state_university,louisiana_state_university__44,1.5
louisiana_state_university,louisiana_state_university__45,1.5
louisiana_state_university,louisiana_state_university__46,1.5
louisiana_state_university,louisiana_state_university__47,1.5
louisiana_state_university,louisiana_state_university__48,1.5
louisiana_state_university,louisiana_state_university__49,1.5
louisiana_state_university,louisiana_state_university__50,1.5
louisiana_state_university,louisiana_state_university__51,1.5
louisiana_state_university,louisiana_state_university__52,1.5
louisiana_state_university,louisiana_state_university__53,2.0
louisiana_state_university,louisiana_state_university__54,2.0
louisiana_state_university,louisiana_state_university__55,4.5
louisiana_state_university,louisiana_state_university__56,2.5
louisiana_state_university,louisiana_state_university__57,3.5
louisiana_state_university,louisiana_state_university__58,2.5
louisiana_state_university,louisiana_state_university__59,1.5
louisiana_state_university,louisiana_state_university__60,1.5
louisiana_state_university,louisiana_state_university__61,4.5
louisiana_state_university,louisiana_state_university__62,1.5
louisiana_state_university,louisiana_state_university__63,3.0
louisiana_state_university,louisiana_state_university__64,2.0
louisiana_state_university,louisiana_state_university__65,4.5
louisiana_state_university,louisiana_state_university__66,2.5
louisiana_state_university,louisiana_state_university__67,2.5
louisiana_state_university,louisiana_state_university__68,1.5
louisiana_state_university,louisiana_state_university__69,1.5
louisiana_state_university,louisiana_state_university__70,3.0
louisiana_state_university,louisiana_state_university__71,5.0
louisiana_state_university,louisiana_state_university__72,1.5
louisiana_state_university,louisiana_state_university__73,2.5
louisiana_state_university,louisiana_state_university__74,2.5
louisiana_state_university,louisiana_state_university__75,3.0
louisiana_state_university,louisiana_state_university__76,4.5
louisiana_state_university,louisiana_state_university__77,2.5
louisiana_state_university,louisiana_state_university__78,5.0
louisiana_state_university,louisiana_state_university__79,2.5
louisiana_state_university,louisiana_state_university__80,2.5
louisiana_state_university,louisiana_state_university__81,2.5
louisiana_state_university,louisiana_state_university__82,1.5
louisiana_state_university,louisiana_state_university__83,1.5
louisiana_state_university,louisiana_state_university__84,2.0
louisiana_state_university,louisiana_state_university__85,1.5
louisiana_state_university,louisiana_state_university__86,2.0
louisiana_state_university,louisiana_state_university__87,4.5
louisiana_state_university,louisiana_state_university__88,1.5
louisiana_state_university,louisiana_state_university__89,4.5
louisiana_state_university,louisiana_state_university__90,2.5
louisiana_state_university,louisiana_state_university__91,3.5
louisiana_state_university,louisiana_state_university__92,2.5
louisiana_state_university,louisiana_state_university__93,1.5
louisiana_state_university,louisiana_state_university__94,1.5
louisiana_state_university,louisiana_state_university__95,4.5
louisiana_state_university,louisiana_state_university__96,4.5
louisiana_state_university,louisiana_state_university__97,3.0
louisiana_state_university,louisiana_state_university__98,2.5
louisiana_state_university,louisiana_state_university__99,1.5
louisiana_state_university,louisiana_state_university__100,5.5
louisiana_state_university,louisiana_state_university__101,1.5
louisiana_state_university,louisiana_state_university__102,5.0
louisiana_state_university,louisiana_state_university__103,1.5
louisiana_state_university,louisiana_state_university__104,5.0
louisiana_state_university,louisiana_state_university__105,2.0
louisiana_state_university,louisiana_state_university__106,2.5
louisiana_state_university,louisiana_state_university__107,1.5
louisiana_state_university,louisiana_state_university__108,1.5
louisiana_state_university,louisiana_state_university__109,2.5
louisiana_state_university,louisiana_state_university__110,1.5
louisiana_state_university,louisiana_state_university__111,4.5
louisiana_state_university,louisiana_state_university__112,3.5
louisiana_state_university,louisiana_state_university__113,4.5
louisiana_state_university,louisiana_state_university__114,1.5
louisiana_state_university,louisiana_state_university__115,3.5
louisiana_state_university,louisiana_state_university__116,8.0
louisiana_state_university,louisiana_state_university__117,4.5
louisiana_state_university,louisiana_state_university__118,2.5
louisiana_state_university,louisiana_state_university__119,2.5
louisiana_state_university,louisiana_state_university__120,4.5
louisiana_state_university,louisiana_state_university__121,1.5
louisiana_state_university,louisiana_state_university__122,5.0
louisiana_state_university,louisiana_state_university__123,1.5
louisiana_state_university,louisiana_state_university__124,2.5
louisiana_state_university,louisiana_state_university__125,2.5
louisiana_state_university,louisiana_state_university__126,5.5
louisiana_state_university,louisiana_state_university__127,2.0
louisiana_state_university,louisiana_state_university__128,4.5
louisiana_state_university,louisiana_state_university__129,6.0
louisiana_state_university,louisiana_state_university__130,2.5
louisiana_state_university,louisiana_state_university__131,4.5
louisiana_state_university,louisiana_state_university__132,1.5
louisiana_state_university,louisiana_state_university__133,1.5
louisiana_state_university,louisiana_state_university__134,5.0
louisiana_state_university,louisiana_state_university__135,1.5
louisiana_state_university,louisiana_state_university__136,2.0
louisiana_state_university,louisiana_state_university__137,1.5
louisiana_state_university,louisiana_state_university__138,6.0
louisiana_state_university,louisiana_state_university__139,2.5
louisiana_state_university,louisiana_state_university__140,3.5
louisiana_state_university,louisiana_state_university__141,1.5
louisiana_state_university,louisiana_state_university__142,1.5
louisiana_state_university,louisiana_state_university__143,1.5
louisiana_state_university,louisiana_state_university__144,4.5
louisiana_state_university,louisiana_state_university__145,2.0
louisiana_state_university,louisiana_state_university__146,2.0
louisiana_state_university,louisiana_state_university__147,7.0
louisiana_state_university,louisiana_state_university__148,2.5
louisiana_state_university,louisiana_state_university__149,3.5
louisiana_state_university,louisiana_state_university__150,2.5
louisiana_state_university,louisiana_state_university__151,6.5
louisiana_state_university,louisiana_state_university__152,5.5
louisiana_state_university,louisiana_state_university__153,2.5
louisiana_state_university,louisiana_state_university__154,3.0
louisiana_state_university,louisiana_state_university__155,2.5
louisiana_state_university,louisiana_state_university__156,2.5
louisiana_state_university,louisiana_state_university__157,2.5
louisiana_state_university,louisiana_state_university__158,3.0
louisiana_state_university,louisiana_state_university__159,1.5
louisiana_state_university,louisiana_state_university__160,4.5
louisiana_state_university,louisiana_state_university__161,2.5
louisiana_state_university,louisiana_state_university__162,2.5
louisiana_state_university,louisiana_state_university__163,2.5
louisiana_state_university,louisiana_state_university__164,2.5
louisiana_state_university,louisiana_state_university__165,2.5
louisiana_state_university,louisiana_state_university__166,2.5
louisiana_state_university,louisiana_state_university__167,4.5
louisiana_state_university,louisiana_state_university__168,4.5
louisiana_state_university,louisiana_state_university__169,4.5
louisiana_state_university,louisiana_state_university__170,5.0
louisiana_state_university,louisiana_state_university__171,3.0
louisiana_state_university,louisiana_state_university__172,2.5
louisiana_state_university,louisiana_state_university__173,2.0
louisiana_state_university,louisiana_state_university__174,3.0
louisiana_state_university,louisiana_state_university__175,2.5
louisiana_state_university,louisiana_state_university__176,4.0
louisiana_state_university,louisiana_state_university__177,8.0
louisiana_state_university,louisiana_state_university__178,3.0
louisiana_state_university,louisiana_state_university__179,1.5
louisiana_state_university,louisiana_state_university__180,2.5
louisiana_state_university,louisiana_state_university__181,3.5
louisiana_state_university,louisiana_state_university__182,3.5
louisiana_state_university,louisiana_state_university__183,2.5
louisiana_state_university,louisiana_state_university__184,2.5
louisiana_state_university,louisiana_state_university__185,2.5
louisiana_state_university,louisiana_state_university__186,3.0
louisiana_state_university,louisiana_state_university__187,3.0
louisiana_state_university,louisiana_state_university__188,6.0
louisiana_state_university,louisiana_state_university__189,2.5
louisiana_state_university,louisiana_state_university__190,6.5
louisiana_state_university,louisiana_state_university__191,2.5
louisiana_state_university,louisiana_state_university__192,2.5
louisiana_state_university,louisiana_state_university__193,2.5
louisiana_state_university,louisiana_state_university__194,2.5
louisiana_state_university,louisiana_state_university__195,5.5
louisiana_state_university,louisiana_state_university__196,2.5
louisiana_state_university,louisiana_state_university__197,2.5
louisiana_state_university,louisiana_state_university__198,2.5
louisiana_state_university,louisiana_state_university__199,11.5
louisiana_state_university,louisiana_state_university__200,2.5
louisiana_state_university,louisiana_state_university__201,2.5
louisiana_state_university,louisiana_state_university__202,3.0
louisiana_state_university,louisiana_state_university__203,3.0
louisiana_state_university,louisiana_state_university__204,3.0
louisiana_state_university,louisiana_state_university__205,3.0
louisiana_state_university,louisiana_state_university__206,1.5
louisiana_state_university,louisiana_state_university__207,4.5
louisiana_state_university,louisiana_state_university__208,3.5
louisiana_state_university,louisiana_state_university__209,4.5
louisiana_state_university,louisiana_state_university__210,1.5
louisiana_state_university,louisiana_state_university__211,1.5
louisiana_state_university,louisiana_state_university__212,1.5
louisiana_state_university,louisiana_state_university__213,1.5
louisiana_state_university,louisiana_state_university__214,1.5
louisiana_state_university,louisiana_state_university__215,2.5
louisiana_state_university,louisiana_state_university__216,2.0
louisiana_state_university,louisiana_state_university__217,4.5
louisiana_state_university,louisiana_state_university__218,1.5
louisiana_state_university,louisiana_state_university__219,1.5
louisiana_state_university,louisiana_state_university__220,2.5
louisiana_state_university,louisiana_state_university__221,1.5
louisiana_state_university,louisiana_state_university__222,4.5
louisiana_state_university,louisiana_state_university__223,4.5
louisiana_state_university,louisiana_state_university__224,3.0
louisiana_state_university,louisiana_state_university__225,5.0
louisiana_state_university,louisiana_state_university__226,1.5
morgan_state_university,morgan_state_university__0,5.5
morgan_state_university,morgan_state_university__1,1.5
morgan_state_university,morgan_state_university__2,4.5
morgan_state_university,morgan_state_university__3,5.5
morgan_state_university,morgan_state_university__4,3.5
morgan_state_university,morgan_state_university__5,2.5
morgan_state_university,morgan_state_university__6,2.5
morgan_state_university,morgan_state_university__7,2.5
morgan_state_university,morgan_state_university__8,4.5
morgan_state_university,morgan_state_university__9,1.5
morgan_state_university,morgan_state_university__10,4.5
morgan_state_university,morgan_state_university__11,8.0
morgan_state_university,morgan_state_university__12,4.0
morgan_state_university,morgan_state_university__13,4.5
morgan_state_university,morgan_state_university__14,2.5
morgan_state_university,morgan_state_university__15,2.5
morgan_state_university,morgan_state_university__16,6.0
morgan_state_university,morgan_state_university__17,2.0
morgan_state_university,morgan_state_university__18,1.5
morgan_state_university,morgan_state_university__19,3.0
morgan_state_university,morgan_state_university__20,2.5
morgan_state_university,morgan_state_university__21,1.5
morgan_state_university,morgan_state_university__22,2.5
morgan_state_university,morgan_state_university__23,1.5
morgan_state_university,morgan_state_university__24,3.5
morgan_state_university,morgan_state_university__25,3.5
morgan_state_university,morgan_state_university__26,1.5
morgan_state_university,morgan_state_university__27,1.5
morgan_state_university,morgan_state_university__28,2.5
morgan_state_university,morgan_state_university__29,2.5
morgan_state_university,morgan_state_university__30,2.5
morgan_state_university,morgan_state_university__31,2.5
morgan_state_university,morgan_state_university__32,2.5
morgan_state_university,morgan_state_university__33,1.5
morgan_state_university,morgan_state_university__34,1.5
morgan_state_university,morgan_state_university__35,1.5
morgan_state_university,morgan_state_university__36,1.5
morgan_state_university,morgan_state_university__37,1.5
morgan_state_university,morgan_state_university__38,1.5
morgan_state_university,morgan_state_university__39,4.5
morgan_state_university,morgan_state_university__40,2.5
morgan_state_university,morgan_state_university__41,1.5
morgan_state_university,morgan_state_university__42,3.0
morgan_state_university,morgan_state_university__43,4.5
morgan_state_university,morgan_state_university__44,2.5
morgan_state_university,morgan_state_university__45,2.5
morgan_state_university,morgan_state_university__46,3.5
morgan_state_university,morgan_state_university__47,6.5
morgan_state_university,morgan_state_university__48,3.5
morgan_state_university,morgan_state_university__49,2.0
morgan_state_university,morgan_state_university__50,5.0
morgan_state_university,morgan_state_university__51,3.5
morgan_state_university,morgan_state_university__52,2.5
morgan_state_university,morgan_state_university__53,4.5
morgan_state_university,morgan_state_university__54,2.5
morgan_state_university,morgan_state_university__55,7.5
morgan_state_university,morgan_state_university__56,2.5
morgan_state_university,morgan_state_university__57,1.5
morgan_state_university,morgan_state_university__58,1.5
morgan_state_university,morgan_state_university__59,1.5
morgan_state_university,morgan_state_university__60,7.0
morgan_state_university,morgan_state_university__61,1.5
morgan_state_university,morgan_state_university__62,2.0
morgan_state_university,morgan_state_university__63,2.0
morgan_state_university,morgan_state_university__64,4.5
morgan_state_university,morgan_state_university__65,4.5
morgan_state_university,morgan_state_university__66,3.5
morgan_state_university,morgan_state_university__67,2.5
morgan_state_university,morgan_state_university__68,1.5
morgan_state_university,morgan_state_university__69,1.5
morgan_state_university,morgan_state_university__70,4.0
morgan_state_university,morgan_state_university__71,8.5
morgan_state_university,morgan_state_university__72,1.5
morgan_state_university,morgan_state_university__73,1.5
north_carolina_state,north_carolina_state__0,2.5
north_carolina_state,north_carolina_state__1,4.5
north_carolina_state,north_carolina_state__2,1.5
north_carolina_state,north_carolina_state__3,2.5
north_carolina_state,north_carolina_state__4,2.5
north_carolina_state,north_carolina_state__5,2.5
north_carolina_state,north_carolina_state__6,2.5
north_carolina_state,north_carolina_state__7,2.5
north_carolina_state,north_carolina_state__8,2.5
north_carolina_state,north_carolina_state__9,2.5
north_carolina_state,north_carolina_state__10,4.5
north_carolina_state,north_carolina_state__11,4.5
north_carolina_state,north_carolina_state__12,4.5
north_carolina_state,north_carolina_state__13,4.5
north_carolina_state,north_carolina_state__14,1.5
north_carolina_state,north_carolina_state__15,3.0
north_carolina_state,north_carolina_state__16,3.0
north_carolina_state,north_carolina_state__17,5.5
north_carolina_state,north_carolina_state__18,1.5
north_carolina_state,north_carolina_state__19,1.5
north_carolina_state,north_carolina_state__20,4.5
north_carolina_state,north_carolina_state__21,1.5
north_carolina_state,north_carolina_state__22,2.5
north_carolina_state,north_carolina_state__23,4.0
north_carolina_state,north_carolina_state__24,1.5
north_carolina_state,north_carolina_state__25,1.5
north_carolina_state,north_carolina_state__26,2.5
north_carolina_state,north_carolina_state__27,1.5
north_carolina_state,north_carolina_state__28,6.5
north_carolina_state,north_carolina_state__29,2.0
north_carolina_state,north_carolina_state__30,1.5
north_carolina_state,north_carolina_state__31,2.5
north_carolina_state,north_carolina_state__32,1.5
north_carolina_state,north_carolina_state__33,2.0
north_carolina_state,north_carolina_state__34,1.5
north_carolina_state,north_carolina_state__35,1.5
north_carolina_state,north_carolina_state__36,1.5
north_carolina_state,north_carolina_state__37,3.0
north_carolina_state,north_carolina_state__38,2.5
north_carolina_state,north_carolina_state__39,1.5
north_carolina_state,north_carolina_state__40,1.5
north_carolina_state,north_carolina_state__41,4.5
north_carolina_state,north_carolina_state__42,2.5
north_carolina_state,north_carolina_state__43,2.0
north_carolina_state,north_carolina_state__44,1.5
north_carolina_state,north_carolina_state__45,2.5
north_carolina_state,north_carolina_state__46,1.5
north_carolina_state,north_carolina_state__47,1.5
north_carolina_state,north_carolina_state__48,1.5
north_carolina_state,north_carolina_state__49,4.5
north_carolina_state,north_carolina_state__50,1.5
north_carolina_state,north_carolina_state__51,4.5
north_carolina_state,north_carolina_state__52,4.5
north_carolina_state,north_carolina_state__53,4.5
north_carolina_state,north_carolina_state__54,9.0
north_carolina_state,north_carolina_state__55,4.5
north_carolina_state,north_carolina_state__56,5.0
north_carolina_state,north_carolina_state__57,4.5
north_carolina_state,north_carolina_state__58,4.5
north_carolina_state,north_carolina_state__59,3.0
north_carolina_state,north_carolina_state__60,1.5
north_carolina_state,north_carolina_state__61,2.0
north_carolina_state,north_carolina_state__62,3.5
north_carolina_state,north_carolina_state__63,3.0
north_carolina_state,north_carolina_state__64,2.0
north_carolina_state,north_carolina_state__65,2.0
north_carolina_state,north_carolina_state__66,1.5
north_carolina_state,north_carolina_state__67,1.5
north_carolina_state,north_carolina_state__68,3.0
north_carolina_state,north_carolina_state__69,10.0
north_carolina_state,north_carolina_state__70,4.5
north_carolina_state,north_carolina_state__71,3.5
north_carolina_state,north_carolina_state__72,3.5
north_carolina_state,north_carolina_state__73,3.0
north_carolina_state,north_carolina_state__74,1.5
north_carolina_state,north_carolina_state__75,10.5
north_carolina_state,north_carolina_state__76,2.5
north_carolina_state,north_carolina_state__77,4.0
north_carolina_state,north_carolina_state__78,2.5
north_carolina_state,north_carolina_state__79,3.0
north_carolina_state,north_carolina_state__80,1.5
north_carolina_state,north_carolina_state__81,6.0
north_carolina_state,north_carolina_state__82,6.0
north_carolina_state,north_carolina_state__83,1.5
north_carolina_state,north_carolina_state__84,2.5
north_carolina_state,north_carolina_state__85,5.5
north_carolina_state,north_carolina_state__86,4.5
north_carolina_state,north_carolina_state__87,4.5
north_carolina_state,north_carolina_state__88,1.5
north_carolina_state,north_carolina_state__89,1.5
north_carolina_state,north_carolina_state__90,5.0
north_carolina_state,north_carolina_state__91,4.5
north_carolina_state,north_carolina_state__92,2.5
north_carolina_state,north_carolina_state__93,5.0
north_carolina_state,north_carolina_state__94,4.5
north_carolina_state,north_carolina_state__95,1.5
north_carolina_state,north_carolina_state__96,4.5
north_carolina_state,north_carolina_state__97,1.5
north_carolina_state,north_carolina_state__98,4.5
north_carolina_state,north_carolina_state__99,2.5
north_carolina_state,north_carolina_state__100,2.5
north_carolina_state,north_carolina_state__101,2.5
north_carolina_state,north_carolina_state__102,4.5
north_carolina_state,north_carolina_state__103,2.5
north_carolina_state,north_carolina_state__104,1.5
north_carolina_state,north_carolina_state__105,1.5
north_carolina_state,north_carolina_state__106,1.5
north_carolina_state,north_carolina_state__107,3.5
north_carolina_state,north_carolina_state__108,3.0
north_carolina_state,north_carolina_state__109,2.0
north_carolina_state,north_carolina_state__110,1.5
north_carolina_state,north_carolina_state__111,3.5
north_carolina_state,north_carolina_state__112,1.5
north_carolina_state,north_carolina_state__113,2.5
north_carolina_state,north_carolina_state__114,1.5
north_carolina_state,north_carolina_state__115,1.5
north_carolina_state,north_carolina_state__116,3.5
north_carolina_state,north_carolina_state__117,1.5
north_carolina_state,north_carolina_state__118,2.5
north_carolina_state,north_carolina_state__119,4.5
north_carolina_state,north_carolina_state__120,3.5
north_carolina_state,north_carolina_state__121,1.5
north_carolina_state,north_carolina_state__122,4.5
north_carolina_state,north_carolina_state__123,2.5
north_carolina_state,north_carolina_state__124,2.0
north_carolina_state,north_carolina_state__125,2.0
north_carolina_state,north_carolina_state__126,1.5
north_carolina_state,north_carolina_state__127,1.5
north_carolina_state,north_carolina_state__128,4.5
north_carolina_state,north_carolina_state__129,1.5
north_carolina_state,north_carolina_state__130,3.5
north_carolina_state,north_carolina_state__131,2.0
north_carolina_state,north_carolina_state__132,7.0
north_carolina_state,north_carolina_state__133,2.0
north_carolina_state,north_carolina_state__134,1.5
north_carolina_state,north_carolina_state__135,1.5
north_carolina_state,north_carolina_state__136,2.5
north_carolina_state,north_carolina_state__137,2.5
north_carolina_state,north_carolina_state__138,3.5
north_carolina_state,north_carolina_state__139,4.0
north_carolina_state,north_carolina_state__140,2.5
north_carolina_state,north_carolina_state__141,2.5
north_carolina_state,north_carolina_state__142,2.5
north_carolina_state,north_carolina_state__143,1.5
north_carolina_state,north_carolina_state__144,3.5
north_carolina_state,north_carolina_state__145,4.5
north_carolina_state,north_carolina_state__146,3.5
north_carolina_state,north_carolina_state__147,1.5
north_carolina_state,north_carolina_state__148,2.5
north_carolina_state,north_carolina_state__149,3.0
north_carolina_state,north_carolina_state__150,1.5
north_carolina_state,north_carolina_state__151,2.5
north_carolina_state,north_carolina_state__152,3.5
north_carolina_state,north_carolina_state__153,2.5
north_carolina_state,north_carolina_state__154,3.0
north_carolina_state,north_carolina_state__155,4.0
north_carolina_state,north_carolina_state__156,3.0
north_carolina_state,north_carolina_state__157,3.0
north_carolina_state,north_carolina_state__158,2.5
north_carolina_state,north_carolina_state__159,1.5
north_carolina_state,north_carolina_state__160,1.5
north_carolina_state,north_carolina_state__161,3.5
north_carolina_state,north_carolina_state__162,3.0
north_carolina_state,north_carolina_state__163,4.0
north_carolina_state,north_carolina_state__164,3.0
north_carolina_state,north_carolina_state__165,2.5
north_carolina_state,north_carolina_state__166,2.5
north_carolina_state,north_carolina_state__167,2.5
north_carolina_state,north_carolina_state__168,3.5
north_carolina_state,north_carolina_state__169,3.0
north_carolina_state,north_carolina_state__170,2.5
north_carolina_state,north_carolina_state__171,3.0
north_carolina_state,north_carolina_state__172,2.5
north_carolina_state,north_carolina_state__173,1.5
north_carolina_state,north_carolina_state__174,5.0
north_carolina_state,north_carolina_state__175,2.5
north_carolina_state,north_carolina_state__176,4.5
north_carolina_state,north_carolina_state__177,2.5
north_carolina_state,north_carolina_state__178,1.5
north_carolina_state,north_carolina_state__179,2.5
north_carolina_state,north_carolina_state__180,3.0
north_carolina_state,north_carolina_state__181,3.5
north_carolina_state,north_carolina_state__182,4.5
north_carolina_state,north_carolina_state__183,2.5
north_carolina_state,north_carolina_state__184,4.5
north_carolina_state,north_carolina_state__185,7.5
north_carolina_state,north_carolina_state__186,5.0
north_carolina_state,north_carolina_state__187,1.5
north_carolina_state,north_carolina_state__188,2.0
north_carolina_state,north_carolina_state__189,2.5
north_carolina_state,north_carolina_state__190,1.5
north_carolina_state,north_carolina_state__191,1.5
north_carolina_state,north_carolina_state__192,2.5
north_carolina_state,north_carolina_state__193,3.0
north_carolina_state,north_carolina_state__194,1.5
north_carolina_state,north_carolina_state__195,6.0
north_carolina_state,north_carolina_state__196,1.5
north_carolina_state,north_carolina_state__197,1.5
north_carolina_state,north_carolina_state__198,2.5
north_carolina_state,north_carolina_state__199,3.5
north_carolina_state,north_carolina_state__200,1.5
north_carolina_state,north_carolina_state__201,2.5
north_carolina_state,north_carolina_state__202,2.0
north_carolina_state,north_carolina_state__203,3.5
north_carolina_state,north_carolina_state__204,1.5
north_carolina_state,north_carolina_state__205,2.0
north_carolina_state,north_carolina_state__206,2.5
north_carolina_state,north_carolina_state__207,1.5
north_carolina_state,north_carolina_state__208,2.5
north_carolina_state,north_carolina_state__209,1.5
north_carolina_state,north_carolina_state__210,1.5
north_carolina_state,north_carolina_state__211,1.5
north_carolina_state,north_carolina_state__212,1.5
north_carolina_state,north_carolina_state__213,1.5
north_carolina_state,north_carolina_state__214,1.5
north_carolina_state,north_carolina_state__215,1.5
north_carolina_state,north_carolina_state__216,1.5
north_carolina_state,north_carolina_state__217,3.0
north_carolina_state,north_carolina_state__218,1.5
north_carolina_state,north_carolina_state__219,2.0
north_carolina_state,north_carolina_state__220,2.5
north_carolina_state,north_carolina_state__221,2.5
north_carolina_state,north_carolina_state__222,3.0
north_carolina_state,north_carolina_state__223,1.5
north_carolina_state,north_carolina_state__224,3.0
north_carolina_state,north_carolina_state__225,2.5
north_carolina_state,north_carolina_state__226,2.5
north_carolina_state,north_carolina_state__227,2.0
north_carolina_state,north_carolina_state__228,1.5
north_carolina_state,north_carolina_state__229,3.0
north_carolina_state,north_carolina_state__230,2.5
north_carolina_state,north_carolina_state__231,4.0
north_carolina_state,north_carolina_state__232,1.5
north_carolina_state,north_carolina_state__233,3.0
north_carolina_state,north_carolina_state__234,3.0
north_carolina_state,north_carolina_state__235,2.5
north_carolina_state,north_carolina_state__236,1.5
north_carolina_state,north_carolina_state__237,1.5
north_carolina_state,north_carolina_state__238,4.5
north_carolina_state,north_carolina_state__239,4.5
north_carolina_state,north_carolina_state__240,4.5
north_carolina_state,north_carolina_state__241,5.5
north_carolina_state,north_carolina_state__242,4.5
north_carolina_state,north_carolina_state__243,1.5
north_carolina_state,north_carolina_state__244,1.5
north_carolina_state,north_carolina_state__245,6.0
north_carolina_state,north_carolina_state__246,1.5
north_carolina_state,north_carolina_state__247,4.5
north_carolina_state,north_carolina_state__248,4.0
north_carolina_state,north_carolina_state__249,1.5
north_carolina_state,north_carolina_state__250,4.5
north_carolina_state,north_carolina_state__251,1.5
north_carolina_state,north_carolina_state__252,1.5
north_carolina_state,north_carolina_state__253,1.5
north_carolina_state,north_carolina_state__254,4.5
north_carolina_state,north_carolina_state__255,2.0
north_carolina_state,north_carolina_state__256,2.0
north_carolina_state,north_carolina_state__257,4.5
north_carolina_state,north_carolina_state__258,1.5
north_carolina_state,north_carolina_state__259,1.5
north_carolina_state,north_carolina_state__260,2.0
north_carolina_state,north_carolina_state__261,2.5
north_carolina_state,north_carolina_state__262,3.5
north_carolina_state,north_carolina_state__263,1.5
north_carolina_state,north_carolina_state__264,1.5
north_carolina_state,north_carolina_state__265,2.5
north_carolina_state,north_carolina_state__266,1.5
north_carolina_state,north_carolina_state__267,3.0
north_carolina_state,north_carolina_state__268,1.5
north_carolina_state,north_carolina_state__269,2.5
north_carolina_state,north_carolina_state__270,5.0
north_carolina_state,north_carolina_state__271,4.5
north_carolina_state,north_carolina_state__272,1.5
north_carolina_state,north_carolina_state__273,1.5
north_carolina_state,north_carolina_state__274,1.5
north_carolina_state,north_carolina_state__275,2.5
north_carolina_state,north_carolina_state__276,1.5
north_carolina_state,north_carolina_state__277,2.0
north_carolina_state,north_carolina_state__278,4.5
north_carolina_state,north_carolina_state__279,4.5
north_carolina_state,north_carolina_state__280,5.0
north_carolina_state,north_carolina_state__281,9.0
north_carolina_state,north_carolina_state__282,1.5
north_carolina_state,north_carolina_state__283,3.5
north_carolina_state,north_carolina_state__284,5.0
north_carolina_state,north_carolina_state__285,4.5
north_carolina_state,north_carolina_state__286,3.0
north_carolina_state,north_carolina_state__287,1.5
north_carolina_state,north_carolina_state__288,3.5
north_carolina_state,north_carolina_state__289,1.5
north_carolina_state,north_carolina_state__290,6.5
north_carolina_state,north_carolina_state__291,8.0
north_carolina_state,north_carolina_state__292,4.5
north_carolina_state,north_carolina_state__293,5.5
north_carolina_state,north_carolina_state__294,2.0
north_carolina_state,north_carolina_state__295,1.5
north_carolina_state,north_carolina_state__296,1.5
north_carolina_state,north_carolina_state__297,5.0
north_carolina_state,north_carolina_state__298,4.5
north_carolina_state,north_carolina_state__299,1.5
north_carolina_state,north_carolina_state__300,1.5
north_carolina_state,north_carolina_state__301,4.5
north_carolina_state,north_carolina_state__302,1.5
north_carolina_state,north_carolina_state__303,1.5
north_carolina_state,north_carolina_state__304,2.0
north_carolina_state,north_carolina_state__305,3.5
north_carolina_state,north_carolina_state__306,1.5
north_carolina_state,north_carolina_state__307,8.5
north_carolina_state,north_carolina_state__308,2.5
north_carolina_state,north_carolina_state__309,2.5
north_carolina_state,north_carolina_state__310,2.5
north_carolina_state,north_carolina_state__311,1.5
north_carolina_state,north_carolina_state__312,8.5
north_carolina_state,north_carolina_state__313,2.5
north_carolina_state,north_carolina_state__314,1.5
north_carolina_state,north_carolina_state__315,3.5
north_carolina_state,north_carolina_state__316,2.5
north_carolina_state,north_carolina_state__317,3.5
north_carolina_state,north_carolina_state__318,4.5
north_carolina_state,north_carolina_state__319,1.5
north_carolina_state,north_carolina_state__320,4.5
north_carolina_state,north_carolina_state__321,1.5
north_carolina_state,north_carolina_state__322,1.5
north_carolina_state,north_carolina_state__323,2.5
north_carolina_state,north_carolina_state__324,3.0
north_carolina_state,north_carolina_state__325,1.5
north_carolina_state,north_carolina_state__326,2.5
north_carolina_state,north_carolina_state__327,4.0
north_carolina_state,north_carolina_state__328,2.5
north_carolina_state,north_carolina_state__329,2.5
north_carolina_state,north_carolina_state__330,2.5
north_carolina_state,north_carolina_state__331,1.5
north_carolina_state,north_carolina_state__332,2.5
north_carolina_state,north_carolina_state__333,2.5
north_carolina_state,north_carolina_state__334,1.5
north_carolina_state,north_carolina_state__335,4.0
north_carolina_state,north_carolina_state__336,2.5
north_carolina_state,north_carolina_state__337,2.5
north_carolina_state,north_carolina_state__338,2.5
north_carolina_state,north_carolina_state__339,4.5
north_carolina_state,north_carolina_state__340,2.5
north_carolina_state,north_carolina_state__341,3.0
north_carolina_state,north_carolina_state__342,2.5
north_carolina_state,north_carolina_state__343,2.5
north_carolina_state,north_carolina_state__344,5.5
north_carolina_state,north_carolina_state__345,5.5
north_carolina_state,north_carolina_state__346,2.5
north_carolina_state,north_carolina_state__347,5.0
north_carolina_state,north_carolina_state__348,3.5
north_carolina_state,north_carolina_state__349,1.5
north_carolina_state,north_carolina_state__350,3.5
north_carolina_state,north_carolina_state__351,2.5
north_carolina_state,north_carolina_state__352,4.5
north_carolina_state,north_carolina_state__353,4.0
north_carolina_state,north_carolina_state__354,2.5
north_carolina_state,north_carolina_state__355,3.0
north_carolina_state,north_carolina_state__356,3.0
north_carolina_state,north_carolina_state__357,3.0
north_carolina_state,north_carolina_state__358,3.0
north_carolina_state,north_carolina_state__359,2.5
north_carolina_state,north_carolina_state__360,2.5
north_carolina_state,north_carolina_state__361,1.5
north_carolina_state,north_carolina_state__362,1.5
north_carolina_state,north_carolina_state__363,1.5
north_carolina_state,north_carolina_state__364,4.5
north_carolina_state,north_carolina_state__365,6.0
north_carolina_state,north_carolina_state__366,1.5
north_carolina_state,north_carolina_state__367,1.5
north_carolina_state,north_carolina_state__368,1.5
north_carolina_state,north_carolina_state__369,4.0
north_carolina_state,north_carolina_state__370,2.5
north_carolina_state,north_carolina_state__371,3.5
north_carolina_state,north_carolina_state__372,8.0
north_carolina_state,north_carolina_state__373,3.0
north_carolina_state,north_carolina_state__374,3.0
north_carolina_state,north_carolina_state__375,3.0
north_carolina_state,north_carolina_state__376,7.0
north_carolina_state,north_carolina_state__377,2.0
north_carolina_state,north_carolina_state__378,1.5
north_carolina_state,north_carolina_state__379,5.5
north_carolina_state,north_carolina_state__380,1.5
north_carolina_state,north_carolina_state__381,1.5
north_carolina_state,north_carolina_state__382,1.5
north_carolina_state,north_carolina_state__383,1.5
north_carolina_state,north_carolina_state__384,4.0
north_carolina_state,north_carolina_state__385,1.5
north_carolina_state,north_carolina_state__386,1.5
north_carolina_state,north_carolina_state__387,2.5
north_carolina_state,north_carolina_state__388,2.5
north_carolina_state,north_carolina_state__389,3.0
north_carolina_state,north_carolina_state__390,3.5
north_carolina_state,north_carolina_state__391,2.0
north_carolina_state,north_carolina_state__392,2.5
north_carolina_state,north_carolina_state__393,2.5
north_carolina_state,north_carolina_state__394,2.5
north_carolina_state,north_carolina_state__395,10.5
north_carolina_state,north_carolina_state__396,2.5
north_carolina_state,north_carolina_state__397,4.0
north_carolina_state,north_carolina_state__398,2.0
north_carolina_state,north_carolina_state__399,2.5
north_carolina_state,north_carolina_state__400,2.5
north_carolina_state,north_carolina_state__401,1.5
north_carolina_state,north_carolina_state__402,3.0
north_carolina_state,north_carolina_state__403,3.5
north_carolina_state,north_carolina_state__404,5.5
north_carolina_state,north_carolina_state__405,7.0
north_carolina_state,north_carolina_state__406,2.5
north_carolina_state,north_carolina_state__407,2.5
north_carolina_state,north_carolina_state__408,1.5
north_carolina_state,north_carolina_state__409,4.5
north_carolina_state,north_carolina_state__410,2.5
north_carolina_state,north_carolina_state__411,1.5
north_carolina_state,north_carolina_state__412,1.5
north_carolina_state,north_carolina_state__413,6.0
north_carolina_state,north_carolina_state__414,4.5
north_carolina_state,north_carolina_state__415,1.5
north_carolina_state,north_carolina_state__416,2.5
north_carolina_state,north_carolina_state__417,1.5
north_carolina_state,north_carolina_state__418,1.5
north_carolina_state,north_carolina_state__419,3.0
north_carolina_state,north_carolina_state__420,2.5
north_carolina_state,north_carolina_state__421,1.5
north_carolina_state,north_carolina_state__422,6.0
north_carolina_state,north_carolina_state__423,4.5
north_carolina_state,north_carolina_state__424,1.5
north_carolina_state,north_carolina_state__425,1.5
north_carolina_state,north_carolina_state__426,3.5
north_carolina_state,north_carolina_state__427,1.5
north_carolina_state,north_carolina_state__428,1.5
north_carolina_state,north_carolina_state__429,1.5
north_carolina_state,north_carolina_state__430,1.5
north_carolina_state,north_carolina_state__431,2.5
north_carolina_state,north_carolina_state__432,2.5
north_carolina_state,north_carolina_state__433,1.5
north_carolina_state,north_carolina_state__434,2.5
north_carolina_state,north_carolina_state__435,2.5
north_carolina_state,north_carolina_state__436,3.0
north_carolina_state,north_carolina_state__437,6.0
north_carolina_state,north_carolina_state__438,2.0
north_carolina_state,north_carolina_state__439,2.0
north_carolina_state,north_carolina_state__440,4.5
north_carolina_state,north_carolina_state__441,1.5
north_carolina_state,north_carolina_state__442,10.5
north_carolina_state,north_carolina_state__443,2.5
north_carolina_state,north_carolina_state__444,2.0
north_carolina_state,north_carolina_state__445,1.5
north_carolina_state,north_carolina_state__446,4.5
north_carolina_state,north_carolina_state__447,3.5
north_carolina_state,north_carolina_state__448,2.5
north_carolina_state,north_carolina_state__449,2.0
north_carolina_state,north_carolina_state__450,1.5
north_carolina_state,north_carolina_state__451,1.5
north_carolina_state,north_carolina_state__452,2.5
north_carolina_state,north_carolina_state__453,3.0
north_carolina_state,north_carolina_state__454,1.5
north_carolina_state,north_carolina_state__455,1.5
north_carolina_state,north_carolina_state__456,4.5
north_carolina_state,north_carolina_state__457,4.5
north_carolina_state,north_carolina_state__458,4.5
north_carolina_state,north_carolina_state__459,2.0
north_carolina_state,north_carolina_state__460,1.5
north_carolina_state,north_carolina_state__461,4.5
north_carolina_state,north_carolina_state__462,5.5
north_carolina_state,north_carolina_state__463,5.5
north_carolina_state,north_carolina_state__464,5.0
north_carolina_state,north_carolina_state__465,4.5
north_carolina_state,north_carolina_state__466,2.5
north_carolina_state,north_carolina_state__467,5.5
north_carolina_state,north_carolina_state__468,1.5
north_carolina_state,north_carolina_state__469,2.0
north_carolina_state,north_carolina_state__470,1.5
north_carolina_state,north_carolina_state__471,1.5
north_carolina_state,north_carolina_state__472,3.5
oklahoma_state,oklahoma_state__0,2.5
oklahoma_state,oklahoma_state__1,2.5
oklahoma_state,oklahoma_state__2,2.5
oklahoma_state,oklahoma_state__3,6.0
oklahoma_state,oklahoma_state__4,3.0
oklahoma_state,oklahoma_state__5,2.5
oklahoma_state,oklahoma_state__6,1.5
oklahoma_state,oklahoma_state__7,2.5
oklahoma_state,oklahoma_state__8,2.5
oklahoma_state,oklahoma_state__9,2.5
oklahoma_state,oklahoma_state__10,2.5
oklahoma_state,oklahoma_state__11,2.5
oklahoma_state,oklahoma_state__12,10.5
oklahoma_state,oklahoma_state__13,3.0
oklahoma_state,oklahoma_state__14,2.5
oklahoma_state,oklahoma_state__15,2.5
oklahoma_state,oklahoma_state__16,3.5
oklahoma_state,oklahoma_state__17,3.5
oklahoma_state,oklahoma_state__18,3.5
oklahoma_state,oklahoma_state__19,4.5
oklahoma_state,oklahoma_state__20,7.5
oklahoma_state,oklahoma_state__21,2.5
oklahoma_state,oklahoma_state__22,2.5
oklahoma_state,oklahoma_state__23,1.5
oklahoma_state,oklahoma_state__24,2.5
oklahoma_state,oklahoma_state__25,3.0
oklahoma_state,oklahoma_state__26,3.5
oklahoma_state,oklahoma_state__27,10.5
oklahoma_state,oklahoma_state__28,6.0
oklahoma_state,oklahoma_state__29,2.5
oklahoma_state,oklahoma_state__30,2.5
oklahoma_state,oklahoma_state__31,3.5
oklahoma_state,oklahoma_state__32,1.5
oklahoma_state,oklahoma_state__33,7.5
oklahoma_state,oklahoma_state__34,2.5
oklahoma_state,oklahoma_state__35,2.5
oklahoma_state,oklahoma_state__36,7.0
oklahoma_state,oklahoma_state__37,1.5
oklahoma_state,oklahoma_state__38,3.5
oklahoma_state,oklahoma_state__39,1.5
oklahoma_state,oklahoma_state__40,2.5
oklahoma_state,oklahoma_state__41,1.5
oklahoma_state,oklahoma_state__42,1.5
oklahoma_state,oklahoma_state__43,2.5
oklahoma_state,oklahoma_state__44,2.5
oklahoma_state,oklahoma_state__45,2.5
oklahoma_state,oklahoma_state__46,2.5
oklahoma_state,oklahoma_state__47,2.5
oklahoma_state,oklahoma_state__48,3.5
oklahoma_state,oklahoma_state__49,3.0
oklahoma_state,oklahoma_state__50,2.5
oklahoma_state,oklahoma_state__51,3.0
oklahoma_state,oklahoma_state__52,2.5
oklahoma_state,oklahoma_state__53,4.5
oklahoma_state,oklahoma_state__54,2.0
oklahoma_state,oklahoma_state__55,3.5
oklahoma_state,oklahoma_state__56,2.5
oklahoma_state,oklahoma_state__57,1.5
oklahoma_state,oklahoma_state__58,2.0
oklahoma_state,oklahoma_state__59,3.0
oklahoma_state,oklahoma_state__60,3.5
oklahoma_state,oklahoma_state__61,2.5
oklahoma_state,oklahoma_state__62,4.5
oklahoma_state,oklahoma_state__63,2.0
oklahoma_state,oklahoma_state__64,2.0
oklahoma_state,oklahoma_state__65,1.5
oklahoma_state,oklahoma_state__66,1.5
oklahoma_state,oklahoma_state__67,1.5
oklahoma_state,oklahoma_state__68,1.5
oklahoma_state,oklahoma_state__69,1.5
oklahoma_state,oklahoma_state__70,3.0
oklahoma_state,oklahoma_state__71,2.5
oklahoma_state,oklahoma_state__72,2.5
oklahoma_state,oklahoma_state__73,2.5
oklahoma_state,oklahoma_state__74,1.5
oklahoma_state,oklahoma_state__75,3.0
oklahoma_state,oklahoma_state__76,1.5
oklahoma_state,oklahoma_state__77,2.0
oklahoma_state,oklahoma_state__78,1.5
oklahoma_state,oklahoma_state__79,1.5
oklahoma_state,oklahoma_state__80,1.5
oklahoma_state,oklahoma_state__81,3.5
oklahoma_state,oklahoma_state__82,2.5
oklahoma_state,oklahoma_state__83,3.0
oklahoma_state,oklahoma_state__84,2.5
oklahoma_state,oklahoma_state__85,2.0
oklahoma_state,oklahoma_state__86,2.5
oklahoma_state,oklahoma_state__87,3.0
oklahoma_state,oklahoma_state__88,3.5
oklahoma_state,oklahoma_state__89,3.0
oklahoma_state,oklahoma_state__90,4.5
oklahoma_state,oklahoma_state__91,4.0
oklahoma_state,oklahoma_state__92,2.5
oklahoma_state,oklahoma_state__93,1.5
oklahoma_state,oklahoma_state__94,2.5
oklahoma_state,oklahoma_state__95,1.5
oklahoma_state,oklahoma_state__96,2.0
oklahoma_state,oklahoma_state__97,2.5
oklahoma_state,oklahoma_state__98,7.5
oklahoma_state,oklahoma_state__99,3.5
oklahoma_state,oklahoma_state__100,1.5
oklahoma_state,oklahoma_state__101,1.5
oklahoma_state,oklahoma_state__102,1.5
oklahoma_state,oklahoma_state__103,3.5
oklahoma_state,oklahoma_state__104,3.5
oklahoma_state,oklahoma_state__105,1.5
oklahoma_state,oklahoma_state__106,6.0
oklahoma_state,oklahoma_state__107,1.5
oklahoma_state,oklahoma_state__108,1.5
oklahoma_state,oklahoma_state__109,4.5
oklahoma_state,oklahoma_state__110,1.5
oklahoma_state,oklahoma_state__111,1.5
oklahoma_state,oklahoma_state__112,4.5
oklahoma_state,oklahoma_state__113,1.5
oklahoma_state,oklahoma_state__114,1.5
oklahoma_state,oklahoma_state__115,1.5
oklahoma_state,oklahoma_state__116,3.5
oklahoma_state,oklahoma_state__117,1.5
oklahoma_state,oklahoma_state__118,5.5
oklahoma_state,oklahoma_state__119,4.5
oklahoma_state,oklahoma_state__120,1.5
oklahoma_state,oklahoma_state__121,4.5
oklahoma_state,oklahoma_state__122,2.5
oklahoma_state,oklahoma_state__123,1.5
oklahoma_state,oklahoma_state__124,2.5
oklahoma_state,oklahoma_state__125,1.5
oklahoma_state,oklahoma_state__126,1.5
oklahoma_state,oklahoma_state__127,2.0
oklahoma_state,oklahoma_state__128,1.5
oklahoma_state,oklahoma_state__129,2.5
oklahoma_state,oklahoma_state__130,6.0
oklahoma_state,oklahoma_state__131,1.5
oklahoma_state,oklahoma_state__132,1.5
oklahoma_state,oklahoma_state__133,1.5
oklahoma_state,oklahoma_state__134,3.5
oklahoma_state,oklahoma_state__135,1.5
oklahoma_state,oklahoma_state__136,1.5
oklahoma_state,oklahoma_state__137,1.5
oklahoma_state,oklahoma_state__138,1.5
oklahoma_state,oklahoma_state__139,2.5
oklahoma_state,oklahoma_state__140,3.0
oklahoma_state,oklahoma_state__141,1.5
oklahoma_state,oklahoma_state__142,2.5
oklahoma_state,oklahoma_state__143,3.0
oklahoma_state,oklahoma_state__144,2.5
oklahoma_state,oklahoma_state__145,2.5
oklahoma_state,oklahoma_state__146,2.5
oklahoma_state,oklahoma_state__147,2.5
oklahoma_state,oklahoma_state__148,4.0
oklahoma_state,oklahoma_state__149,4.5
oklahoma_state,oklahoma_state__150,2.5
oklahoma_state,oklahoma_state__151,2.5
oklahoma_state,oklahoma_state__152,2.5
oklahoma_state,oklahoma_state__153,2.5
oklahoma_state,oklahoma_state__154,4.0
oklahoma_state,oklahoma_state__155,10.5
oklahoma_state,oklahoma_state__156,2.5
oklahoma_state,oklahoma_state__157,1.5
oklahoma_state,oklahoma_state__158,1.5
oklahoma_state,oklahoma_state__159,4.0
oklahoma_state,oklahoma_state__160,3.0
oklahoma_state,oklahoma_state__161,4.5
oklahoma_state,oklahoma_state__162,2.5
oklahoma_state,oklahoma_state__163,2.5
oklahoma_state,oklahoma_state__164,2.5
oklahoma_state,oklahoma_state__165,2.5
oklahoma_state,oklahoma_state__166,2.0
oklahoma_state,oklahoma_state__167,2.5
oklahoma_state,oklahoma_state__168,6.0
oklahoma_state,oklahoma_state__169,4.5
oklahoma_state,oklahoma_state__170,1.5
oklahoma_state,oklahoma_state__171,3.0
oklahoma_state,oklahoma_state__172,3.5
oklahoma_state,oklahoma_state__173,2.5
oklahoma_state,oklahoma_state__174,1.5
oklahoma_state,oklahoma_state__175,3.5
oklahoma_state,oklahoma_state__176,3.5
oklahoma_state,oklahoma_state__177,1.5
oklahoma_state,oklahoma_state__178,1.5
oklahoma_state,oklahoma_state__179,2.5
oklahoma_state,oklahoma_state__180,4.5
oklahoma_state,oklahoma_state__181,4.0
oklahoma_state,oklahoma_state__182,1.5
oklahoma_state,oklahoma_state__183,2.5
oklahoma_state,oklahoma_state__184,1.5
oklahoma_state,oklahoma_state__185,2.5
oklahoma_state,oklahoma_state__186,1.5
oklahoma_state,oklahoma_state__187,2.0
oklahoma_state,oklahoma_state__188,2.0
oklahoma_state,oklahoma_state__189,2.0
oklahoma_state,oklahoma_state__190,3.0
oklahoma_state,oklahoma_state__191,6.0
oklahoma_state,oklahoma_state__192,3.5
oklahoma_state,oklahoma_state__193,1.5
oklahoma_state,oklahoma_state__194,2.5
oklahoma_state,oklahoma_state__195,1.5
oklahoma_state,oklahoma_state__196,2.5
oklahoma_state,oklahoma_state__197,2.5
oklahoma_state,oklahoma_state__198,6.0
oklahoma_state,oklahoma_state__199,4.5
oklahoma_state,oklahoma_state__200,2.0
oklahoma_state,oklahoma_state__201,5.0
oklahoma_state,oklahoma_state__202,1.5
oklahoma_state,oklahoma_state__203,4.5
oklahoma_state,oklahoma_state__204,1.5
oklahoma_state,oklahoma_state__205,5.5
oklahoma_state,oklahoma_state__206,5.0
oklahoma_state,oklahoma_state__207,1.5
oklahoma_state,oklahoma_state__208,2.0
oklahoma_state,oklahoma_state__209,5.0
oklahoma_state,oklahoma_state__210,1.5
oklahoma_state,oklahoma_state__211,2.0
oklahoma_state,oklahoma_state__212,3.0
oklahoma_state,oklahoma_state__213,2.5
oklahoma_state,oklahoma_state__214,1.5
oklahoma_state,oklahoma_state__215,2.0
oklahoma_state,oklahoma_state__216,4.0
oklahoma_state,oklahoma_state__217,2.5
oklahoma_state,oklahoma_state__218,2.5
oklahoma_state,oklahoma_state__219,1.5
oklahoma_state,oklahoma_state__220,1.5
oklahoma_state,oklahoma_state__221,1.5
oklahoma_state,oklahoma_state__222,1.5
oklahoma_state,oklahoma_state__223,1.5
oklahoma_state,oklahoma_state__224,4.5
oklahoma_state,oklahoma_state__225,2.5
oklahoma_state,oklahoma_state__226,1.5
oklahoma_state,oklahoma_state__227,1.5
oklahoma_state,oklahoma_state__228,3.5
oklahoma_state,oklahoma_state__229,1.5
oklahoma_state,oklahoma_state__230,2.5
oklahoma_state,oklahoma_state__231,2.5
oklahoma_state,oklahoma_state__232,2.5
oklahoma_state,oklahoma_state__233,2.0
oklahoma_state,oklahoma_state__234,2.5
oklahoma_state,oklahoma_state__235,1.5
oklahoma_state,oklahoma_state__236,2.5
oklahoma_state,oklahoma_state__237,2.5
oklahoma_state,oklahoma_state__238,3.5
oklahoma_state,oklahoma_state__239,1.5
oklahoma_state,oklahoma_state__240,1.5
oklahoma_state,oklahoma_state__241,2.5
oklahoma_state,oklahoma_state__242,1.5
oklahoma_state,oklahoma_state__243,5.0
oklahoma_state,oklahoma_state__244,1.5
oklahoma_state,oklahoma_state__245,2.0
oklahoma_state,oklahoma_state__246,3.5
oklahoma_state,oklahoma_state__247,4.5
oklahoma_state,oklahoma_state__248,1.5
oklahoma_state,oklahoma_state__249,4.5
oklahoma_state,oklahoma_state__250,1.5
oklahoma_state,oklahoma_state__251,4.5
oklahoma_state,oklahoma_state__252,2.5
oklahoma_state,oklahoma_state__253,4.5
oklahoma_state,oklahoma_state__254,5.5
oklahoma_state,oklahoma_state__255,4.5
oklahoma_state,oklahoma_state__256,5.0
oklahoma_state,oklahoma_state__257,4.5
oklahoma_state,oklahoma_state__258,5.5
oklahoma_state,oklahoma_state__259,2.5
oklahoma_state,oklahoma_state__260,4.5
oklahoma_state,oklahoma_state__261,1.5
oklahoma_state,oklahoma_state__262,2.5
oklahoma_state,oklahoma_state__263,2.0
oklahoma_state,oklahoma_state__264,3.0
oklahoma_state,oklahoma_state__265,1.5
oklahoma_state,oklahoma_state__266,2.5
oklahoma_state,oklahoma_state__267,1.5
oklahoma_state,oklahoma_state__268,1.5
oklahoma_state,oklahoma_state__269,5.0
oklahoma_state,oklahoma_state__270,3.0
oklahoma_state,oklahoma_state__271,2.5
oklahoma_state,oklahoma_state__272,5.0
oklahoma_state,oklahoma_state__273,3.0
oklahoma_state,oklahoma_state__274,1.5
oklahoma_state,oklahoma_state__275,2.0
oklahoma_state,oklahoma_state__276,2.5
oklahoma_state,oklahoma_state__277,3.0
oklahoma_state,oklahoma_state__278,1.5
oklahoma_state,oklahoma_state__279,5.0
oklahoma_state,oklahoma_state__280,1.5
oklahoma_state,oklahoma_state__281,5.0
oklahoma_state,oklahoma_state__282,3.0
oklahoma_state,oklahoma_state__283,1.5
oklahoma_state,oklahoma_state__284,1.5
oklahoma_state,oklahoma_state__285,2.5
oklahoma_state,oklahoma_state__286,2.5
oklahoma_state,oklahoma_state__287,5.0
oklahoma_state,oklahoma_state__288,2.5
oklahoma_state,oklahoma_state__289,1.5
oklahoma_state,oklahoma_state__290,1.5
oklahoma_state,oklahoma_state__291,1.5
oklahoma_state,oklahoma_state__292,1.5
oklahoma_state,oklahoma_state__293,1.5
oklahoma_state,oklahoma_state__294,4.5
oklahoma_state,oklahoma_state__295,3.5
oklahoma_state,oklahoma_state__296,3.5
oklahoma_state,oklahoma_state__297,10.5
oklahoma_state,oklahoma_state__298,3.5
oklahoma_state,oklahoma_state__299,2.5
oklahoma_state,oklahoma_state__300,3.0
oklahoma_state,oklahoma_state__301,5.0
oklahoma_state,oklahoma_state__302,5.5
oklahoma_state,oklahoma_state__303,1.5
oklahoma_state,oklahoma_state__304,2.0
oklahoma_state,oklahoma_state__305,1.5
oklahoma_state,oklahoma_state__306,1.5
oklahoma_state,oklahoma_state__307,2.5
oklahoma_state,oklahoma_state__308,1.5
oklahoma_state,oklahoma_state__309,2.0
oklahoma_state,oklahoma_state__310,1.5
oklahoma_state,oklahoma_state__311,1.5
oklahoma_state,oklahoma_state__312,1.5
oklahoma_state,oklahoma_state__313,2.5
oklahoma_state,oklahoma_state__314,2.0
oklahoma_state,oklahoma_state__315,2.5
oklahoma_state,oklahoma_state__316,1.5
oklahoma_state,oklahoma_state__317,3.0
oklahoma_state,oklahoma_state__318,1.5
oklahoma_state,oklahoma_state__319,3.0
oklahoma_state,oklahoma_state__320,1.5
oklahoma_state,oklahoma_state__321,1.5
oklahoma_state,oklahoma_state__322,4.5
oklahoma_state,oklahoma_state__323,4.5
oklahoma_state,oklahoma_state__324,1.5
oklahoma_state,oklahoma_state__325,1.5
oklahoma_state,oklahoma_state__326,3.5
oklahoma_state,oklahoma_state__327,4.5
oklahoma_state,oklahoma_state__328,1.5
oklahoma_state,oklahoma_state__329,4.5
oklahoma_state,oklahoma_state__330,1.5
oklahoma_state,oklahoma_state__331,5.5
oklahoma_state,oklahoma_state__332,1.5
oklahoma_state,oklahoma_state__333,5.0
oklahoma_state,oklahoma_state__334,4.5
oklahoma_state,oklahoma_state__335,4.5
oklahoma_state,oklahoma_state__336,1.5
oklahoma_state,oklahoma_state__337,4.5
oklahoma_state,oklahoma_state__338,3.5
oklahoma_state,oklahoma_state__339,2.5
oklahoma_state,oklahoma_state__340,2.0
oklahoma_state,oklahoma_state__341,2.5
oklahoma_state,oklahoma_state__342,3.0
oklahoma_state,oklahoma_state__343,2.5
oklahoma_state,oklahoma_state__344,5.0
oklahoma_state,oklahoma_state__345,1.5
oklahoma_state,oklahoma_state__346,4.5
oklahoma_state,oklahoma_state__347,4.5
oklahoma_state,oklahoma_state__348,4.5
oklahoma_state,oklahoma_state__349,1.5
oklahoma_state,oklahoma_state__350,4.5
oklahoma_state,oklahoma_state__351,1.5
oklahoma_state,oklahoma_state__352,2.5
oklahoma_state,oklahoma_state__353,4.5
oklahoma_state,oklahoma_state__354,2.5
oklahoma_state,oklahoma_state__355,2.0
oklahoma_state,oklahoma_state__356,1.5
oklahoma_state,oklahoma_state__357,1.5
oklahoma_state,oklahoma_state__358,5.0
oklahoma_state,oklahoma_state__359,3.5
oklahoma_state,oklahoma_state__360,4.5
oklahoma_state,oklahoma_state__361,4.5
oklahoma_state,oklahoma_state__362,1.5
oklahoma_state,oklahoma_state__363,1.5
oklahoma_state,oklahoma_state__364,1.5
oklahoma_state,oklahoma_state__365,1.5
oklahoma_state,oklahoma_state__366,1.5
oklahoma_state,oklahoma_state__367,1.5
oklahoma_state,oklahoma_state__368,3.0
oklahoma_state,oklahoma_state__369,10.5
oklahoma_state,oklahoma_state__370,9.5
oklahoma_state,oklahoma_state__371,10.5
oklahoma_state,oklahoma_state__372,1.5
oklahoma_state,oklahoma_state__373,5.0
oklahoma_state,oklahoma_state__374,6.0
oklahoma_state,oklahoma_state__375,6.0
oklahoma_state,oklahoma_state__376,2.5
oklahoma_state,oklahoma_state__377,2.5
oklahoma_state,oklahoma_state__378,3.0
oklahoma_state,oklahoma_state__379,7.0
oklahoma_state,oklahoma_state__380,3.0
oklahoma_state,oklahoma_state__381,2.5
oklahoma_state,oklahoma_state__382,2.5
oklahoma_state,oklahoma_state__383,3.5
oklahoma_state,oklahoma_state__384,2.5
oklahoma_state,oklahoma_state__385,1.5
oklahoma_state,oklahoma_state__386,3.5
oklahoma_state,oklahoma_state__387,1.5
oklahoma_state,oklahoma_state__388,2.5
oklahoma_state,oklahoma_state__389,4.5
oklahoma_state,oklahoma_state__390,2.5
oklahoma_state,oklahoma_state__391,4.5
oklahoma_state,oklahoma_state__392,1.5
oklahoma_state,oklahoma_state__393,1.5
oklahoma_state,oklahoma_state__394,1.5
oklahoma_state,oklahoma_state__395,1.5
oklahoma_state,oklahoma_state__396,2.5
oklahoma_state,oklahoma_state__397,1.5
oklahoma_state,oklahoma_state__398,1.5
oklahoma_state,oklahoma_state__399,5.5
oklahoma_state,oklahoma_state__400,4.5
oklahoma_state,oklahoma_state__401,5.0
oregon_state_university,oregon_state_university__0,1.5
oregon_state_university,oregon_state_university__1,2.5
oregon_state_university,oregon_state_university__2,1.5
oregon_state_university,oregon_state_university__3,3.0
oregon_state_university,oregon_state_university__4,1.5
oregon_state_university,oregon_state_university__5,3.0
oregon_state_university,oregon_state_university__6,1.5
oregon_state_university,oregon_state_university__7,2.5
oregon_state_university,oregon_state_university__8,4.5
oregon_state_university,oregon_state_university__9,2.5
oregon_state_university,oregon_state_university__10,7.0
oregon_state_university,oregon_state_university__11,2.0
oregon_state_university,oregon_state_university__12,6.0
oregon_state_university,oregon_state_university__13,5.0
oregon_state_university,oregon_state_university__14,1.5
oregon_state_university,oregon_state_university__15,2.0
oregon_state_university,oregon_state_university__16,6.0
oregon_state_university,oregon_state_university__17,7.0
oregon_state_university,oregon_state_university__18,2.0
oregon_state_university,oregon_state_university__19,4.5
oregon_state_university,oregon_state_university__20,2.0
oregon_state_university,oregon_state_university__21,2.5
oregon_state_university,oregon_state_university__22,2.0
oregon_state_university,oregon_state_university__23,2.5
oregon_state_university,oregon_state_university__24,1.5
oregon_state_university,oregon_state_university__25,2.0
oregon_state_university,oregon_state_university__26,1.5
oregon_state_university,oregon_state_university__27,5.0
oregon_state_university,oregon_state_university__28,4.5
oregon_state_university,oregon_state_university__29,6.5
oregon_state_university,oregon_state_university__30,1.5
oregon_state_university,oregon_state_university__31,4.5
oregon_state_university,oregon_state_university__32,6.0
oregon_state_university,oregon_state_university__33,5.0
oregon_state_university,oregon_state_university__34,6.0
oregon_state_university,oregon_state_university__35,4.5
oregon_state_university,oregon_state_university__36,4.5
oregon_state_university,oregon_state_university__37,4.0
oregon_state_university,oregon_state_university__38,4.0
oregon_state_university,oregon_state_university__39,1.5
oregon_state_university,oregon_state_university__40,2.5
oregon_state_university,oregon_state_university__41,1.5
oregon_state_university,oregon_state_university__42,4.5
oregon_state_university,oregon_state_university__43,4.5
oregon_state_university,oregon_state_university__44,4.5
oregon_state_university,oregon_state_university__45,1.5
oregon_state_university,oregon_state_university__46,2.0
oregon_state_university,oregon_state_university__47,4.5
oregon_state_university,oregon_state_university__48,4.5
oregon_state_university,oregon_state_university__49,4.5
oregon_state_university,oregon_state_university__50,6.5
oregon_state_university,oregon_state_university__51,5.0
oregon_state_university,oregon_state_university__52,5.0
oregon_state_university,oregon_state_university__53,5.0
oregon_state_university,oregon_state_university__54,5.5
oregon_state_university,oregon_state_university__55,5.5
oregon_state_university,oregon_state_university__56,3.5
oregon_state_university,oregon_state_university__57,1.5
oregon_state_university,oregon_state_university__58,1.5
oregon_state_university,oregon_state_university__59,2.5
oregon_state_university,oregon_state_university__60,4.5
oregon_state_university,oregon_state_university__61,5.5
oregon_state_university,oregon_state_university__62,1.5
oregon_state_university,oregon_state_university__63,3.5
oregon_state_university,oregon_state_university__64,4.5
oregon_state_university,oregon_state_university__65,4.5
oregon_state_university,oregon_state_university__66,4.5
oregon_state_university,oregon_state_university__67,4.5
oregon_state_university,oregon_state_university__68,5.5
oregon_state_university,oregon_state_university__69,2.5
oregon_state_university,oregon_state_university__70,1.5
oregon_state_university,oregon_state_university__71,4.5
oregon_state_university,oregon_state_university__72,3.5
oregon_state_university,oregon_state_university__73,4.5
oregon_state_university,oregon_state_university__74,4.5
oregon_state_university,oregon_state_university__75,4.5
oregon_state_university,oregon_state_university__76,5.5
oregon_state_university,oregon_state_university__77,6.5
oregon_state_university,oregon_state_university__78,5.5
oregon_state_university,oregon_state_university__79,6.5
oregon_state_university,oregon_state_university__80,3.5
oregon_state_university,oregon_state_university__81,3.5
oregon_state_university,oregon_state_university__82,7.0
oregon_state_university,oregon_state_university__83,1.5
oregon_state_university,oregon_state_university__84,1.5
oregon_state_university,oregon_state_university__85,1.5
oregon_state_university,oregon_state_university__86,1.5
oregon_state_university,oregon_state_university__87,1.5
oregon_state_university,oregon_state_university__88,3.0
oregon_state_university,oregon_state_university__89,2.5
oregon_state_university,oregon_state_university__90,1.5
oregon_state_university,oregon_state_university__91,1.5
oregon_state_university,oregon_state_university__92,4.5
oregon_state_university,oregon_state_university__93,1.5
oregon_state_university,oregon_state_university__94,4.5
oregon_state_university,oregon_state_university__95,1.5
oregon_state_university,oregon_state_university__96,1.5
oregon_state_university,oregon_state_university__97,2.0
oregon_state_university,oregon_state_university__98,2.5
oregon_state_university,oregon_state_university__99,2.5
oregon_state_university,oregon_state_university__100,5.0
oregon_state_university,oregon_state_university__101,5.0
oregon_state_university,oregon_state_university__102,2.5
oregon_state_university,oregon_state_university__103,3.5
oregon_state_university,oregon_state_university__104,2.5
oregon_state_university,oregon_state_university__105,4.5
oregon_state_university,oregon_state_university__106,4.5
oregon_state_university,oregon_state_university__107,1.5
oregon_state_university,oregon_state_university__108,6.0
oregon_state_university,oregon_state_university__109,2.5
oregon_state_university,oregon_state_university__110,2.5
oregon_state_university,oregon_state_university__111,5.0
oregon_state_university,oregon_state_university__112,2.0
oregon_state_university,oregon_state_university__113,2.5
oregon_state_university,oregon_state_university__114,2.5
oregon_state_university,oregon_state_university__115,4.5
oregon_state_university,oregon_state_university__116,4.0
oregon_state_university,oregon_state_university__117,2.0
oregon_state_university,oregon_state_university__118,4.5
oregon_state_university,oregon_state_university__119,4.5
oregon_state_university,oregon_state_university__120,4.0
oregon_state_university,oregon_state_university__121,4.5
oregon_state_university,oregon_state_university__122,3.5
oregon_state_university,oregon_state_university__123,1.5
oregon_state_university,oregon_state_university__124,1.5
oregon_state_university,oregon_state_university__125,2.5
oregon_state_university,oregon_state_university__126,2.5
oregon_state_university,oregon_state_university__127,1.5
oregon_state_university,oregon_state_university__128,1.5
oregon_state_university,oregon_state_university__129,1.5
oregon_state_university,oregon_state_university__130,3.0
oregon_state_university,oregon_state_university__131,2.5
oregon_state_university,oregon_state_university__132,1.5
oregon_state_university,oregon_state_university__133,1.5
oregon_state_university,oregon_state_university__134,4.5
oregon_state_university,oregon_state_university__135,2.5
oregon_state_university,oregon_state_university__136,2.5
oregon_state_university,oregon_state_university__137,2.0
oregon_state_university,oregon_state_university__138,2.5
oregon_state_university,oregon_state_university__139,3.0
oregon_state_university,oregon_state_university__140,2.0
oregon_state_university,oregon_state_university__141,2.5
oregon_state_university,oregon_state_university__142,2.5
oregon_state_university,oregon_state_university__143,2.0
oregon_state_university,oregon_state_university__144,2.5
oregon_state_university,oregon_state_university__145,4.5
oregon_state_university,oregon_state_university__146,1.5
oregon_state_university,oregon_state_university__147,2.0
oregon_state_university,oregon_state_university__148,2.5
oregon_state_university,oregon_state_university__149,3.0
oregon_state_university,oregon_state_university__150,2.5
oregon_state_university,oregon_state_university__151,2.5
oregon_state_university,oregon_state_university__152,2.5
oregon_state_university,oregon_state_university__153,2.5
oregon_state_university,oregon_state_university__154,2.5
oregon_state_university,oregon_state_university__155,2.5
oregon_state_university,oregon_state_university__156,2.5
oregon_state_university,oregon_state_university__157,1.5
oregon_state_university,oregon_state_university__158,1.5
oregon_state_university,oregon_state_university__159,5.0
oregon_state_university,oregon_state_university__160,1.5
oregon_state_university,oregon_state_university__161,4.5
oregon_state_university,oregon_state_university__162,4.5
oregon_state_university,oregon_state_university__163,4.5
oregon_state_university,oregon_state_university__164,4.5
oregon_state_university,oregon_state_university__165,4.5
oregon_state_university,oregon_state_university__166,4.5
oregon_state_university,oregon_state_university__167,5.0
oregon_state_university,oregon_state_university__168,5.0
oregon_state_university,oregon_state_university__169,4.5
oregon_state_university,oregon_state_university__170,3.0
oregon_state_university,oregon_state_university__171,2.5
oregon_state_university,oregon_state_university__172,2.0
oregon_state_university,oregon_state_university__173,4.5
oregon_state_university,oregon_state_university__174,1.5
oregon_state_university,oregon_state_university__175,2.5
oregon_state_university,oregon_state_university__176,1.5
oregon_state_university,oregon_state_university__177,2.5
oregon_state_university,oregon_state_university__178,4.5
oregon_state_university,oregon_state_university__179,2.0
oregon_state_university,oregon_state_university__180,4.5
oregon_state_university,oregon_state_university__181,2.5
oregon_state_university,oregon_state_university__182,2.5
oregon_state_university,oregon_state_university__183,1.5
oregon_state_university,oregon_state_university__184,2.5
oregon_state_university,oregon_state_university__185,2.5
oregon_state_university,oregon_state_university__186,2.5
oregon_state_university,oregon_state_university__187,1.5
oregon_state_university,oregon_state_university__188,7.0
oregon_state_university,oregon_state_university__189,1.5
oregon_state_university,oregon_state_university__190,2.5
oregon_state_university,oregon_state_university__191,1.5
oregon_state_university,oregon_state_university__192,5.0
oregon_state_university,oregon_state_university__193,1.5
oregon_state_university,oregon_state_university__194,2.5
oregon_state_university,oregon_state_university__195,1.5
oregon_state_university,oregon_state_university__196,1.5
oregon_state_university,oregon_state_university__197,1.5
oregon_state_university,oregon_state_university__198,1.5
oregon_state_university,oregon_state_university__199,3.0
oregon_state_university,oregon_state_university__200,4.5
oregon_state_university,oregon_state_university__201,6.5
oregon_state_university,oregon_state_university__202,1.5
oregon_state_university,oregon_state_university__203,1.5
oregon_state_university,oregon_state_university__204,1.5
oregon_state_university,oregon_state_university__205,1.5
oregon_state_university,oregon_state_university__206,1.5
oregon_state_university,oregon_state_university__207,2.0
oregon_state_university,oregon_state_university__208,2.0
oregon_state_university,oregon_state_university__209,6.0
oregon_state_university,oregon_state_university__210,1.5
oregon_state_university,oregon_state_university__211,5.5
oregon_state_university,oregon_state_university__212,1.5
oregon_state_university,oregon_state_university__213,1.5
oregon_state_university,oregon_state_university__214,1.5
oregon_state_university,oregon_state_university__215,1.5
oregon_state_university,oregon_state_university__216,1.5
oregon_state_university,oregon_state_university__217,2.5
oregon_state_university,oregon_state_university__218,4.5
oregon_state_university,oregon_state_university__219,4.5
oregon_state_university,oregon_state_university__220,1.5
oregon_state_university,oregon_state_university__221,1.5
oregon_state_university,oregon_state_university__222,1.5
oregon_state_university,oregon_state_university__223,2.5
oregon_state_university,oregon_state_university__224,4.0
oregon_state_university,oregon_state_university__225,3.0
oregon_state_university,oregon_state_university__226,2.5
oregon_state_university,oregon_state_university__227,1.5
oregon_state_university,oregon_state_university__228,3.0
oregon_state_university,oregon_state_university__229,4.5
oregon_state_university,oregon_state_university__230,6.0
oregon_state_university,oregon_state_university__231,1.5
oregon_state_university,oregon_state_university__232,1.5
oregon_state_university,oregon_state_university__233,5.5
oregon_state_university,oregon_state_university__234,4.5
oregon_state_university,oregon_state_university__235,1.5
oregon_state_university,oregon_state_university__236,4.5
oregon_state_university,oregon_state_university__237,3.5
oregon_state_university,oregon_state_university__238,2.5
oregon_state_university,oregon_state_university__239,1.5
oregon_state_university,oregon_state_university__240,2.5
oregon_state_university,oregon_state_university__241,4.5
oregon_state_university,oregon_state_university__242,4.5
oregon_state_university,oregon_state_university__243,1.5
oregon_state_university,oregon_state_university__244,1.5
oregon_state_university,oregon_state_university__245,5.0
oregon_state_university,oregon_state_university__246,4.5
oregon_state_university,oregon_state_university__247,1.5
oregon_state_university,oregon_state_university__248,2.5
oregon_state_university,oregon_state_university__249,2.5
oregon_state_university,oregon_state_university__250,2.5
oregon_state_university,oregon_state_university__251,4.5
oregon_state_university,oregon_state_university__252,5.0
oregon_state_university,oregon_state_university__253,4.5
oregon_state_university,oregon_state_university__254,5.0
oregon_state_university,oregon_state_university__255,4.5
oregon_state_university,oregon_state_university__256,4.0
oregon_state_university,oregon_state_university__257,5.5
oregon_state_university,oregon_state_university__258,5.5
oregon_state_university,oregon_state_university__259,4.5
oregon_state_university,oregon_state_university__260,1.5
oregon_state_university,oregon_state_university__261,1.5
oregon_state_university,oregon_state_university__262,1.5
oregon_state_university,oregon_state_university__263,2.5
oregon_state_university,oregon_state_university__264,3.0
oregon_state_university,oregon_state_university__265,3.0
oregon_state_university,oregon_state_university__266,2.5
oregon_state_university,oregon_state_university__267,2.5
oregon_state_university,oregon_state_university__268,2.5
oregon_state_university,oregon_state_university__269,3.5
oregon_state_university,oregon_state_university__270,2.5
oregon_state_university,oregon_state_university__271,2.5
oregon_state_university,oregon_state_university__272,1.5
oregon_state_university,oregon_state_university__273,3.5
oregon_state_university,oregon_state_university__274,2.5
oregon_state_university,oregon_state_university__275,4.0
oregon_state_university,oregon_state_university__276,3.5
oregon_state_university,oregon_state_university__277,1.5
oregon_state_university,oregon_state_university__278,1.5
oregon_state_university,oregon_state_university__279,1.5
oregon_state_university,oregon_state_university__280,1.5
oregon_state_university,oregon_state_university__281,3.5
oregon_state_university,oregon_state_university__282,2.0
oregon_state_university,oregon_state_university__283,2.5
oregon_state_university,oregon_state_university__284,3.5
oregon_state_university,oregon_state_university__285,3.5
oregon_state_university,oregon_state_university__286,1.5
oregon_state_university,oregon_state_university__287,3.5
oregon_state_university,oregon_state_university__288,3.5
oregon_state_university,oregon_state_university__289,3.5
oregon_state_university,oregon_state_university__290,4.5
oregon_state_university,oregon_state_university__291,2.5
oregon_state_university,oregon_state_university__292,2.5
oregon_state_university,oregon_state_university__293,2.5
oregon_state_university,oregon_state_university__294,4.0
oregon_state_university,oregon_state_university__295,2.0
oregon_state_university,oregon_state_university__296,2.0
oregon_state_university,oregon_state_university__297,2.5
oregon_state_university,oregon_state_university__298,3.5
oregon_state_university,oregon_state_university__299,4.5
oregon_state_university,oregon_state_university__300,1.5
oregon_state_university,oregon_state_university__301,7.5
oregon_state_university,oregon_state_university__302,1.5
oregon_state_university,oregon_state_university__303,2.5
oregon_state_university,oregon_state_university__304,2.5
oregon_state_university,oregon_state_university__305,3.5
oregon_state_university,oregon_state_university__306,5.0
oregon_state_university,oregon_state_university__307,4.0
oregon_state_university,oregon_state_university__308,2.5
oregon_state_university,oregon_state_university__309,2.5
oregon_state_university,oregon_state_university__310,2.5
oregon_state_university,oregon_state_university__311,2.5
oregon_state_university,oregon_state_university__312,2.5
oregon_state_university,oregon_state_university__313,2.5
oregon_state_university,oregon_state_university__314,2.5
oregon_state_university,oregon_state_university__315,2.5
oregon_state_university,oregon_state_university__316,2.5
oregon_state_university,oregon_state_university__317,2.5
oregon_state_university,oregon_state_university__318,2.5
oregon_state_university,oregon_state_university__319,2.5
oregon_state_university,oregon_state_university__320,2.5
oregon_state_university,oregon_state_university__321,2.5
oregon_state_university,oregon_state_university__322,2.5
oregon_state_university,oregon_state_university__323,3.5
oregon_state_university,oregon_state_university__324,4.5
oregon_state_university,oregon_state_university__325,1.5
oregon_state_university,oregon_state_university__326,7.5
oregon_state_university,oregon_state_university__327,5.5
oregon_state_university,oregon_state_university__328,2.5
oregon_state_university,oregon_state_university__329,2.5
oregon_state_university,oregon_state_university__330,2.5
oregon_state_university,oregon_state_university__331,2.5
oregon_state_university,oregon_state_university__332,2.5
oregon_state_university,oregon_state_university__333,2.5
oregon_state_university,oregon_state_university__334,5.5
oregon_state_university,oregon_state_university__335,2.5
oregon_state_university,oregon_state_university__336,2.5
oregon_state_university,oregon_state_university__337,2.5
oregon_state_university,oregon_state_university__338,2.5
oregon_state_university,oregon_state_university__339,2.5
oregon_state_university,oregon_state_university__340,5.0
oregon_state_university,oregon_state_university__341,1.5
oregon_state_university,oregon_state_university__342,1.5
oregon_state_university,oregon_state_university__343,1.5
oregon_state_university,oregon_state_university__344,1.5
oregon_state_university,oregon_state_university__345,1.5
oregon_state_university,oregon_state_university__346,1.5
oregon_state_university,oregon_state_university__347,1.5
oregon_state_university,oregon_state_university__348,1.5
oregon_state_university,oregon_state_university__349,2.5
oregon_state_university,oregon_state_university__350,3.0
oregon_state_university,oregon_state_university__351,1.5
oregon_state_university,oregon_state_university__352,2.5
oregon_state_university,oregon_state_university__353,4.5
oregon_state_university,oregon_state_university__354,7.0
oregon_state_university,oregon_state_university__355,7.0
oregon_state_university,oregon_state_university__356,5.0
oregon_state_university,oregon_state_university__357,2.5
oregon_state_university,oregon_state_university__358,1.5
oregon_state_university,oregon_state_university__359,2.5
oregon_state_university,oregon_state_university__360,2.5
oregon_state_university,oregon_state_university__361,2.5
oregon_state_university,oregon_state_university__362,1.5
oregon_state_university,oregon_state_university__363,2.0
oregon_state_university,oregon_state_university__364,11.5
oregon_state_university,oregon_state_university__365,1.5
oregon_state_university,oregon_state_university__366,1.5
oregon_state_university,oregon_state_university__367,2.5
oregon_state_university,oregon_state_university__368,4.5
oregon_state_university,oregon_state_university__369,1.5
oregon_state_university,oregon_state_university__370,6.0
oregon_state_university,oregon_state_university__371,4.5
oregon_state_university,oregon_state_university__372,5.5
oregon_state_university,oregon_state_university__373,4.5
oregon_state_university,oregon_state_university__374,4.5
oregon_state_university,oregon_state_university__375,5.5
oregon_state_university,oregon_state_university__376,1.5
oregon_state_university,oregon_state_university__377,2.5
pennsylvania_state_university,pennsylvania_state_university__0,3.0
pennsylvania_state_university,pennsylvania_state_university__1,3.0
pennsylvania_state_university,pennsylvania_state_university__2,4.0
pennsylvania_state_university,pennsylvania_state_university__3,2.0
pennsylvania_state_university,pennsylvania_state_university__4,4.5
pennsylvania_state_university,pennsylvania_state_university__5,5.5
pennsylvania_state_university,pennsylvania_state_university__6,1.5
pennsylvania_state_university,pennsylvania_state_university__7,3.5
pennsylvania_state_university,pennsylvania_state_university__8,4.5
pennsylvania_state_university,pennsylvania_state_university__9,5.0
pennsylvania_state_university,pennsylvania_state_university__10,2.0
pennsylvania_state_university,pennsylvania_state_university__11,5.5
pennsylvania_state_university,pennsylvania_state_university__12,1.5
pennsylvania_state_university,pennsylvania_state_university__13,1.5
pennsylvania_state_university,pennsylvania_state_university__14,4.0
pennsylvania_state_university,pennsylvania_state_university__15,1.5
pennsylvania_state_university,pennsylvania_state_university__16,5.0
pennsylvania_state_university,pennsylvania_state_university__17,2.5
pennsylvania_state_university,pennsylvania_state_university__18,4.5
pennsylvania_state_university,pennsylvania_state_university__19,3.5
pennsylvania_state_university,pennsylvania_state_university__20,1.5
pennsylvania_state_university,pennsylvania_state_university__21,5.5
pennsylvania_state_university,pennsylvania_state_university__22,9.5
pennsylvania_state_university,pennsylvania_state_university__23,14.0
pennsylvania_state_university,pennsylvania_state_university__24,4.5
pennsylvania_state_university,pennsylvania_state_university__25,5.0
pennsylvania_state_university,pennsylvania_state_university__26,1.5
pennsylvania_state_university,pennsylvania_state_university__27,4.5
pennsylvania_state_university,pennsylvania_state_university__28,5.5
pennsylvania_state_university,pennsylvania_state_university__29,6.5
pennsylvania_state_university,pennsylvania_state_university__30,5.5
pennsylvania_state_university,pennsylvania_state_university__31,2.5
pennsylvania_state_university,pennsylvania_state_university__32,4.5
pennsylvania_state_university,pennsylvania_state_university__33,6.5
pennsylvania_state_university,pennsylvania_state_university__34,2.5
pennsylvania_state_university,pennsylvania_state_university__35,6.5
pennsylvania_state_university,pennsylvania_state_university__36,11.5
pennsylvania_state_university,pennsylvania_state_university__37,1.5
pennsylvania_state_university,pennsylvania_state_university__38,4.5
pennsylvania_state_university,pennsylvania_state_university__39,4.5
pennsylvania_state_university,pennsylvania_state_university__40,1.5
pennsylvania_state_university,pennsylvania_state_university__41,7.5
pennsylvania_state_university,pennsylvania_state_university__42,3.5
pennsylvania_state_university,pennsylvania_state_university__43,3.5
pennsylvania_state_university,pennsylvania_state_university__44,3.5
pennsylvania_state_university,pennsylvania_state_university__45,3.0
pennsylvania_state_university,pennsylvania_state_university__46,2.5
pennsylvania_state_university,pennsylvania_state_university__47,2.0
pennsylvania_state_university,pennsylvania_state_university__48,4.5
pennsylvania_state_university,pennsylvania_state_university__49,1.5
pennsylvania_state_university,pennsylvania_state_university__50,1.5
pennsylvania_state_university,pennsylvania_state_university__51,2.5
pennsylvania_state_university,pennsylvania_state_university__52,1.5
pennsylvania_state_university,pennsylvania_state_university__53,1.5
pennsylvania_state_university,pennsylvania_state_university__54,3.0
pennsylvania_state_university,pennsylvania_state_university__55,1.5
pennsylvania_state_university,pennsylvania_state_university__56,4.5
pennsylvania_state_university,pennsylvania_state_university__57,4.5
pennsylvania_state_university,pennsylvania_state_university__58,2.5
pennsylvania_state_university,pennsylvania_state_university__59,5.5
pennsylvania_state_university,pennsylvania_state_university__60,11.5
pennsylvania_state_university,pennsylvania_state_university__61,4.5
pennsylvania_state_university,pennsylvania_state_university__62,3.0
pennsylvania_state_university,pennsylvania_state_university__63,1.5
pennsylvania_state_university,pennsylvania_state_university__64,3.5
pennsylvania_state_university,pennsylvania_state_university__65,1.5
pennsylvania_state_university,pennsylvania_state_university__66,1.5
pennsylvania_state_university,pennsylvania_state_university__67,4.5
pennsylvania_state_university,pennsylvania_state_university__68,11.0
pennsylvania_state_university,pennsylvania_state_university__69,1.5
pennsylvania_state_university,pennsylvania_state_university__70,2.5
pennsylvania_state_university,pennsylvania_state_university__71,1.5
pennsylvania_state_university,pennsylvania_state_university__72,3.5
pennsylvania_state_university,pennsylvania_state_university__73,3.5
pennsylvania_state_university,pennsylvania_state_university__74,5.5
pennsylvania_state_university,pennsylvania_state_university__75,1.5
pennsylvania_state_university,pennsylvania_state_university__76,2.5
pennsylvania_state_university,pennsylvania_state_university__77,2.5
pennsylvania_state_university,pennsylvania_state_university__78,1.5
pennsylvania_state_university,pennsylvania_state_university__79,1.5
pennsylvania_state_university,pennsylvania_state_university__80,4.0
pennsylvania_state_university,pennsylvania_state_university__81,1.5
pennsylvania_state_university,pennsylvania_state_university__82,1.5
pennsylvania_state_university,pennsylvania_state_university__83,3.5
pennsylvania_state_university,pennsylvania_state_university__84,8.0
pennsylvania_state_university,pennsylvania_state_university__85,3.5
pennsylvania_state_university,pennsylvania_state_university__86,2.5
pennsylvania_state_university,pennsylvania_state_university__87,3.5
pennsylvania_state_university,pennsylvania_state_university__88,1.5
pennsylvania_state_university,pennsylvania_state_university__89,3.5
pennsylvania_state_university,pennsylvania_state_university__90,2.5
pennsylvania_state_university,pennsylvania_state_university__91,9.5
pennsylvania_state_university,pennsylvania_state_university__92,6.0
pennsylvania_state_university,pennsylvania_state_university__93,5.0
pennsylvania_state_university,pennsylvania_state_university__94,2.0
pennsylvania_state_university,pennsylvania_state_university__95,1.5
pennsylvania_state_university,pennsylvania_state_university__96,1.5
pennsylvania_state_university,pennsylvania_state_university__97,1.5
pennsylvania_state_university,pennsylvania_state_university__98,2.5
pennsylvania_state_university,pennsylvania_state_university__99,5.5
pennsylvania_state_university,pennsylvania_state_university__100,5.5
pennsylvania_state_university,pennsylvania_state_university__101,5.5
pennsylvania_state_university,pennsylvania_state_university__102,5.5
pennsylvania_state_university,pennsylvania_state_university__103,3.5
pennsylvania_state_university,pennsylvania_state_university__104,1.5
pennsylvania_state_university,pennsylvania_state_university__105,3.0
pennsylvania_state_university,pennsylvania_state_university__106,1.5
pennsylvania_state_university,pennsylvania_state_university__107,4.5
pennsylvania_state_university,pennsylvania_state_university__108,5.5
pennsylvania_state_university,pennsylvania_state_university__109,1.5
pennsylvania_state_university,pennsylvania_state_university__110,2.5
pennsylvania_state_university,pennsylvania_state_university__111,3.0
pennsylvania_state_university,pennsylvania_state_university__112,3.0
pennsylvania_state_university,pennsylvania_state_university__113,6.0
pennsylvania_state_university,pennsylvania_state_university__114,1.5
pennsylvania_state_university,pennsylvania_state_university__115,3.0
pennsylvania_state_university,pennsylvania_state_university__116,6.0
pennsylvania_state_university,pennsylvania_state_university__117,3.5
pennsylvania_state_university,pennsylvania_state_university__118,3.5
pennsylvania_state_university,pennsylvania_state_university__119,2.5
pennsylvania_state_university,pennsylvania_state_university__120,1.5
pennsylvania_state_university,pennsylvania_state_university__121,1.5
pennsylvania_state_university,pennsylvania_state_university__122,2.0
pennsylvania_state_university,pennsylvania_state_university__123,1.5
pennsylvania_state_university,pennsylvania_state_university__124,1.5
pennsylvania_state_university,pennsylvania_state_university__125,2.0
pennsylvania_state_university,pennsylvania_state_university__126,5.0
pennsylvania_state_university,pennsylvania_state_university__127,2.5
pennsylvania_state_university,pennsylvania_state_university__128,3.5
pennsylvania_state_university,pennsylvania_state_university__129,1.5
pennsylvania_state_university,pennsylvania_state_university__130,1.5
pennsylvania_state_university,pennsylvania_state_university__131,4.5
pennsylvania_state_university,pennsylvania_state_university__132,6.0
pennsylvania_state_university,pennsylvania_state_university__133,3.5
pennsylvania_state_university,pennsylvania_state_university__134,4.5
pennsylvania_state_university,pennsylvania_state_university__135,4.5
pennsylvania_state_university,pennsylvania_state_university__136,7.0
pennsylvania_state_university,pennsylvania_state_university__137,1.5
pennsylvania_state_university,pennsylvania_state_university__138,5.5
pennsylvania_state_university,pennsylvania_state_university__139,2.5
pennsylvania_state_university,pennsylvania_state_university__140,8.5
pennsylvania_state_university,pennsylvania_state_university__141,2.5
pennsylvania_state_university,pennsylvania_state_university__142,4.0
pennsylvania_state_university,pennsylvania_state_university__143,5.0
pennsylvania_state_university,pennsylvania_state_university__144,2.5
pennsylvania_state_university,pennsylvania_state_university__145,6.5
pennsylvania_state_university,pennsylvania_state_university__146,1.5
pennsylvania_state_university,pennsylvania_state_university__147,1.5
pennsylvania_state_university,pennsylvania_state_university__148,4.5
pennsylvania_state_university,pennsylvania_state_university__149,4.5
pennsylvania_state_university,pennsylvania_state_university__150,4.5
pennsylvania_state_university,pennsylvania_state_university__151,3.0
pennsylvania_state_university,pennsylvania_state_university__152,1.5
pennsylvania_state_university,pennsylvania_state_university__153,6.5
pennsylvania_state_university,pennsylvania_state_university__154,7.5
pennsylvania_state_university,pennsylvania_state_university__155,1.5
pennsylvania_state_university,pennsylvania_state_university__156,2.5
pennsylvania_state_university,pennsylvania_state_university__157,2.5
pennsylvania_state_university,pennsylvania_state_university__158,1.5
pennsylvania_state_university,pennsylvania_state_university__159,3.0
pennsylvania_state_university,pennsylvania_state_university__160,3.5
pennsylvania_state_university,pennsylvania_state_university__161,2.5
pennsylvania_state_university,pennsylvania_state_university__162,2.5
pennsylvania_state_university,pennsylvania_state_university__163,2.5
pennsylvania_state_university,pennsylvania_state_university__164,2.5
pennsylvania_state_university,pennsylvania_state_university__165,2.5
pennsylvania_state_university,pennsylvania_state_university__166,1.5
pennsylvania_state_university,pennsylvania_state_university__167,3.5
pennsylvania_state_university,pennsylvania_state_university__168,2.5
pennsylvania_state_university,pennsylvania_state_university__169,3.0
pennsylvania_state_university,pennsylvania_state_university__170,4.0
pennsylvania_state_university,pennsylvania_state_university__171,2.5
pennsylvania_state_university,pennsylvania_state_university__172,3.0
pennsylvania_state_university,pennsylvania_state_university__173,2.5
pennsylvania_state_university,pennsylvania_state_university__174,2.5
pennsylvania_state_university,pennsylvania_state_university__175,3.0
pennsylvania_state_university,pennsylvania_state_university__176,1.5
pennsylvania_state_university,pennsylvania_state_university__177,1.5
pennsylvania_state_university,pennsylvania_state_university__178,1.5
pennsylvania_state_university,pennsylvania_state_university__179,1.5
pennsylvania_state_university,pennsylvania_state_university__180,2.5
pennsylvania_state_university,pennsylvania_state_university__181,2.5
pennsylvania_state_university,pennsylvania_state_university__182,4.0
pennsylvania_state_university,pennsylvania_state_university__183,1.5
pennsylvania_state_university,pennsylvania_state_university__184,1.5
pennsylvania_state_university,pennsylvania_state_university__185,3.0
pennsylvania_state_university,pennsylvania_state_university__186,12.0
pennsylvania_state_university,pennsylvania_state_university__187,6.5
pennsylvania_state_university,pennsylvania_state_university__188,2.0
pennsylvania_state_university,pennsylvania_state_university__189,3.5
pennsylvania_state_university,pennsylvania_state_university__190,13.5
pennsylvania_state_university,pennsylvania_state_university__191,2.5
pennsylvania_state_university,pennsylvania_state_university__192,6.0
pennsylvania_state_university,pennsylvania_state_university__193,6.0
pennsylvania_state_university,pennsylvania_state_university__194,2.0
pennsylvania_state_university,pennsylvania_state_university__195,1.5
pennsylvania_state_university,pennsylvania_state_university__196,5.5
pennsylvania_state_university,pennsylvania_state_university__197,13.0
pennsylvania_state_university,pennsylvania_state_university__198,7.0
pennsylvania_state_university,pennsylvania_state_university__199,1.5
pennsylvania_state_university,pennsylvania_state_university__200,4.0
pennsylvania_state_university,pennsylvania_state_university__201,1.5
pennsylvania_state_university,pennsylvania_state_university__202,3.5
pennsylvania_state_university,pennsylvania_state_university__203,4.5
pennsylvania_state_university,pennsylvania_state_university__204,2.0
pennsylvania_state_university,pennsylvania_state_university__205,1.5
pennsylvania_state_university,pennsylvania_state_university__206,2.0
pennsylvania_state_university,pennsylvania_state_university__207,3.5
pennsylvania_state_university,pennsylvania_state_university__208,2.0
pennsylvania_state_university,pennsylvania_state_university__209,15.5
pennsylvania_state_university,pennsylvania_state_university__210,3.5
pennsylvania_state_university,pennsylvania_state_university__211,8.5
pennsylvania_state_university,pennsylvania_state_university__212,2.5
pennsylvania_state_university,pennsylvania_state_university__213,2.5
pennsylvania_state_university,pennsylvania_state_university__214,2.5
pennsylvania_state_university,pennsylvania_state_university__215,2.0
pennsylvania_state_university,pennsylvania_state_university__216,2.0
pennsylvania_state_university,pennsylvania_state_university__217,1.5
pennsylvania_state_university,pennsylvania_state_university__218,1.5
pennsylvania_state_university,pennsylvania_state_university__219,6.0
pennsylvania_state_university,pennsylvania_state_university__220,4.5
pennsylvania_state_university,pennsylvania_state_university__221,4.0
pennsylvania_state_university,pennsylvania_state_university__222,8.0
pennsylvania_state_university,pennsylvania_state_university__223,4.0
pennsylvania_state_university,pennsylvania_state_university__224,1.5
pennsylvania_state_university,pennsylvania_state_university__225,4.5
pennsylvania_state_university,pennsylvania_state_university__226,1.5
pennsylvania_state_university,pennsylvania_state_university__227,2.0
pennsylvania_state_university,pennsylvania_state_university__228,1.5
pennsylvania_state_university,pennsylvania_state_university__229,4.5
pennsylvania_state_university,pennsylvania_state_university__230,2.0
pennsylvania_state_university,pennsylvania_state_university__231,2.0
pennsylvania_state_university,pennsylvania_state_university__232,6.0
pennsylvania_state_university,pennsylvania_state_university__233,2.5
pennsylvania_state_university,pennsylvania_state_university__234,4.5
pennsylvania_state_university,pennsylvania_state_university__235,3.5
pennsylvania_state_university,pennsylvania_state_university__236,1.5
pennsylvania_state_university,pennsylvania_state_university__237,2.5
pennsylvania_state_university,pennsylvania_state_university__238,3.5
pennsylvania_state_university,pennsylvania_state_university__239,1.5
pennsylvania_state_university,pennsylvania_state_university__240,2.5
pennsylvania_state_university,pennsylvania_state_university__241,1.5
pennsylvania_state_university,pennsylvania_state_university__242,1.5
pennsylvania_state_university,pennsylvania_state_university__243,1.5
pennsylvania_state_university,pennsylvania_state_university__244,3.5
pennsylvania_state_university,pennsylvania_state_university__245,2.5
pennsylvania_state_university,pennsylvania_state_university__246,3.0
pennsylvania_state_university,pennsylvania_state_university__247,2.5
pennsylvania_state_university,pennsylvania_state_university__248,5.0
pennsylvania_state_university,pennsylvania_state_university__249,4.5
pennsylvania_state_university,pennsylvania_state_university__250,1.5
pennsylvania_state_university,pennsylvania_state_university__251,3.0
pennsylvania_state_university,pennsylvania_state_university__252,2.5
pennsylvania_state_university,pennsylvania_state_university__253,4.5
pennsylvania_state_university,pennsylvania_state_university__254,1.5
pennsylvania_state_university,pennsylvania_state_university__255,4.5
pennsylvania_state_university,pennsylvania_state_university__256,8.5
pennsylvania_state_university,pennsylvania_state_university__257,4.5
pennsylvania_state_university,pennsylvania_state_university__258,1.5
pennsylvania_state_university,pennsylvania_state_university__259,3.5
pennsylvania_state_university,pennsylvania_state_university__260,8.0
pennsylvania_state_university,pennsylvania_state_university__261,2.5
pennsylvania_state_university,pennsylvania_state_university__262,2.0
pennsylvania_state_university,pennsylvania_state_university__263,4.5
pennsylvania_state_university,pennsylvania_state_university__264,2.5
pennsylvania_state_university,pennsylvania_state_university__265,1.5
pennsylvania_state_university,pennsylvania_state_university__266,3.5
pennsylvania_state_university,pennsylvania_state_university__267,4.5
pennsylvania_state_university,pennsylvania_state_university__268,7.5
pennsylvania_state_university,pennsylvania_state_university__269,4.5
pennsylvania_state_university,pennsylvania_state_university__270,1.5
pennsylvania_state_university,pennsylvania_state_university__271,4.5
pennsylvania_state_university,pennsylvania_state_university__272,1.5
pennsylvania_state_university,pennsylvania_state_university__273,5.0
pennsylvania_state_university,pennsylvania_state_university__274,4.0
pennsylvania_state_university,pennsylvania_state_university__275,1.5
pennsylvania_state_university,pennsylvania_state_university__276,5.5
pennsylvania_state_university,pennsylvania_state_university__277,1.5
pennsylvania_state_university,pennsylvania_state_university__278,1.5
pennsylvania_state_university,pennsylvania_state_university__279,1.5
pennsylvania_state_university,pennsylvania_state_university__280,3.0
pennsylvania_state_university,pennsylvania_state_university__281,1.5
pennsylvania_state_university,pennsylvania_state_university__282,4.5
pennsylvania_state_university,pennsylvania_state_university__283,1.5
pennsylvania_state_university,pennsylvania_state_university__284,5.0
pennsylvania_state_university,pennsylvania_state_university__285,3.0
pennsylvania_state_university,pennsylvania_state_university__286,3.5
pennsylvania_state_university,pennsylvania_state_university__287,4.0
pennsylvania_state_university,pennsylvania_state_university__288,2.5
pennsylvania_state_university,pennsylvania_state_university__289,1.5
pennsylvania_state_university,pennsylvania_state_university__290,2.5
pennsylvania_state_university,pennsylvania_state_university__291,2.5
pennsylvania_state_university,pennsylvania_state_university__292,4.0
pennsylvania_state_university,pennsylvania_state_university__293,6.0
pennsylvania_state_university,pennsylvania_state_university__294,1.5
pennsylvania_state_university,pennsylvania_state_university__295,7.5
pennsylvania_state_university,pennsylvania_state_university__296,6.0
pennsylvania_state_university,pennsylvania_state_university__297,3.5
pennsylvania_state_university,pennsylvania_state_university__298,6.0
pennsylvania_state_university,pennsylvania_state_university__299,3.0
pennsylvania_state_university,pennsylvania_state_university__300,1.5
pennsylvania_state_university,pennsylvania_state_university__301,5.0
pennsylvania_state_university,pennsylvania_state_university__302,1.5
pennsylvania_state_university,pennsylvania_state_university__303,2.5
pennsylvania_state_university,pennsylvania_state_university__304,4.5
pennsylvania_state_university,pennsylvania_state_university__305,1.5
pennsylvania_state_university,pennsylvania_state_university__306,1.5
pennsylvania_state_university,pennsylvania_state_university__307,2.0
pennsylvania_state_university,pennsylvania_state_university__308,3.0
pennsylvania_state_university,pennsylvania_state_university__309,3.5
pennsylvania_state_university,pennsylvania_state_university__310,2.0
pennsylvania_state_university,pennsylvania_state_university__311,6.5
pennsylvania_state_university,pennsylvania_state_university__312,8.0
pennsylvania_state_university,pennsylvania_state_university__313,4.5
pennsylvania_state_university,pennsylvania_state_university__314,1.5
pennsylvania_state_university,pennsylvania_state_university__315,9.0
pennsylvania_state_university,pennsylvania_state_university__316,4.0
pennsylvania_state_university,pennsylvania_state_university__317,3.5
pennsylvania_state_university,pennsylvania_state_university__318,3.5
pennsylvania_state_university,pennsylvania_state_university__319,2.0
pennsylvania_state_university,pennsylvania_state_university__320,2.0
pennsylvania_state_university,pennsylvania_state_university__321,3.5
pennsylvania_state_university,pennsylvania_state_university__322,1.5
pennsylvania_state_university,pennsylvania_state_university__323,6.0
pennsylvania_state_university,pennsylvania_state_university__324,4.5
pennsylvania_state_university,pennsylvania_state_university__325,1.5
pennsylvania_state_university,pennsylvania_state_university__326,2.5
pennsylvania_state_university,pennsylvania_state_university__327,4.5
pennsylvania_state_university,pennsylvania_state_university__328,4.0
pennsylvania_state_university,pennsylvania_state_university__329,3.5
pennsylvania_state_university,pennsylvania_state_university__330,2.5
pennsylvania_state_university,pennsylvania_state_university__331,3.0
pennsylvania_state_university,pennsylvania_state_university__332,5.5
pennsylvania_state_university,pennsylvania_state_university__333,1.5
pennsylvania_state_university,pennsylvania_state_university__334,11.5
pennsylvania_state_university,pennsylvania_state_university__335,9.0
pennsylvania_state_university,pennsylvania_state_university__336,2.5
pennsylvania_state_university,pennsylvania_state_university__337,3.5
pennsylvania_state_university,pennsylvania_state_university__338,1.5
pennsylvania_state_university,pennsylvania_state_university__339,2.0
pennsylvania_state_university,pennsylvania_state_university__340,4.0
pennsylvania_state_university,pennsylvania_state_university__341,5.0
pennsylvania_state_university,pennsylvania_state_university__342,9.0
pennsylvania_state_university,pennsylvania_state_university__343,6.5
pennsylvania_state_university,pennsylvania_state_university__344,1.5
pennsylvania_state_university,pennsylvania_state_university__345,4.5
pennsylvania_state_university,pennsylvania_state_university__346,5.0
pennsylvania_state_university,pennsylvania_state_university__347,4.5
pennsylvania_state_university,pennsylvania_state_university__348,7.0
pennsylvania_state_university,pennsylvania_state_university__349,9.0
pennsylvania_state_university,pennsylvania_state_university__350,4.5
pennsylvania_state_university,pennsylvania_state_university__351,2.5
pennsylvania_state_university,pennsylvania_state_university__352,4.0
pennsylvania_state_university,pennsylvania_state_university__353,2.5
pennsylvania_state_university,pennsylvania_state_university__354,2.5
pennsylvania_state_university,pennsylvania_state_university__355,4.5
pennsylvania_state_university,pennsylvania_state_university__356,1.5
pennsylvania_state_university,pennsylvania_state_university__357,5.0
pennsylvania_state_university,pennsylvania_state_university__358,2.5
pennsylvania_state_university,pennsylvania_state_university__359,2.5
pennsylvania_state_university,pennsylvania_state_university__360,2.5
pennsylvania_state_university,pennsylvania_state_university__361,3.5
pennsylvania_state_university,pennsylvania_state_university__362,2.5
pennsylvania_state_university,pennsylvania_state_university__363,4.5
pennsylvania_state_university,pennsylvania_state_university__364,4.5
pennsylvania_state_university,pennsylvania_state_university__365,5.0
pennsylvania_state_university,pennsylvania_state_university__366,5.5
pennsylvania_state_university,pennsylvania_state_university__367,1.5
pennsylvania_state_university,pennsylvania_state_university__368,2.5
pennsylvania_state_university,pennsylvania_state_university__369,5.0
pennsylvania_state_university,pennsylvania_state_university__370,6.5
pennsylvania_state_university,pennsylvania_state_university__371,2.5
pennsylvania_state_university,pennsylvania_state_university__372,2.5
pennsylvania_state_university,pennsylvania_state_university__373,9.0
pennsylvania_state_university,pennsylvania_state_university__374,3.0
pennsylvania_state_university,pennsylvania_state_university__375,1.5
pennsylvania_state_university,pennsylvania_state_university__376,9.5
pennsylvania_state_university,pennsylvania_state_university__377,1.5
pennsylvania_state_university,pennsylvania_state_university__378,2.5
pennsylvania_state_university,pennsylvania_state_university__379,5.0
pennsylvania_state_university,pennsylvania_state_university__380,4.5
pennsylvania_state_university,pennsylvania_state_university__381,8.5
pennsylvania_state_university,pennsylvania_state_university__382,4.5
pennsylvania_state_university,pennsylvania_state_university__383,8.5
pennsylvania_state_university,pennsylvania_state_university__384,1.5
pennsylvania_state_university,pennsylvania_state_university__385,2.5
pennsylvania_state_university,pennsylvania_state_university__386,2.5
pennsylvania_state_university,pennsylvania_state_university__387,3.0
pennsylvania_state_university,pennsylvania_state_university__388,1.5
pennsylvania_state_university,pennsylvania_state_university__389,2.5
pennsylvania_state_university,pennsylvania_state_university__390,14.0
pennsylvania_state_university,pennsylvania_state_university__391,4.5
pennsylvania_state_university,pennsylvania_state_university__392,21.5
pennsylvania_state_university,pennsylvania_state_university__393,15.5
pennsylvania_state_university,pennsylvania_state_university__394,15.0
pennsylvania_state_university,pennsylvania_state_university__395,4.5
pennsylvania_state_university,pennsylvania_state_university__396,1.5
pennsylvania_state_university,pennsylvania_state_university__397,3.0
pennsylvania_state_university,pennsylvania_state_university__398,2.5
pennsylvania_state_university,pennsylvania_state_university__399,4.5
pennsylvania_state_university,pennsylvania_state_university__400,16.0
pennsylvania_state_university,pennsylvania_state_university__401,5.0
pennsylvania_state_university,pennsylvania_state_university__402,1.5
pennsylvania_state_university,pennsylvania_state_university__403,2.5
pennsylvania_state_university,pennsylvania_state_university__404,4.5
pennsylvania_state_university,pennsylvania_state_university__405,6.0
pennsylvania_state_university,pennsylvania_state_university__406,3.5
pennsylvania_state_university,pennsylvania_state_university__407,18.5
pennsylvania_state_university,pennsylvania_state_university__408,6.5
pennsylvania_state_university,pennsylvania_state_university__409,7.0
pennsylvania_state_university,pennsylvania_state_university__410,4.5
pennsylvania_state_university,pennsylvania_state_university__411,1.5
pennsylvania_state_university,pennsylvania_state_university__412,4.5
pennsylvania_state_university,pennsylvania_state_university__413,3.0
pennsylvania_state_university,pennsylvania_state_university__414,2.5
pennsylvania_state_university,pennsylvania_state_university__415,2.5
pennsylvania_state_university,pennsylvania_state_university__416,1.5
pennsylvania_state_university,pennsylvania_state_university__417,1.5
pennsylvania_state_university,pennsylvania_state_university__418,4.5
pennsylvania_state_university,pennsylvania_state_university__419,2.5
pennsylvania_state_university,pennsylvania_state_university__420,8.5
pennsylvania_state_university,pennsylvania_state_university__421,5.5
pennsylvania_state_university,pennsylvania_state_university__422,1.5
pennsylvania_state_university,pennsylvania_state_university__423,3.0
pennsylvania_state_university,pennsylvania_state_university__424,2.5
pennsylvania_state_university,pennsylvania_state_university__425,7.0
pennsylvania_state_university,pennsylvania_state_university__426,5.0
pennsylvania_state_university,pennsylvania_state_university__427,3.5
pennsylvania_state_university,pennsylvania_state_university__428,2.5
pennsylvania_state_university,pennsylvania_state_university__429,10.0
pennsylvania_state_university,pennsylvania_state_university__430,2.0
pennsylvania_state_university,pennsylvania_state_university__431,2.5
pennsylvania_state_university,pennsylvania_state_university__432,3.5
pennsylvania_state_university,pennsylvania_state_university__433,2.5
pennsylvania_state_university,pennsylvania_state_university__434,4.5
pennsylvania_state_university,pennsylvania_state_university__435,4.5
pennsylvania_state_university,pennsylvania_state_university__436,2.5
pennsylvania_state_university,pennsylvania_state_university__437,5.5
pennsylvania_state_university,pennsylvania_state_university__438,2.5
pennsylvania_state_university,pennsylvania_state_university__439,3.0
pennsylvania_state_university,pennsylvania_state_university__440,1.5
pennsylvania_state_university,pennsylvania_state_university__441,3.0
pennsylvania_state_university,pennsylvania_state_university__442,2.5
pennsylvania_state_university,pennsylvania_state_university__443,2.5
pennsylvania_state_university,pennsylvania_state_university__444,3.0
pennsylvania_state_university,pennsylvania_state_university__445,2.5
pennsylvania_state_university,pennsylvania_state_university__446,4.0
pennsylvania_state_university,pennsylvania_state_university__447,4.5
pennsylvania_state_university,pennsylvania_state_university__448,8.5
pennsylvania_state_university,pennsylvania_state_university__449,2.5
pennsylvania_state_university,pennsylvania_state_university__450,4.5
pennsylvania_state_university,pennsylvania_state_university__451,4.5
pennsylvania_state_university,pennsylvania_state_university__452,3.5
pennsylvania_state_university,pennsylvania_state_university__453,5.0
pennsylvania_state_university,pennsylvania_state_university__454,9.0
pennsylvania_state_university,pennsylvania_state_university__455,4.0
pennsylvania_state_university,pennsylvania_state_university__456,4.5
pennsylvania_state_university,pennsylvania_state_university__457,1.5
pennsylvania_state_university,pennsylvania_state_university__458,1.5
pennsylvania_state_university,pennsylvania_state_university__459,1.5
pennsylvania_state_university,pennsylvania_state_university__460,3.5
pennsylvania_state_university,pennsylvania_state_university__461,1.5
pennsylvania_state_university,pennsylvania_state_university__462,3.0
pennsylvania_state_university,pennsylvania_state_university__463,2.5
pennsylvania_state_university,pennsylvania_state_university__464,2.0
pennsylvania_state_university,pennsylvania_state_university__465,1.5
pennsylvania_state_university,pennsylvania_state_university__466,4.5
pennsylvania_state_university,pennsylvania_state_university__467,5.5
pennsylvania_state_university,pennsylvania_state_university__468,2.5
pennsylvania_state_university,pennsylvania_state_university__469,4.5
pennsylvania_state_university,pennsylvania_state_university__470,3.5
pennsylvania_state_university,pennsylvania_state_university__471,1.5
pennsylvania_state_university,pennsylvania_state_university__472,1.5
pennsylvania_state_university,pennsylvania_state_university__473,1.5
pennsylvania_state_university,pennsylvania_state_university__474,1.5
pennsylvania_state_university,pennsylvania_state_university__475,3.5
pennsylvania_state_university,pennsylvania_state_university__476,2.5
pennsylvania_state_university,pennsylvania_state_university__477,4.0
pennsylvania_state_university,pennsylvania_state_university__478,5.5
pennsylvania_state_university,pennsylvania_state_university__479,5.5
pennsylvania_state_university,pennsylvania_state_university__480,4.5
pennsylvania_state_university,pennsylvania_state_university__481,3.5
pennsylvania_state_university,pennsylvania_state_university__482,3.5
pennsylvania_state_university,pennsylvania_state_university__483,4.5
pennsylvania_state_university,pennsylvania_state_university__484,4.5
pennsylvania_state_university,pennsylvania_state_university__485,4.5
pennsylvania_state_university,pennsylvania_state_university__486,1.5
pennsylvania_state_university,pennsylvania_state_university__487,4.5
pennsylvania_state_university,pennsylvania_state_university__488,4.5
pennsylvania_state_university,pennsylvania_state_university__489,1.5
pennsylvania_state_university,pennsylvania_state_university__490,6.0
pennsylvania_state_university,pennsylvania_state_university__491,4.5
pennsylvania_state_university,pennsylvania_state_university__492,4.5
pennsylvania_state_university,pennsylvania_state_university__493,4.5
pennsylvania_state_university,pennsylvania_state_university__494,4.5
pennsylvania_state_university,pennsylvania_state_university__495,2.5
pennsylvania_state_university,pennsylvania_state_university__496,3.5
pennsylvania_state_university,pennsylvania_state_university__497,3.5
pennsylvania_state_university,pennsylvania_state_university__498,3.5
pennsylvania_state_university,pennsylvania_state_university__499,4.5
pennsylvania_state_university,pennsylvania_state_university__500,1.5
pennsylvania_state_university,pennsylvania_state_university__501,5.5
pennsylvania_state_university,pennsylvania_state_university__502,4.5
pennsylvania_state_university,pennsylvania_state_university__503,6.5
pennsylvania_state_university,pennsylvania_state_university__504,3.0
pennsylvania_state_university,pennsylvania_state_university__505,1.5
pennsylvania_state_university,pennsylvania_state_university__506,4.0
pennsylvania_state_university,pennsylvania_state_university__507,1.5
pennsylvania_state_university,pennsylvania_state_university__508,2.5
pennsylvania_state_university,pennsylvania_state_university__509,4.5
pennsylvania_state_university,pennsylvania_state_university__510,6.5
pennsylvania_state_university,pennsylvania_state_university__511,6.0
pennsylvania_state_university,pennsylvania_state_university__512,8.0
pennsylvania_state_university,pennsylvania_state_university__513,2.5
pennsylvania_state_university,pennsylvania_state_university__514,2.0
pennsylvania_state_university,pennsylvania_state_university__515,1.5
pennsylvania_state_university,pennsylvania_state_university__516,4.5
pennsylvania_state_university,pennsylvania_state_university__517,6.0
pennsylvania_state_university,pennsylvania_state_university__518,2.5
pennsylvania_state_university,pennsylvania_state_university__519,2.5
pennsylvania_state_university,pennsylvania_state_university__520,8.0
pennsylvania_state_university,pennsylvania_state_university__521,2.5
pennsylvania_state_university,pennsylvania_state_university__522,3.5
pennsylvania_state_university,pennsylvania_state_university__523,3.5
pennsylvania_state_university,pennsylvania_state_university__524,1.5
pennsylvania_state_university,pennsylvania_state_university__525,1.5
pennsylvania_state_university,pennsylvania_state_university__526,7.5
pennsylvania_state_university,pennsylvania_state_university__527,6.5
pennsylvania_state_university,pennsylvania_state_university__528,6.5
pennsylvania_state_university,pennsylvania_state_university__529,1.5
pennsylvania_state_university,pennsylvania_state_university__530,2.5
pennsylvania_state_university,pennsylvania_state_university__531,3.5
pennsylvania_state_university,pennsylvania_state_university__532,5.0
pennsylvania_state_university,pennsylvania_state_university__533,5.0
pennsylvania_state_university,pennsylvania_state_university__534,7.0
pennsylvania_state_university,pennsylvania_state_university__535,7.0
pennsylvania_state_university,pennsylvania_state_university__536,4.5
pennsylvania_state_university,pennsylvania_state_university__537,2.5
pennsylvania_state_university,pennsylvania_state_university__538,5.0
pennsylvania_state_university,pennsylvania_state_university__539,3.5
pennsylvania_state_university,pennsylvania_state_university__540,1.5
pennsylvania_state_university,pennsylvania_state_university__541,5.5
pennsylvania_state_university,pennsylvania_state_university__542,3.5
pennsylvania_state_university,pennsylvania_state_university__543,2.5
pennsylvania_state_university,pennsylvania_state_university__544,2.5
pennsylvania_state_university,pennsylvania_state_university__545,3.0
pennsylvania_state_university,pennsylvania_state_university__546,3.5
pennsylvania_state_university,pennsylvania_state_university__547,1.5
pennsylvania_state_university,pennsylvania_state_university__548,2.5
pennsylvania_state_university,pennsylvania_state_university__549,3.5
pennsylvania_state_university,pennsylvania_state_university__550,3.5
pennsylvania_state_university,pennsylvania_state_university__551,3.5
pennsylvania_state_university,pennsylvania_state_university__552,7.5
pennsylvania_state_university,pennsylvania_state_university__553,3.0
pennsylvania_state_university,pennsylvania_state_university__554,2.5
pennsylvania_state_university,pennsylvania_state_university__555,8.0
pennsylvania_state_university,pennsylvania_state_university__556,3.0
pennsylvania_state_university,pennsylvania_state_university__557,3.5
pennsylvania_state_university,pennsylvania_state_university__558,2.5
pennsylvania_state_university,pennsylvania_state_university__559,2.5
pennsylvania_state_university,pennsylvania_state_university__560,2.5
pennsylvania_state_university,pennsylvania_state_university__561,2.5
pennsylvania_state_university,pennsylvania_state_university__562,2.5
pennsylvania_state_university,pennsylvania_state_university__563,4.5
pennsylvania_state_university,pennsylvania_state_university__564,3.5
pennsylvania_state_university,pennsylvania_state_university__565,7.0
pennsylvania_state_university,pennsylvania_state_university__566,3.0
pennsylvania_state_university,pennsylvania_state_university__567,2.5
pennsylvania_state_university,pennsylvania_state_university__568,3.0
pennsylvania_state_university,pennsylvania_state_university__569,4.0
pennsylvania_state_university,pennsylvania_state_university__570,3.0
pennsylvania_state_university,pennsylvania_state_university__571,2.5
pennsylvania_state_university,pennsylvania_state_university__572,11.5
pennsylvania_state_university,pennsylvania_state_university__573,2.5
pennsylvania_state_university,pennsylvania_state_university__574,3.5
pennsylvania_state_university,pennsylvania_state_university__575,6.5
pennsylvania_state_university,pennsylvania_state_university__576,2.5
pennsylvania_state_university,pennsylvania_state_university__577,3.0
pennsylvania_state_university,pennsylvania_state_university__578,6.5
pennsylvania_state_university,pennsylvania_state_university__579,3.0
pennsylvania_state_university,pennsylvania_state_university__580,6.0
pennsylvania_state_university,pennsylvania_state_university__581,2.5
pennsylvania_state_university,pennsylvania_state_university__582,2.5
pennsylvania_state_university,pennsylvania_state_university__583,1.5
pennsylvania_state_university,pennsylvania_state_university__584,1.5
pennsylvania_state_university,pennsylvania_state_university__585,2.5
pennsylvania_state_university,pennsylvania_state_university__586,3.5
pennsylvania_state_university,pennsylvania_state_university__587,1.5
pennsylvania_state_university,pennsylvania_state_university__588,2.0
pennsylvania_state_university,pennsylvania_state_university__589,2.0
pennsylvania_state_university,pennsylvania_state_university__590,2.0
pennsylvania_state_university,pennsylvania_state_university__591,4.0
pennsylvania_state_university,pennsylvania_state_university__592,6.0
pennsylvania_state_university,pennsylvania_state_university__593,2.5
pennsylvania_state_university,pennsylvania_state_university__594,1.5
pennsylvania_state_university,pennsylvania_state_university__595,1.5
pennsylvania_state_university,pennsylvania_state_university__596,4.5
pennsylvania_state_university,pennsylvania_state_university__597,4.0
pennsylvania_state_university,pennsylvania_state_university__598,1.5
pennsylvania_state_university,pennsylvania_state_university__599,3.5
pennsylvania_state_university,pennsylvania_state_university__600,2.5
pennsylvania_state_university,pennsylvania_state_university__601,4.5
pennsylvania_state_university,pennsylvania_state_university__602,2.5
pennsylvania_state_university,pennsylvania_state_university__603,1.5
pennsylvania_state_university,pennsylvania_state_university__604,4.5
pennsylvania_state_university,pennsylvania_state_university__605,1.5
pennsylvania_state_university,pennsylvania_state_university__606,4.5
pennsylvania_state_university,pennsylvania_state_university__607,6.0
pennsylvania_state_university,pennsylvania_state_university__608,3.5
pennsylvania_state_university,pennsylvania_state_university__609,4.5
pennsylvania_state_university,pennsylvania_state_university__610,6.0
pennsylvania_state_university,pennsylvania_state_university__611,1.5
pennsylvania_state_university,pennsylvania_state_university__612,4.5
pennsylvania_state_university,pennsylvania_state_university__613,3.5
pennsylvania_state_university,pennsylvania_state_university__614,2.0
pennsylvania_state_university,pennsylvania_state_university__615,5.5
pennsylvania_state_university,pennsylvania_state_university__616,4.5
pennsylvania_state_university,pennsylvania_state_university__617,6.5
pennsylvania_state_university,pennsylvania_state_university__618,6.5
pennsylvania_state_university,pennsylvania_state_university__619,3.5
pennsylvania_state_university,pennsylvania_state_university__620,3.5
pennsylvania_state_university,pennsylvania_state_university__621,4.5
pennsylvania_state_university,pennsylvania_state_university__622,4.5
pennsylvania_state_university,pennsylvania_state_university__623,5.0
pennsylvania_state_university,pennsylvania_state_university__624,1.5
pennsylvania_state_university,pennsylvania_state_university__625,2.5
pennsylvania_state_university,pennsylvania_state_university__626,7.0
pennsylvania_state_university,pennsylvania_state_university__627,5.0
pennsylvania_state_university,pennsylvania_state_university__628,1.5
pennsylvania_state_university,pennsylvania_state_university__629,4.5
pennsylvania_state_university,pennsylvania_state_university__630,1.5
pennsylvania_state_university,pennsylvania_state_university__631,4.5
pennsylvania_state_university,pennsylvania_state_university__632,4.5
pennsylvania_state_university,pennsylvania_state_university__633,1.5
pennsylvania_state_university,pennsylvania_state_university__634,1.5
pennsylvania_state_university,pennsylvania_state_university__635,2.5
pennsylvania_state_university,pennsylvania_state_university__636,1.5
pennsylvania_state_university,pennsylvania_state_university__637,4.5
pennsylvania_state_university,pennsylvania_state_university__638,4.0
pennsylvania_state_university,pennsylvania_state_university__639,4.5
pennsylvania_state_university,pennsylvania_state_university__640,1.5
rice_university,rice_university__0,1.5
rice_university,rice_university__1,4.5
rice_university,rice_university__2,2.5
rice_university,rice_university__3,5.0
rice_university,rice_university__4,1.5
rice_university,rice_university__5,2.5
rice_university,rice_university__6,5.0
rice_university,rice_university__7,2.0
rice_university,rice_university__8,2.5
rice_university,rice_university__9,2.5
rice_university,rice_university__10,1.5
rice_university,rice_university__11,2.5
rice_university,rice_university__12,1.5
rice_university,rice_university__13,1.5
rice_university,rice_university__14,2.0
rice_university,rice_university__15,1.5
rice_university,rice_university__16,1.5
rice_university,rice_university__17,1.5
rice_university,rice_university__18,1.5
rice_university,rice_university__19,2.5
rice_university,rice_university__20,2.0
rice_university,rice_university__21,1.5
rice_university,rice_university__22,1.5
rice_university,rice_university__23,1.5
rice_university,rice_university__24,6.5
rice_university,rice_university__25,5.5
rice_university,rice_university__26,2.5
rice_university,rice_university__27,1.5
rice_university,rice_university__28,1.5
rice_university,rice_university__29,1.5
rice_university,rice_university__30,1.5
rice_university,rice_university__31,4.5
rice_university,rice_university__32,4.5
rice_university,rice_university__33,1.5
rice_university,rice_university__34,1.5
rice_university,rice_university__35,2.5
rice_university,rice_university__36,3.5
rice_university,rice_university__37,3.5
rice_university,rice_university__38,3.0
rice_university,rice_university__39,2.5
rice_university,rice_university__40,2.5
rice_university,rice_university__41,3.5
rice_university,rice_university__42,1.5
rice_university,rice_university__43,2.5
rice_university,rice_university__44,2.0
rice_university,rice_university__45,3.5
rice_university,rice_university__46,1.5
rice_university,rice_university__47,2.5
rice_university,rice_university__48,2.0
rice_university,rice_university__49,4.5
rice_university,rice_university__50,4.5
rice_university,rice_university__51,4.5
rice_university,rice_university__52,4.5
rice_university,rice_university__53,4.5
rice_university,rice_university__54,3.0
rice_university,rice_university__55,3.0
rice_university,rice_university__56,2.5
rice_university,rice_university__57,4.5
rice_university,rice_university__58,2.5
rice_university,rice_university__59,2.5
rice_university,rice_university__60,2.5
rice_university,rice_university__61,2.5
rice_university,rice_university__62,2.5
rice_university,rice_university__63,3.5
rice_university,rice_university__64,3.5
rice_university,rice_university__65,3.0
rice_university,rice_university__66,2.5
rice_university,rice_university__67,3.5
rice_university,rice_university__68,2.5
rice_university,rice_university__69,4.5
rice_university,rice_university__70,2.5
rice_university,rice_university__71,2.5
rice_university,rice_university__72,2.5
rice_university,rice_university__73,4.0
rice_university,rice_university__74,3.0
rice_university,rice_university__75,3.0
rice_university,rice_university__76,2.5
rice_university,rice_university__77,2.0
rice_university,rice_university__78,2.5
rice_university,rice_university__79,2.5
rice_university,rice_university__80,2.5
rice_university,rice_university__81,7.5
rice_university,rice_university__82,2.5
rice_university,rice_university__83,2.5
rice_university,rice_university__84,4.5
rice_university,rice_university__85,2.5
rice_university,rice_university__86,2.5
rice_university,rice_university__87,1.5
rice_university,rice_university__88,1.5
rice_university,rice_university__89,1.5
rice_university,rice_university__90,1.5
rice_university,rice_university__91,5.0
rice_university,rice_university__92,4.5
rice_university,rice_university__93,4.5
rice_university,rice_university__94,5.5
rice_university,rice_university__95,10.5
rice_university,rice_university__96,5.0
rice_university,rice_university__97,4.5
rice_university,rice_university__98,7.0
rice_university,rice_university__99,14.0
rice_university,rice_university__100,1.5
rice_university,rice_university__101,1.5
rice_university,rice_university__102,4.5
rice_university,rice_university__103,1.5
rice_university,rice_university__104,3.0
rice_university,rice_university__105,2.0
rice_university,rice_university__106,4.5
rice_university,rice_university__107,14.0
rice_university,rice_university__108,4.5
rice_university,rice_university__109,6.0
rice_university,rice_university__110,4.5
rice_university,rice_university__111,15.0
rice_university,rice_university__112,4.5
rice_university,rice_university__113,5.0
rice_university,rice_university__114,1.5
rice_university,rice_university__115,3.0
rice_university,rice_university__116,4.5
rice_university,rice_university__117,4.5
rice_university,rice_university__118,1.5
rice_university,rice_university__119,4.5
rice_university,rice_university__120,6.0
rice_university,rice_university__121,4.5
rice_university,rice_university__122,4.5
rice_university,rice_university__123,5.5
rice_university,rice_university__124,4.5
rice_university,rice_university__125,3.5
rice_university,rice_university__126,4.5
rice_university,rice_university__127,5.0
rice_university,rice_university__128,4.5
rice_university,rice_university__129,4.5
rice_university,rice_university__130,4.5
rice_university,rice_university__131,4.5
rice_university,rice_university__132,4.5
rice_university,rice_university__133,5.5
rice_university,rice_university__134,4.5
rice_university,rice_university__135,4.5
rice_university,rice_university__136,5.5
rice_university,rice_university__137,5.5
rice_university,rice_university__138,4.5
rice_university,rice_university__139,2.5
rice_university,rice_university__140,2.5
rice_university,rice_university__141,3.0
rice_university,rice_university__142,3.0
rice_university,rice_university__143,3.0
rice_university,rice_university__144,4.5
rice_university,rice_university__145,4.5
rice_university,rice_university__146,3.5
rice_university,rice_university__147,5.0
rice_university,rice_university__148,5.0
rice_university,rice_university__149,3.5
rice_university,rice_university__150,9.0
rice_university,rice_university__151,4.5
rice_university,rice_university__152,4.5
rice_university,rice_university__153,4.5
rice_university,rice_university__154,9.0
rice_university,rice_university__155,4.5
rice_university,rice_university__156,4.5
rice_university,rice_university__157,4.5
rice_university,rice_university__158,9.0
rice_university,rice_university__159,7.0
rice_university,rice_university__160,4.5
rice_university,rice_university__161,4.5
rice_university,rice_university__162,1.5
rice_university,rice_university__163,2.5
rice_university,rice_university__164,3.5
rice_university,rice_university__165,4.5
rice_university,rice_university__166,1.5
rice_university,rice_university__167,2.5
rice_university,rice_university__168,2.5
rice_university,rice_university__169,1.5
rice_university,rice_university__170,3.5
rice_university,rice_university__171,1.5
rice_university,rice_university__172,3.5
rice_university,rice_university__173,1.5
rice_university,rice_university__174,1.5
rice_university,rice_university__175,2.5
rice_university,rice_university__176,1.5
rice_university,rice_university__177,2.5
rice_university,rice_university__178,10.0
rice_university,rice_university__179,2.5
rice_university,rice_university__180,4.5
rice_university,rice_university__181,1.5
rice_university,rice_university__182,3.5
rice_university,rice_university__183,2.5
rice_university,rice_university__184,3.5
rice_university,rice_university__185,1.5
rice_university,rice_university__186,1.5
rice_university,rice_university__187,20.5
rice_university,rice_university__188,3.5
rice_university,rice_university__189,3.5
rice_university,rice_university__190,4.5
rice_university,rice_university__191,5.0
rice_university,rice_university__192,4.5
rice_university,rice_university__193,1.5
rice_university,rice_university__194,1.5
rice_university,rice_university__195,1.5
rice_university,rice_university__196,3.5
rice_university,rice_university__197,2.5
rice_university,rice_university__198,2.5
rice_university,rice_university__199,3.5
rice_university,rice_university__200,3.5
rice_university,rice_university__201,2.5
rice_university,rice_university__202,4.5
rice_university,rice_university__203,3.5
rice_university,rice_university__204,1.5
rice_university,rice_university__205,1.5
rice_university,rice_university__206,20.5
rice_university,rice_university__207,1.5
rice_university,rice_university__208,4.5
rice_university,rice_university__209,3.0
rice_university,rice_university__210,2.0
rice_university,rice_university__211,6.0
rice_university,rice_university__212,1.5
rice_university,rice_university__213,2.0
rice_university,rice_university__214,1.5
rice_university,rice_university__215,4.5
rice_university,rice_university__216,4.5
rice_university,rice_university__217,1.5
rice_university,rice_university__218,6.0
rice_university,rice_university__219,1.5
rice_university,rice_university__220,1.5
rice_university,rice_university__221,4.5
rice_university,rice_university__222,2.0
rice_university,rice_university__223,3.0
rice_university,rice_university__224,4.5
rice_university,rice_university__225,2.0
rice_university,rice_university__226,1.5
rice_university,rice_university__227,1.5
rice_university,rice_university__228,4.5
rice_university,rice_university__229,4.5
rice_university,rice_university__230,5.0
rice_university,rice_university__231,4.5
rice_university,rice_university__232,1.5
rice_university,rice_university__233,2.0
rice_university,rice_university__234,3.0
rice_university,rice_university__235,4.5
rice_university,rice_university__236,3.0
rice_university,rice_university__237,2.5
rice_university,rice_university__238,2.5
rice_university,rice_university__239,3.0
rice_university,rice_university__240,3.5
rice_university,rice_university__241,4.5
rice_university,rice_university__242,3.5
rice_university,rice_university__243,2.5
rice_university,rice_university__244,2.5
rice_university,rice_university__245,7.5
rice_university,rice_university__246,3.0
rice_university,rice_university__247,4.5
rice_university,rice_university__248,10.5
rice_university,rice_university__249,3.5
rice_university,rice_university__250,4.5
rice_university,rice_university__251,3.5
rice_university,rice_university__252,2.5
rice_university,rice_university__253,10.5
rice_university,rice_university__254,4.0
rice_university,rice_university__255,2.5
rice_university,rice_university__256,2.5
rice_university,rice_university__257,2.5
rice_university,rice_university__258,3.0
rice_university,rice_university__259,14.5
rice_university,rice_university__260,9.0
rice_university,rice_university__261,10.5
rice_university,rice_university__262,3.5
rice_university,rice_university__263,13.5
rice_university,rice_university__264,4.5
rice_university,rice_university__265,3.5
rice_university,rice_university__266,3.5
rice_university,rice_university__267,2.5
rice_university,rice_university__268,10.5
rice_university,rice_university__269,4.5
rice_university,rice_university__270,5.0
rice_university,rice_university__271,5.0
rice_university,rice_university__272,3.0
rice_university,rice_university__273,2.5
rice_university,rice_university__274,2.5
rice_university,rice_university__275,2.5
rice_university,rice_university__276,2.5
rice_university,rice_university__277,2.5
rice_university,rice_university__278,2.5
rice_university,rice_university__279,20.5
rice_university,rice_university__280,2.5
rice_university,rice_university__281,3.0
rice_university,rice_university__282,3.0
rice_university,rice_university__283,2.5
rice_university,rice_university__284,1.5
rice_university,rice_university__285,4.5
rice_university,rice_university__286,4.5
rice_university,rice_university__287,4.5
rice_university,rice_university__288,4.5
rice_university,rice_university__289,1.5
rice_university,rice_university__290,6.0
rice_university,rice_university__291,2.5
rice_university,rice_university__292,1.5
rice_university,rice_university__293,2.5
rice_university,rice_university__294,5.0
rice_university,rice_university__295,4.5
rice_university,rice_university__296,5.0
rice_university,rice_university__297,1.5
rice_university,rice_university__298,5.0
rice_university,rice_university__299,1.5
rice_university,rice_university__300,3.0
rice_university,rice_university__301,8.5
rice_university,rice_university__302,4.5
rice_university,rice_university__303,4.5
rice_university,rice_university__304,4.5
rice_university,rice_university__305,4.5
rice_university,rice_university__306,4.5
rice_university,rice_university__307,4.5
rice_university,rice_university__308,4.5
rice_university,rice_university__309,2.5
rice_university,rice_university__310,2.0
rice_university,rice_university__311,1.5
rice_university,rice_university__312,4.5
rice_university,rice_university__313,4.5
rice_university,rice_university__314,4.5
rice_university,rice_university__315,4.5
rice_university,rice_university__316,4.5
rice_university,rice_university__317,5.5
rice_university,rice_university__318,2.5
rice_university,rice_university__319,5.5
rice_university,rice_university__320,2.5
texas_a_m,texas_a_m__0,2.5
texas_a_m,texas_a_m__1,2.5
texas_a_m,texas_a_m__2,2.5
texas_a_m,texas_a_m__3,2.5
texas_a_m,texas_a_m__4,2.5
texas_a_m,texas_a_m__5,3.0
texas_a_m,texas_a_m__6,3.5
texas_a_m,texas_a_m__7,4.5
texas_a_m,texas_a_m__8,2.0
texas_a_m,texas_a_m__9,2.0
texas_a_m,texas_a_m__10,4.5
texas_a_m,texas_a_m__11,4.5
texas_a_m,texas_a_m__12,1.5
texas_a_m,texas_a_m__13,1.5
texas_a_m,texas_a_m__14,1.5
texas_a_m,texas_a_m__15,3.5
texas_a_m,texas_a_m__16,1.5
texas_a_m,texas_a_m__17,2.0
texas_a_m,texas_a_m__18,2.0
texas_a_m,texas_a_m__19,2.5
texas_a_m,texas_a_m__20,1.5
texas_a_m,texas_a_m__21,3.5
texas_a_m,texas_a_m__22,4.0
texas_a_m,texas_a_m__23,1.5
texas_a_m,texas_a_m__24,1.5
texas_a_m,texas_a_m__25,2.5
texas_a_m,texas_a_m__26,5.5
texas_a_m,texas_a_m__27,4.5
texas_a_m,texas_a_m__28,5.0
texas_a_m,texas_a_m__29,2.5
texas_a_m,texas_a_m__30,4.5
texas_a_m,texas_a_m__31,4.5
texas_a_m,texas_a_m__32,2.5
texas_a_m,texas_a_m__33,1.5
texas_a_m,texas_a_m__34,5.0
texas_a_m,texas_a_m__35,6.0
texas_a_m,texas_a_m__36,13.0
texas_a_m,texas_a_m__37,3.5
texas_a_m,texas_a_m__38,3.5
texas_a_m,texas_a_m__39,3.5
texas_a_m,texas_a_m__40,1.5
texas_a_m,texas_a_m__41,1.5
texas_a_m,texas_a_m__42,1.5
texas_a_m,texas_a_m__43,3.5
texas_a_m,texas_a_m__44,2.5
texas_a_m,texas_a_m__45,2.0
texas_a_m,texas_a_m__46,1.5
texas_a_m,texas_a_m__47,5.0
texas_a_m,texas_a_m__48,2.5
texas_a_m,texas_a_m__49,2.5
texas_a_m,texas_a_m__50,4.5
texas_a_m,texas_a_m__51,4.0
texas_a_m,texas_a_m__52,12.5
texas_a_m,texas_a_m__53,1.5
texas_a_m,texas_a_m__54,3.5
texas_a_m,texas_a_m__55,3.0
texas_a_m,texas_a_m__56,1.5
texas_a_m,texas_a_m__57,2.0
texas_a_m,texas_a_m__58,2.5
texas_a_m,texas_a_m__59,5.5
texas_a_m,texas_a_m__60,6.0
texas_a_m,texas_a_m__61,1.5
texas_a_m,texas_a_m__62,2.0
texas_a_m,texas_a_m__63,1.5
texas_a_m,texas_a_m__64,1.5
texas_a_m,texas_a_m__65,5.0
texas_a_m,texas_a_m__66,1.5
texas_a_m,texas_a_m__67,2.5
texas_a_m,texas_a_m__68,1.5
texas_a_m,texas_a_m__69,3.5
texas_a_m,texas_a_m__70,1.5
texas_a_m,texas_a_m__71,2.5
texas_a_m,texas_a_m__72,1.5
texas_a_m,texas_a_m__73,2.0
texas_a_m,texas_a_m__74,1.5
texas_a_m,texas_a_m__75,2.5
texas_a_m,texas_a_m__76,2.5
texas_a_m,texas_a_m__77,3.0
texas_a_m,texas_a_m__78,1.5
texas_a_m,texas_a_m__79,2.0
texas_a_m,texas_a_m__80,4.0
texas_a_m,texas_a_m__81,3.0
texas_a_m,texas_a_m__82,3.0
texas_a_m,texas_a_m__83,2.5
texas_a_m,texas_a_m__84,2.5
texas_a_m,texas_a_m__85,3.0
texas_a_m,texas_a_m__86,3.0
texas_a_m,texas_a_m__87,2.5
texas_a_m,texas_a_m__88,2.5
texas_a_m,texas_a_m__89,1.5
texas_a_m,texas_a_m__90,2.5
texas_a_m,texas_a_m__91,2.5
texas_a_m,texas_a_m__92,3.0
texas_a_m,texas_a_m__93,2.5
texas_a_m,texas_a_m__94,5.5
texas_a_m,texas_a_m__95,3.0
texas_a_m,texas_a_m__96,2.5
texas_a_m,texas_a_m__97,2.5
texas_a_m,texas_a_m__98,3.0
texas_a_m,texas_a_m__99,2.5
texas_a_m,texas_a_m__100,2.5
texas_a_m,texas_a_m__101,3.0
texas_a_m,texas_a_m__102,5.5
texas_a_m,texas_a_m__103,5.5
texas_a_m,texas_a_m__104,2.0
texas_a_m,texas_a_m__105,2.5
texas_a_m,texas_a_m__106,2.5
texas_a_m,texas_a_m__107,2.5
texas_a_m,texas_a_m__108,3.5
texas_a_m,texas_a_m__109,2.0
texas_a_m,texas_a_m__110,1.5
texas_a_m,texas_a_m__111,1.5
texas_a_m,texas_a_m__112,2.0
texas_a_m,texas_a_m__113,4.5
texas_a_m,texas_a_m__114,1.5
texas_a_m,texas_a_m__115,1.5
texas_a_m,texas_a_m__116,2.5
texas_a_m,texas_a_m__117,3.5
texas_a_m,texas_a_m__118,2.5
texas_a_m,texas_a_m__119,1.5
texas_a_m,texas_a_m__120,1.5
texas_a_m,texas_a_m__121,4.0
texas_a_m,texas_a_m__122,3.0
texas_a_m,texas_a_m__123,3.5
texas_a_m,texas_a_m__124,2.5
texas_a_m,texas_a_m__125,1.5
texas_a_m,texas_a_m__126,2.0
texas_a_m,texas_a_m__127,4.0
texas_a_m,texas_a_m__128,1.5
texas_a_m,texas_a_m__129,3.0
texas_a_m,texas_a_m__130,2.5
texas_a_m,texas_a_m__131,3.0
texas_a_m,texas_a_m__132,1.5
texas_a_m,texas_a_m__133,2.5
texas_a_m,texas_a_m__134,2.5
texas_a_m,texas_a_m__135,2.5
texas_a_m,texas_a_m__136,3.0
texas_a_m,texas_a_m__137,2.5
texas_a_m,texas_a_m__138,2.5
texas_a_m,texas_a_m__139,1.5
texas_a_m,texas_a_m__140,2.5
texas_a_m,texas_a_m__141,4.5
texas_a_m,texas_a_m__142,2.5
texas_a_m,texas_a_m__143,2.5
texas_a_m,texas_a_m__144,5.5
texas_a_m,texas_a_m__145,3.5
texas_a_m,texas_a_m__146,2.0
texas_a_m,texas_a_m__147,3.0
texas_a_m,texas_a_m__148,3.0
texas_a_m,texas_a_m__149,7.0
texas_a_m,texas_a_m__150,3.0
texas_a_m,texas_a_m__151,4.0
texas_a_m,texas_a_m__152,3.0
texas_a_m,texas_a_m__153,2.5
texas_a_m,texas_a_m__154,2.5
texas_a_m,texas_a_m__155,2.5
texas_a_m,texas_a_m__156,1.5
texas_a_m,texas_a_m__157,1.5
texas_a_m,texas_a_m__158,1.5
texas_a_m,texas_a_m__159,3.0
texas_a_m,texas_a_m__160,3.0
texas_a_m,texas_a_m__161,1.5
texas_a_m,texas_a_m__162,2.5
texas_a_m,texas_a_m__163,2.5
texas_a_m,texas_a_m__164,4.5
texas_a_m,texas_a_m__165,1.5
texas_a_m,texas_a_m__166,1.5
texas_a_m,texas_a_m__167,1.5
texas_a_m,texas_a_m__168,1.5
texas_a_m,texas_a_m__169,2.5
texas_a_m,texas_a_m__170,1.5
texas_a_m,texas_a_m__171,1.5
texas_a_m,texas_a_m__172,4.5
texas_a_m,texas_a_m__173,1.5
texas_a_m,texas_a_m__174,1.5
texas_a_m,texas_a_m__175,3.0
texas_a_m,texas_a_m__176,2.0
texas_a_m,texas_a_m__177,1.5
texas_a_m,texas_a_m__178,1.5
texas_a_m,texas_a_m__179,7.0
texas_a_m,texas_a_m__180,1.5
texas_a_m,texas_a_m__181,4.5
texas_a_m,texas_a_m__182,2.5
texas_a_m,texas_a_m__183,2.5
texas_a_m,texas_a_m__184,2.5
texas_a_m,texas_a_m__185,1.5
texas_a_m,texas_a_m__186,3.5
texas_a_m,texas_a_m__187,4.5
texas_a_m,texas_a_m__188,1.5
texas_a_m,texas_a_m__189,4.5
texas_a_m,texas_a_m__190,4.5
texas_a_m,texas_a_m__191,5.5
texas_a_m,texas_a_m__192,1.5
texas_a_m,texas_a_m__193,4.5
texas_a_m,texas_a_m__194,2.5
texas_a_m,texas_a_m__195,2.5
texas_a_m,texas_a_m__196,2.5
texas_a_m,texas_a_m__197,1.5
texas_a_m,texas_a_m__198,10.5
texas_a_m,texas_a_m__199,5.5
texas_a_m,texas_a_m__200,4.0
texas_a_m,texas_a_m__201,1.5
texas_a_m,texas_a_m__202,1.5
texas_a_m,texas_a_m__203,4.5
texas_a_m,texas_a_m__204,3.0
texas_a_m,texas_a_m__205,5.0
texas_a_m,texas_a_m__206,5.0
texas_a_m,texas_a_m__207,2.5
texas_a_m,texas_a_m__208,4.5
texas_a_m,texas_a_m__209,5.0
texas_a_m,texas_a_m__210,3.5
texas_a_m,texas_a_m__211,2.5
texas_a_m,texas_a_m__212,4.5
texas_a_m,texas_a_m__213,2.5
texas_a_m,texas_a_m__214,1.5
texas_a_m,texas_a_m__215,2.5
texas_a_m,texas_a_m__216,2.5
texas_a_m,texas_a_m__217,1.5
texas_a_m,texas_a_m__218,1.5
texas_a_m,texas_a_m__219,6.0
texas_a_m,texas_a_m__220,1.5
texas_a_m,texas_a_m__221,5.0
texas_a_m,texas_a_m__222,1.5
texas_a_m,texas_a_m__223,5.0
texas_a_m,texas_a_m__224,1.5
texas_a_m,texas_a_m__225,4.5
texas_a_m,texas_a_m__226,1.5
texas_a_m,texas_a_m__227,1.5
texas_a_m,texas_a_m__228,1.5
texas_a_m,texas_a_m__229,1.5
texas_a_m,texas_a_m__230,4.5
texas_a_m,texas_a_m__231,1.5
texas_a_m,texas_a_m__232,5.0
texas_a_m,texas_a_m__233,1.5
texas_a_m,texas_a_m__234,8.0
texas_a_m,texas_a_m__235,1.5
texas_a_m,texas_a_m__236,1.5
texas_a_m,texas_a_m__237,3.0
texas_a_m,texas_a_m__238,1.5
texas_a_m,texas_a_m__239,1.5
texas_a_m,texas_a_m__240,2.5
texas_a_m,texas_a_m__241,5.5
texas_a_m,texas_a_m__242,4.0
texas_a_m,texas_a_m__243,2.5
texas_a_m,texas_a_m__244,1.5
texas_a_m,texas_a_m__245,1.5
texas_a_m,texas_a_m__246,2.5
texas_a_m,texas_a_m__247,1.5
texas_a_m,texas_a_m__248,1.5
texas_a_m,texas_a_m__249,1.5
texas_a_m,texas_a_m__250,1.5
texas_a_m,texas_a_m__251,1.5
texas_a_m,texas_a_m__252,1.5
texas_a_m,texas_a_m__253,3.0
texas_a_m,texas_a_m__254,3.5
texas_a_m,texas_a_m__255,2.0
texas_a_m,texas_a_m__256,2.5
texas_a_m,texas_a_m__257,4.0
texas_a_m,texas_a_m__258,1.5
texas_a_m,texas_a_m__259,1.5
texas_a_m,texas_a_m__260,2.0
texas_a_m,texas_a_m__261,2.5
texas_a_m,texas_a_m__262,1.5
texas_a_m,texas_a_m__263,4.5
texas_a_m,texas_a_m__264,1.5
texas_a_m,texas_a_m__265,3.5
texas_a_m,texas_a_m__266,1.5
texas_a_m,texas_a_m__267,7.5
texas_a_m,texas_a_m__268,2.5
texas_a_m,texas_a_m__269,3.0
texas_a_m,texas_a_m__270,3.5
texas_a_m,texas_a_m__271,2.5
texas_a_m,texas_a_m__272,4.5
texas_a_m,texas_a_m__273,7.0
texas_a_m,texas_a_m__274,2.5
texas_a_m,texas_a_m__275,3.5
texas_a_m,texas_a_m__276,1.5
texas_a_m,texas_a_m__277,2.5
texas_a_m,texas_a_m__278,1.5
texas_a_m,texas_a_m__279,3.5
texas_a_m,texas_a_m__280,2.0
texas_a_m,texas_a_m__281,2.5
texas_a_m,texas_a_m__282,4.5
texas_a_m,texas_a_m__283,1.5
texas_a_m,texas_a_m__284,1.5
texas_a_m,texas_a_m__285,1.5
texas_a_m,texas_a_m__286,3.5
texas_a_m,texas_a_m__287,4.5
texas_a_m,texas_a_m__288,3.5
texas_a_m,texas_a_m__289,1.5
texas_a_m,texas_a_m__290,3.5
texas_a_m,texas_a_m__291,1.5
texas_a_m,texas_a_m__292,3.0
texas_a_m,texas_a_m__293,3.5
texas_a_m,texas_a_m__294,2.0
texas_a_m,texas_a_m__295,3.0
texas_a_m,texas_a_m__296,1.5
texas_a_m,texas_a_m__297,2.5
texas_a_m,texas_a_m__298,3.5
texas_a_m,texas_a_m__299,2.5
texas_a_m,texas_a_m__300,3.5
texas_a_m,texas_a_m__301,5.0
texas_a_m,texas_a_m__302,3.5
texas_a_m,texas_a_m__303,4.0
texas_a_m,texas_a_m__304,4.5
texas_a_m,texas_a_m__305,4.5
texas_a_m,texas_a_m__306,2.5
texas_a_m,texas_a_m__307,2.5
texas_a_m,texas_a_m__308,5.0
texas_a_m,texas_a_m__309,3.5
texas_a_m,texas_a_m__310,4.5
texas_a_m,texas_a_m__311,4.0
texas_a_m,texas_a_m__312,12.5
texas_a_m,texas_a_m__313,3.0
texas_a_m,texas_a_m__314,3.0
texas_a_m,texas_a_m__315,2.5
texas_a_m,texas_a_m__316,3.0
texas_a_m,texas_a_m__317,2.5
texas_a_m,texas_a_m__318,2.5
texas_a_m,texas_a_m__319,2.5
texas_a_m,texas_a_m__320,2.5
texas_a_m,texas_a_m__321,3.0
texas_a_m,texas_a_m__322,4.5
texas_a_m,texas_a_m__323,2.5
texas_a_m,texas_a_m__324,2.5
texas_a_m,texas_a_m__325,5.5
texas_a_m,texas_a_m__326,5.5
texas_a_m,texas_a_m__327,2.0
texas_a_m,texas_a_m__328,2.5
texas_a_m,texas_a_m__329,2.5
texas_a_m,texas_a_m__330,2.5
texas_a_m,texas_a_m__331,2.5
texas_a_m,texas_a_m__332,2.5
texas_a_m,texas_a_m__333,2.5
texas_a_m,texas_a_m__334,1.5
texas_a_m,texas_a_m__335,1.5
texas_a_m,texas_a_m__336,4.0
texas_a_m,texas_a_m__337,2.5
texas_a_m,texas_a_m__338,1.5
texas_a_m,texas_a_m__339,4.0
texas_a_m,texas_a_m__340,1.5
texas_a_m,texas_a_m__341,3.5
texas_a_m,texas_a_m__342,1.5
texas_a_m,texas_a_m__343,1.5
texas_a_m,texas_a_m__344,2.5
texas_a_m,texas_a_m__345,2.5
texas_a_m,texas_a_m__346,2.0
texas_a_m,texas_a_m__347,3.5
texas_a_m,texas_a_m__348,1.5
texas_a_m,texas_a_m__349,1.5
texas_a_m,texas_a_m__350,1.5
texas_a_m,texas_a_m__351,1.5
texas_a_m,texas_a_m__352,2.5
texas_a_m,texas_a_m__353,1.5
texas_a_m,texas_a_m__354,2.5
texas_a_m,texas_a_m__355,2.5
texas_a_m,texas_a_m__356,2.5
texas_a_m,texas_a_m__357,2.5
texas_a_m,texas_a_m__358,2.5
texas_a_m,texas_a_m__359,6.0
texas_a_m,texas_a_m__360,2.5
texas_a_m,texas_a_m__361,2.5
texas_a_m,texas_a_m__362,2.5
texas_a_m,texas_a_m__363,2.5
texas_a_m,texas_a_m__364,3.0
texas_a_m,texas_a_m__365,2.5
texas_a_m,texas_a_m__366,2.5
texas_a_m,texas_a_m__367,2.5
texas_a_m,texas_a_m__368,2.5
texas_a_m,texas_a_m__369,2.5
texas_a_m,texas_a_m__370,2.5
texas_a_m,texas_a_m__371,1.5
texas_a_m,texas_a_m__372,2.5
texas_a_m,texas_a_m__373,2.5
texas_a_m,texas_a_m__374,2.5
texas_a_m,texas_a_m__375,1.5
texas_a_m,texas_a_m__376,2.5
texas_a_m,texas_a_m__377,2.5
texas_a_m,texas_a_m__378,2.5
texas_a_m,texas_a_m__379,2.5
texas_a_m,texas_a_m__380,5.0
texas_a_m,texas_a_m__381,2.5
texas_a_m,texas_a_m__382,2.5
texas_a_m,texas_a_m__383,1.5
texas_a_m,texas_a_m__384,1.5
texas_a_m,texas_a_m__385,5.0
texas_a_m,texas_a_m__386,2.5
texas_a_m,texas_a_m__387,3.5
texas_a_m,texas_a_m__388,1.5
texas_a_m,texas_a_m__389,4.0
texas_a_m,texas_a_m__390,2.0
texas_a_m,texas_a_m__391,3.5
texas_a_m,texas_a_m__392,1.5
texas_a_m,texas_a_m__393,2.5
texas_a_m,texas_a_m__394,1.5
texas_a_m,texas_a_m__395,2.0
texas_a_m,texas_a_m__396,1.5
texas_a_m,texas_a_m__397,3.5
texas_a_m,texas_a_m__398,1.5
texas_a_m,texas_a_m__399,1.5
texas_a_m,texas_a_m__400,4.0
texas_a_m,texas_a_m__401,3.5
texas_a_m,texas_a_m__402,3.5
texas_a_m,texas_a_m__403,1.5
texas_a_m,texas_a_m__404,2.0
texas_a_m,texas_a_m__405,3.5
texas_a_m,texas_a_m__406,2.5
texas_a_m,texas_a_m__407,4.5
texas_a_m,texas_a_m__408,2.5
texas_a_m,texas_a_m__409,3.0
texas_a_m,texas_a_m__410,2.5
texas_a_m,texas_a_m__411,3.0
texas_a_m,texas_a_m__412,3.0
texas_a_m,texas_a_m__413,2.5
texas_a_m,texas_a_m__414,2.5
texas_a_m,texas_a_m__415,2.5
texas_a_m,texas_a_m__416,3.0
texas_a_m,texas_a_m__417,4.5
texas_a_m,texas_a_m__418,2.5
texas_a_m,texas_a_m__419,2.5
texas_a_m,texas_a_m__420,7.0
texas_a_m,texas_a_m__421,4.0
texas_a_m,texas_a_m__422,3.0
texas_a_m,texas_a_m__423,1.5
texas_a_m,texas_a_m__424,2.5
texas_a_m,texas_a_m__425,2.5
texas_a_m,texas_a_m__426,2.5
texas_a_m,texas_a_m__427,2.5
texas_a_m,texas_a_m__428,3.0
texas_a_m,texas_a_m__429,6.0
texas_a_m,texas_a_m__430,2.0
texas_a_m,texas_a_m__431,1.5
texas_a_m,texas_a_m__432,3.5
texas_a_m,texas_a_m__433,6.0
texas_a_m,texas_a_m__434,2.0
texas_a_m,texas_a_m__435,6.0
texas_a_m,texas_a_m__436,2.0
texas_a_m,texas_a_m__437,2.5
texas_a_m,texas_a_m__438,2.5
texas_a_m,texas_a_m__439,4.5
texas_a_m,texas_a_m__440,1.5
texas_a_m,texas_a_m__441,5.0
texas_a_m,texas_a_m__442,1.5
texas_a_m,texas_a_m__443,7.5
texas_a_m,texas_a_m__444,3.0
texas_a_m,texas_a_m__445,2.5
texas_a_m,texas_a_m__446,4.0
texas_a_m,texas_a_m__447,3.0
texas_a_m,texas_a_m__448,5.5
texas_a_m,texas_a_m__449,4.0
texas_a_m,texas_a_m__450,2.5
texas_a_m,texas_a_m__451,6.0
texas_a_m,texas_a_m__452,2.5
texas_a_m,texas_a_m__453,2.5
texas_a_m,texas_a_m__454,3.0
texas_a_m,texas_a_m__455,2.5
texas_a_m,texas_a_m__456,2.5
texas_a_m,texas_a_m__457,3.5
texas_a_m,texas_a_m__458,6.0
texas_a_m,texas_a_m__459,6.0
texas_a_m,texas_a_m__460,4.0
texas_a_m,texas_a_m__461,2.5
texas_a_m,texas_a_m__462,2.5
texas_a_m,texas_a_m__463,3.5
texas_a_m,texas_a_m__464,4.5
texas_a_m,texas_a_m__465,1.5
texas_a_m,texas_a_m__466,2.0
texas_a_m,texas_a_m__467,3.5
texas_a_m,texas_a_m__468,2.5
texas_a_m,texas_a_m__469,2.5
texas_a_m,texas_a_m__470,2.5
texas_a_m,texas_a_m__471,2.5
texas_a_m,texas_a_m__472,1.5
texas_a_m,texas_a_m__473,4.5
texas_a_m,texas_a_m__474,1.5
texas_a_m,texas_a_m__475,2.0
texas_a_m,texas_a_m__476,1.5
texas_a_m,texas_a_m__477,3.0
texas_a_m,texas_a_m__478,1.5
texas_a_m,texas_a_m__479,1.5
texas_a_m,texas_a_m__480,1.5
texas_a_m,texas_a_m__481,5.5
texas_a_m,texas_a_m__482,2.5
texas_a_m,texas_a_m__483,5.0
texas_a_m,texas_a_m__484,1.5
texas_a_m,texas_a_m__485,4.5
texas_a_m,texas_a_m__486,4.5
texas_a_m,texas_a_m__487,5.0
texas_a_m,texas_a_m__488,3.0
texas_a_m,texas_a_m__489,2.5
texas_a_m,texas_a_m__490,6.0
texas_a_m,texas_a_m__491,2.5
texas_a_m,texas_a_m__492,3.0
texas_a_m,texas_a_m__493,2.5
texas_a_m,texas_a_m__494,1.5
texas_a_m,texas_a_m__495,4.5
texas_a_m,texas_a_m__496,2.5
texas_a_m,texas_a_m__497,2.5
texas_a_m,texas_a_m__498,10.5
texas_a_m,texas_a_m__499,1.5
texas_a_m,texas_a_m__500,1.5
texas_a_m,texas_a_m__501,4.5
texas_a_m,texas_a_m__502,3.5
texas_a_m,texas_a_m__503,4.5
texas_a_m,texas_a_m__504,4.5
texas_a_m,texas_a_m__505,4.5
texas_a_m,texas_a_m__506,2.5
texas_a_m,texas_a_m__507,4.5
texas_a_m,texas_a_m__508,4.5
texas_a_m,texas_a_m__509,5.0
texas_a_m,texas_a_m__510,4.5
texas_a_m,texas_a_m__511,1.5
texas_a_m,texas_a_m__512,6.0
texas_a_m,texas_a_m__513,1.5
texas_a_m,texas_a_m__514,1.5
texas_a_m,texas_a_m__515,6.0
texas_a_m,texas_a_m__516,1.5
texas_a_m,texas_a_m__517,1.5
texas_a_m,texas_a_m__518,2.5
texas_a_m,texas_a_m__519,3.5
texas_a_m,texas_a_m__520,3.0
texas_a_m,texas_a_m__521,2.5
texas_a_m,texas_a_m__522,2.5
texas_a_m,texas_a_m__523,2.5
texas_a_m,texas_a_m__524,2.5
texas_a_m,texas_a_m__525,2.5
texas_a_m,texas_a_m__526,2.5
texas_a_m,texas_a_m__527,1.5
texas_a_m,texas_a_m__528,4.5
texas_a_m,texas_a_m__529,6.0
texas_a_m,texas_a_m__530,4.5
texas_a_m,texas_a_m__531,1.5
texas_a_m,texas_a_m__532,4.5
texas_a_m,texas_a_m__533,1.5
texas_a_m,texas_a_m__534,5.0
texas_a_m,texas_a_m__535,8.0
texas_a_m,texas_a_m__536,6.5
texas_a_m,texas_a_m__537,2.5
texas_a_m,texas_a_m__538,4.5
texas_a_m,texas_a_m__539,5.0
texas_a_m,texas_a_m__540,4.5
texas_a_m,texas_a_m__541,1.5
texas_a_m,texas_a_m__542,4.5
texas_a_m,texas_a_m__543,5.0
texas_a_m,texas_a_m__544,4.5
texas_a_m,texas_a_m__545,2.5
texas_a_m,texas_a_m__546,1.5
texas_a_m,texas_a_m__547,4.0
texas_a_m,texas_a_m__548,2.5
texas_a_m,texas_a_m__549,4.0
texas_a_m,texas_a_m__550,2.5
texas_a_m,texas_a_m__551,4.5
texas_a_m,texas_a_m__552,3.0
texas_a_m,texas_a_m__553,3.5
texas_a_m,texas_a_m__554,4.5
texas_a_m,texas_a_m__555,2.5
texas_a_m,texas_a_m__556,1.5
texas_a_m,texas_a_m__557,3.5
texas_a_m,texas_a_m__558,5.5
texas_a_m,texas_a_m__559,4.0
texas_a_m,texas_a_m__560,2.5
texas_a_m,texas_a_m__561,3.5
texas_a_m,texas_a_m__562,1.5
texas_a_m,texas_a_m__563,1.5
texas_a_m,texas_a_m__564,3.0
texas_a_m,texas_a_m__565,3.5
tuskegee_university,tuskegee_university__0,2.5
tuskegee_university,tuskegee_university__1,3.5
tuskegee_university,tuskegee_university__2,4.5
tuskegee_university,tuskegee_university__3,2.0
tuskegee_university,tuskegee_university__4,2.0
tuskegee_university,tuskegee_university__5,2.5
tuskegee_university,tuskegee_university__6,1.5
tuskegee_university,tuskegee_university__7,2.5
tuskegee_university,tuskegee_university__8,2.5
tuskegee_university,tuskegee_university__9,7.5
tuskegee_university,tuskegee_university__10,2.5
tuskegee_university,tuskegee_university__11,5.5
tuskegee_university,tuskegee_university__12,2.5
tuskegee_university,tuskegee_university__13,2.5
tuskegee_university,tuskegee_university__14,2.5
tuskegee_university,tuskegee_university__15,1.5
tuskegee_university,tuskegee_university__16,3.0
tuskegee_university,tuskegee_university__17,2.5
tuskegee_university,tuskegee_university__18,2.0
tuskegee_university,tuskegee_university__19,1.5
tuskegee_university,tuskegee_university__20,2.5
tuskegee_university,tuskegee_university__21,2.5
tuskegee_university,tuskegee_university__22,2.5
tuskegee_university,tuskegee_university__23,2.0
tuskegee_university,tuskegee_university__24,1.5
tuskegee_university,tuskegee_university__25,6.5
tuskegee_university,tuskegee_university__26,3.0
tuskegee_university,tuskegee_university__27,1.5
tuskegee_university,tuskegee_university__28,3.5
tuskegee_university,tuskegee_university__29,3.0
tuskegee_university,tuskegee_university__30,2.5
tuskegee_university,tuskegee_university__31,4.0
tuskegee_university,tuskegee_university__32,1.5
tuskegee_university,tuskegee_university__33,2.5
tuskegee_university,tuskegee_university__34,2.5
tuskegee_university,tuskegee_university__35,2.5
tuskegee_university,tuskegee_university__36,2.5
tuskegee_university,tuskegee_university__37,2.5
tuskegee_university,tuskegee_university__38,3.0
tuskegee_university,tuskegee_university__39,3.5
tuskegee_university,tuskegee_university__40,2.0
tuskegee_university,tuskegee_university__41,2.0
tuskegee_university,tuskegee_university__42,2.5
tuskegee_university,tuskegee_university__43,3.5
tuskegee_university,tuskegee_university__44,1.5
tuskegee_university,tuskegee_university__45,2.5
tuskegee_university,tuskegee_university__46,2.5
tuskegee_university,tuskegee_university__47,2.5
tuskegee_university,tuskegee_university__48,2.5
tuskegee_university,tuskegee_university__49,1.5
tuskegee_university,tuskegee_university__50,4.5
tuskegee_university,tuskegee_university__51,3.5
tuskegee_university,tuskegee_university__52,9.0
tuskegee_university,tuskegee_university__53,1.5
tuskegee_university,tuskegee_university__54,2.0
tuskegee_university,tuskegee_university__55,2.5
tuskegee_university,tuskegee_university__56,1.5
tuskegee_university,tuskegee_university__57,1.5
tuskegee_university,tuskegee_university__58,2.5
tuskegee_university,tuskegee_university__59,2.5
tuskegee_university,tuskegee_university__60,1.5
tuskegee_university,tuskegee_university__61,4.5
tuskegee_university,tuskegee_university__62,2.5
tuskegee_university,tuskegee_university__63,1.5
tuskegee_university,tuskegee_university__64,1.5
tuskegee_university,tuskegee_university__65,1.5
tuskegee_university,tuskegee_university__66,1.5
tuskegee_university,tuskegee_university__67,1.5
tuskegee_university,tuskegee_university__68,2.5
tuskegee_university,tuskegee_university__69,5.5
tuskegee_university,tuskegee_university__70,2.5
tuskegee_university,tuskegee_university__71,1.5
tuskegee_university,tuskegee_university__72,3.0
tuskegee_university,tuskegee_university__73,2.0
tuskegee_university,tuskegee_university__74,2.5
tuskegee_university,tuskegee_university__75,2.5
tuskegee_university,tuskegee_university__76,5.5
tuskegee_university,tuskegee_university__77,2.5
tuskegee_university,tuskegee_university__78,3.0
tuskegee_university,tuskegee_university__79,3.5
tuskegee_university,tuskegee_university__80,3.5
tuskegee_university,tuskegee_university__81,1.5
tuskegee_university,tuskegee_university__82,5.0
tuskegee_university,tuskegee_university__83,1.5
tuskegee_university,tuskegee_university__84,1.5
tuskegee_university,tuskegee_university__85,3.0
tuskegee_university,tuskegee_university__86,2.5
tuskegee_university,tuskegee_university__87,6.5
tuskegee_university,tuskegee_university__88,2.5
tuskegee_university,tuskegee_university__89,4.5
tuskegee_university,tuskegee_university__90,2.5
tuskegee_university,tuskegee_university__91,1.5
tuskegee_university,tuskegee_university__92,2.5
tuskegee_university,tuskegee_university__93,2.5
tuskegee_university,tuskegee_university__94,2.5
tuskegee_university,tuskegee_university__95,3.0
tuskegee_university,tuskegee_university__96,2.5
tuskegee_university,tuskegee_university__97,3.0
tuskegee_university,tuskegee_university__98,2.5
tuskegee_university,tuskegee_university__99,2.5
tuskegee_university,tuskegee_university__100,2.5
tuskegee_university,tuskegee_university__101,2.5
tuskegee_university,tuskegee_university__102,2.5
tuskegee_university,tuskegee_university__103,1.5
tuskegee_university,tuskegee_university__104,4.5
tuskegee_university,tuskegee_university__105,1.5
tuskegee_university,tuskegee_university__106,3.5
tuskegee_university,tuskegee_university__107,1.5
tuskegee_university,tuskegee_university__108,4.5
tuskegee_university,tuskegee_university__109,1.5
tuskegee_university,tuskegee_university__110,3.0
tuskegee_university,tuskegee_university__111,5.0
tuskegee_university,tuskegee_university__112,3.5
university_of_florida,university_of_florida__0,2.5
university_of_florida,university_of_florida__1,2.5
university_of_florida,university_of_florida__2,2.5
university_of_florida,university_of_florida__3,2.5
university_of_florida,university_of_florida__4,2.5
university_of_florida,university_of_florida__5,2.5
university_of_florida,university_of_florida__6,2.5
university_of_florida,university_of_florida__7,4.5
university_of_florida,university_of_florida__8,2.5
university_of_florida,university_of_florida__9,3.5
university_of_florida,university_of_florida__10,3.0
university_of_florida,university_of_florida__11,2.5
university_of_florida,university_of_florida__12,5.5
university_of_florida,university_of_florida__13,2.5
university_of_florida,university_of_florida__14,4.0
university_of_florida,university_of_florida__15,1.5
university_of_florida,university_of_florida__16,3.5
university_of_florida,university_of_florida__17,3.5
university_of_florida,university_of_florida__18,4.5
university_of_florida,university_of_florida__19,5.0
university_of_florida,university_of_florida__20,3.5
university_of_florida,university_of_florida__21,4.0
university_of_florida,university_of_florida__22,2.5
university_of_florida,university_of_florida__23,3.0
university_of_florida,university_of_florida__24,2.5
university_of_florida,university_of_florida__25,2.5
university_of_florida,university_of_florida__26,2.5
university_of_florida,university_of_florida__27,1.5
university_of_florida,university_of_florida__28,1.5
university_of_florida,university_of_florida__29,5.0
university_of_florida,university_of_florida__30,2.5
university_of_florida,university_of_florida__31,4.0
university_of_florida,university_of_florida__32,5.5
university_of_florida,university_of_florida__33,4.5
university_of_florida,university_of_florida__34,1.5
university_of_florida,university_of_florida__35,2.0
university_of_florida,university_of_florida__36,1.5
university_of_florida,university_of_florida__37,4.5
university_of_florida,university_of_florida__38,3.5
university_of_florida,university_of_florida__39,1.5
university_of_florida,university_of_florida__40,2.5
university_of_florida,university_of_florida__41,3.5
university_of_florida,university_of_florida__42,5.5
university_of_florida,university_of_florida__43,2.5
university_of_florida,university_of_florida__44,2.5
university_of_florida,university_of_florida__45,1.5
university_of_florida,university_of_florida__46,2.5
university_of_florida,university_of_florida__47,1.5
university_of_florida,university_of_florida__48,5.0
university_of_florida,university_of_florida__49,3.0
university_of_florida,university_of_florida__50,2.5
university_of_florida,university_of_florida__51,5.5
university_of_florida,university_of_florida__52,4.5
university_of_florida,university_of_florida__53,1.5
university_of_florida,university_of_florida__54,5.5
university_of_florida,university_of_florida__55,3.0
university_of_florida,university_of_florida__56,5.5
university_of_florida,university_of_florida__57,1.5
university_of_florida,university_of_florida__58,5.5
university_of_florida,university_of_florida__59,1.5
university_of_florida,university_of_florida__60,2.5
university_of_florida,university_of_florida__61,2.0
university_of_florida,university_of_florida__62,5.5
university_of_florida,university_of_florida__63,2.0
university_of_florida,university_of_florida__64,2.0
university_of_florida,university_of_florida__65,4.5
university_of_florida,university_of_florida__66,3.5
university_of_florida,university_of_florida__67,2.5
university_of_florida,university_of_florida__68,1.5
university_of_florida,university_of_florida__69,4.5
university_of_florida,university_of_florida__70,1.5
university_of_florida,university_of_florida__71,3.5
university_of_florida,university_of_florida__72,1.5
university_of_florida,university_of_florida__73,2.0
university_of_florida,university_of_florida__74,1.5
university_of_florida,university_of_florida__75,1.5
university_of_florida,university_of_florida__76,3.0
university_of_florida,university_of_florida__77,3.0
university_of_florida,university_of_florida__78,2.5
university_of_florida,university_of_florida__79,2.0
university_of_florida,university_of_florida__80,2.5
university_of_florida,university_of_florida__81,1.5
university_of_florida,university_of_florida__82,11.5
university_of_florida,university_of_florida__83,2.5
university_of_florida,university_of_florida__84,1.5
university_of_florida,university_of_florida__85,1.5
university_of_florida,university_of_florida__86,4.5
university_of_florida,university_of_florida__87,4.5
university_of_florida,university_of_florida__88,1.5
university_of_florida,university_of_florida__89,7.5
university_of_florida,university_of_florida__90,2.5
university_of_florida,university_of_florida__91,4.5
university_of_florida,university_of_florida__92,3.0
university_of_florida,university_of_florida__93,3.5
university_of_florida,university_of_florida__94,2.5
university_of_florida,university_of_florida__95,3.0
university_of_florida,university_of_florida__96,2.5
university_of_florida,university_of_florida__97,2.5
university_of_florida,university_of_florida__98,2.5
university_of_florida,university_of_florida__99,3.0
university_of_florida,university_of_florida__100,2.5
university_of_florida,university_of_florida__101,3.5
university_of_florida,university_of_florida__102,2.5
university_of_florida,university_of_florida__103,5.5
university_of_florida,university_of_florida__104,5.0
university_of_florida,university_of_florida__105,5.0
university_of_florida,university_of_florida__106,4.0
university_of_florida,university_of_florida__107,2.5
university_of_florida,university_of_florida__108,4.5
university_of_florida,university_of_florida__109,1.5
university_of_florida,university_of_florida__110,1.5
university_of_florida,university_of_florida__111,2.0
university_of_florida,university_of_florida__112,5.0
university_of_florida,university_of_florida__113,4.5
university_of_florida,university_of_florida__114,4.0
university_of_florida,university_of_florida__115,1.5
university_of_florida,university_of_florida__116,1.5
university_of_florida,university_of_florida__117,4.5
university_of_florida,university_of_florida__118,1.5
university_of_florida,university_of_florida__119,1.5
university_of_florida,university_of_florida__120,3.0
university_of_florida,university_of_florida__121,1.5
university_of_florida,university_of_florida__122,1.5
university_of_florida,university_of_florida__123,5.0
university_of_florida,university_of_florida__124,1.5
university_of_florida,university_of_florida__125,2.5
university_of_florida,university_of_florida__126,1.5
university_of_florida,university_of_florida__127,3.5
university_of_florida,university_of_florida__128,2.5
university_of_florida,university_of_florida__129,2.5
university_of_florida,university_of_florida__130,2.5
university_of_florida,university_of_florida__131,1.5
university_of_florida,university_of_florida__132,5.0
university_of_florida,university_of_florida__133,3.5
university_of_florida,university_of_florida__134,2.5
university_of_florida,university_of_florida__135,3.5
university_of_florida,university_of_florida__136,4.5
university_of_florida,university_of_florida__137,3.5
university_of_florida,university_of_florida__138,3.5
university_of_florida,university_of_florida__139,2.5
university_of_florida,university_of_florida__140,2.5
university_of_florida,university_of_florida__141,2.5
university_of_florida,university_of_florida__142,5.0
university_of_florida,university_of_florida__143,3.5
university_of_florida,university_of_florida__144,2.5
university_of_florida,university_of_florida__145,4.5
university_of_florida,university_of_florida__146,5.0
university_of_florida,university_of_florida__147,2.5
university_of_florida,university_of_florida__148,2.5
university_of_florida,university_of_florida__149,2.5
university_of_florida,university_of_florida__150,4.5
university_of_florida,university_of_florida__151,3.0
university_of_florida,university_of_florida__152,4.0
university_of_florida,university_of_florida__153,3.0
university_of_florida,university_of_florida__154,2.0
university_of_florida,university_of_florida__155,2.5
university_of_florida,university_of_florida__156,3.5
university_of_florida,university_of_florida__157,2.5
university_of_florida,university_of_florida__158,2.5
university_of_florida,university_of_florida__159,3.5
university_of_florida,university_of_florida__160,2.5
university_of_florida,university_of_florida__161,4.5
university_of_florida,university_of_florida__162,4.5
university_of_florida,university_of_florida__163,4.5
university_of_florida,university_of_florida__164,2.5
university_of_florida,university_of_florida__165,4.5
university_of_florida,university_of_florida__166,1.5
university_of_florida,university_of_florida__167,1.5
university_of_florida,university_of_florida__168,2.0
university_of_florida,university_of_florida__169,2.5
university_of_florida,university_of_florida__170,2.5
university_of_florida,university_of_florida__171,4.5
university_of_florida,university_of_florida__172,1.5
university_of_florida,university_of_florida__173,4.5
university_of_florida,university_of_florida__174,2.5
university_of_florida,university_of_florida__175,2.0
university_of_florida,university_of_florida__176,1.5
university_of_florida,university_of_florida__177,2.0
university_of_florida,university_of_florida__178,1.5
university_of_florida,university_of_florida__179,1.5
university_of_florida,university_of_florida__180,2.5
university_of_houston,university_of_houston__0,5.5
university_of_houston,university_of_houston__1,2.5
university_of_houston,university_of_houston__2,3.0
university_of_houston,university_of_houston__3,4.5
university_of_houston,university_of_houston__4,3.0
university_of_houston,university_of_houston__5,1.5
university_of_houston,university_of_houston__6,2.5
university_of_houston,university_of_houston__7,2.5
university_of_houston,university_of_houston__8,2.5
university_of_houston,university_of_houston__9,1.5
university_of_houston,university_of_houston__10,6.0
university_of_houston,university_of_houston__11,2.5
university_of_houston,university_of_houston__12,2.5
university_of_houston,university_of_houston__13,2.5
university_of_houston,university_of_houston__14,2.5
university_of_houston,university_of_houston__15,1.5
university_of_houston,university_of_houston__16,2.0
university_of_houston,university_of_houston__17,2.5
university_of_houston,university_of_houston__18,2.5
university_of_houston,university_of_houston__19,1.5
university_of_houston,university_of_houston__20,3.0
university_of_houston,university_of_houston__21,1.5
university_of_houston,university_of_houston__22,1.5
university_of_houston,university_of_houston__23,1.5
university_of_houston,university_of_houston__24,1.5
university_of_houston,university_of_houston__25,2.5
university_of_houston,university_of_houston__26,1.5
university_of_houston,university_of_houston__27,1.5
university_of_houston,university_of_houston__28,1.5
university_of_houston,university_of_houston__29,4.5
university_of_houston,university_of_houston__30,9.0
university_of_houston,university_of_houston__31,1.5
university_of_houston,university_of_houston__32,2.5
university_of_houston,university_of_houston__33,1.5
university_of_houston,university_of_houston__34,2.5
university_of_houston,university_of_houston__35,2.0
university_of_houston,university_of_houston__36,2.0
university_of_houston,university_of_houston__37,4.5
university_of_houston,university_of_houston__38,4.5
university_of_houston,university_of_houston__39,4.5
university_of_houston,university_of_houston__40,5.5
university_of_houston,university_of_houston__41,4.5
university_of_houston,university_of_houston__42,5.5
university_of_houston,university_of_houston__43,5.5
university_of_houston,university_of_houston__44,5.0
university_of_houston,university_of_houston__45,4.0
university_of_houston,university_of_houston__46,3.5
university_of_houston,university_of_houston__47,1.5
university_of_houston,university_of_houston__48,3.5
university_of_houston,university_of_houston__49,1.5
university_of_houston,university_of_houston__50,2.5
university_of_houston,university_of_houston__51,2.5
university_of_houston,university_of_houston__52,2.0
university_of_houston,university_of_houston__53,1.5
university_of_houston,university_of_houston__54,1.5
university_of_houston,university_of_houston__55,2.5
university_of_houston,university_of_houston__56,2.5
university_of_houston,university_of_houston__57,2.0
university_of_houston,university_of_houston__58,4.5
university_of_houston,university_of_houston__59,1.5
university_of_houston,university_of_houston__60,3.0
university_of_houston,university_of_houston__61,2.5
university_of_houston,university_of_houston__62,2.5
university_of_houston,university_of_houston__63,4.5
university_of_houston,university_of_houston__64,3.5
university_of_houston,university_of_houston__65,5.5
university_of_houston,university_of_houston__66,1.5
university_of_houston,university_of_houston__67,2.5
university_of_houston,university_of_houston__68,4.5
university_of_houston,university_of_houston__69,1.5
university_of_houston,university_of_houston__70,4.5
university_of_houston,university_of_houston__71,4.5
university_of_houston,university_of_houston__72,2.0
university_of_houston,university_of_houston__73,4.5
university_of_houston,university_of_houston__74,4.5
university_of_houston,university_of_houston__75,4.5
university_of_houston,university_of_houston__76,4.5
university_of_houston,university_of_houston__77,4.5
university_of_houston,university_of_houston__78,4.5
university_of_houston,university_of_houston__79,4.5
university_of_houston,university_of_houston__80,3.5
university_of_houston,university_of_houston__81,2.5
university_of_houston,university_of_houston__82,3.5
university_of_houston,university_of_houston__83,2.5
university_of_houston,university_of_houston__84,3.5
university_of_houston,university_of_houston__85,8.5
university_of_houston,university_of_houston__86,1.5
university_of_houston,university_of_houston__87,2.5
university_of_houston,university_of_houston__88,7.0
university_of_houston,university_of_houston__89,3.5
university_of_houston,university_of_houston__90,1.5
university_of_houston,university_of_houston__91,8.0
university_of_houston,university_of_houston__92,3.5
university_of_houston,university_of_houston__93,1.5
university_of_houston,university_of_houston__94,4.5
university_of_houston,university_of_houston__95,3.0
university_of_houston,university_of_houston__96,3.5
university_of_houston,university_of_houston__97,4.0
university_of_houston,university_of_houston__98,3.0
university_of_houston,university_of_houston__99,3.0
university_of_houston,university_of_houston__100,2.5
university_of_houston,university_of_houston__101,4.0
university_of_houston,university_of_houston__102,4.5
university_of_houston,university_of_houston__103,1.5
university_of_houston,university_of_houston__104,2.5
university_of_houston,university_of_houston__105,4.5
university_of_houston,university_of_houston__106,4.5
university_of_houston,university_of_houston__107,1.5
university_of_houston,university_of_houston__108,2.5
university_of_houston,university_of_houston__109,1.5
university_of_houston,university_of_houston__110,2.5
university_of_houston,university_of_houston__111,3.5
university_of_houston,university_of_houston__112,2.5
university_of_houston,university_of_houston__113,2.5
university_of_houston,university_of_houston__114,2.5
university_of_houston,university_of_houston__115,2.5
university_of_houston,university_of_houston__116,3.0
university_of_houston,university_of_houston__117,1.5
university_of_houston,university_of_houston__118,1.5
university_of_houston,university_of_houston__119,1.5
university_of_houston,university_of_houston__120,2.5
university_of_houston,university_of_houston__121,3.5
university_of_houston,university_of_houston__122,3.5
university_of_houston,university_of_houston__123,3.5
university_of_houston,university_of_houston__124,3.5
university_of_houston,university_of_houston__125,4.0
university_of_houston,university_of_houston__126,9.0
university_of_houston,university_of_houston__127,3.5
university_of_houston,university_of_houston__128,2.5
university_of_houston,university_of_houston__129,4.5
university_of_houston,university_of_houston__130,5.0
university_of_houston,university_of_houston__131,5.0
university_of_houston,university_of_houston__132,1.5
university_of_houston,university_of_houston__133,2.5
university_of_houston,university_of_houston__134,2.5
university_of_houston,university_of_houston__135,2.5
university_of_houston,university_of_houston__136,2.5
university_of_houston,university_of_houston__137,2.5
university_of_houston,university_of_houston__138,4.0
university_of_houston,university_of_houston__139,2.5
university_of_houston,university_of_houston__140,2.5
university_of_houston,university_of_houston__141,4.0
university_of_houston,university_of_houston__142,2.5
university_of_houston,university_of_houston__143,2.5
university_of_houston,university_of_houston__144,2.5
university_of_houston,university_of_houston__145,3.0
university_of_houston,university_of_houston__146,3.5
western_michigan_university,western_michigan_university__0,4.5
western_michigan_university,western_michigan_university__1,2.5
western_michigan_university,western_michigan_university__2,8.5
western_michigan_university,western_michigan_university__3,7.0
western_michigan_university,western_michigan_university__4,1.5
western_michigan_university,western_michigan_university__5,3.0
western_michigan_university,western_michigan_university__6,4.5
western_michigan_university,western_michigan_university__7,5.5
western_michigan_university,western_michigan_university__8,4.5
western_michigan_university,western_michigan_university__9,1.5
western_michigan_university,western_michigan_university__10,2.5
western_michigan_university,western_michigan_university__11,2.5
western_michigan_university,western_michigan_university__12,7.5
western_michigan_university,western_michigan_university__13,5.0
western_michigan_university,western_michigan_university__14,5.0
western_michigan_university,western_michigan_university__15,5.5
western_michigan_university,western_michigan_university__16,4.5
western_michigan_university,western_michigan_university__17,7.0
western_michigan_university,western_michigan_university__18,1.5
western_michigan_university,western_michigan_university__19,3.5
western_michigan_university,western_michigan_university__20,4.5
western_michigan_university,western_michigan_university__21,4.0
western_michigan_university,western_michigan_university__22,2.5
western_michigan_university,western_michigan_university__23,2.5
western_michigan_university,western_michigan_university__24,5.0
western_michigan_university,western_michigan_university__25,3.0
western_michigan_university,western_michigan_university__26,2.5
western_michigan_university,western_michigan_university__27,2.5
western_michigan_university,western_michigan_university__28,2.5
western_michigan_university,western_michigan_university__29,4.5
western_michigan_university,western_michigan_university__30,2.5
western_michigan_university,western_michigan_university__31,4.5
western_michigan_university,western_michigan_university__32,4.0
western_michigan_university,western_michigan_university__33,5.5
western_michigan_university,western_michigan_university__34,5.5
western_michigan_university,western_michigan_university__35,3.5
western_michigan_university,western_michigan_university__36,4.5
western_michigan_university,western_michigan_university__37,3.5
western_michigan_university,western_michigan_university__38,5.0
western_michigan_university,western_michigan_university__39,2.5
western_michigan_university,western_michigan_university__40,3.5
western_michigan_university,western_michigan_university__41,3.5
western_michigan_university,western_michigan_university__42,1.5
western_michigan_university,western_michigan_university__43,1.5
western_michigan_university,western_michigan_university__44,3.5
western_michigan_university,western_michigan_university__45,2.5
western_michigan_university,western_michigan_university__46,1.5
western_michigan_university,western_michigan_university__47,1.5
western_michigan_university,western_michigan_university__48,1.5
western_michigan_university,western_michigan_university__49,3.5
western_michigan_university,western_michigan_university__50,3.5
western_michigan_university,western_michigan_university__51,3.0
western_michigan_university,western_michigan_university__52,2.0
western_michigan_university,western_michigan_university__53,2.5
western_michigan_university,western_michigan_university__54,7.0
western_michigan_university,western_michigan_university__55,2.5
western_michigan_university,western_michigan_university__56,2.5
western_michigan_university,western_michigan_university__57,2.5
western_michigan_university,western_michigan_university__58,4.5
western_michigan_university,western_michigan_university__59,2.5
western_michigan_university,western_michigan_university__60,2.5
western_michigan_university,western_michigan_university__61,4.5
western_michigan_university,western_michigan_university__62,4.5
western_michigan_university,western_michigan_university__63,3.0
western_michigan_university,western_michigan_university__64,1.5
western_michigan_university,western_michigan_university__65,4.5
western_michigan_university,western_michigan_university__66,6.0
western_michigan_university,western_michigan_university__67,1.5
western_michigan_university,western_michigan_university__68,4.0
western_michigan_university,western_michigan_university__69,1.5
western_michigan_university,western_michigan_university__70,1.5
western_michigan_university,western_michigan_university__71,1.5
western_michigan_university,western_michigan_university__72,1.5
western_michigan_university,western_michigan_university__73,3.5
western_michigan_university,western_michigan_university__74,1.5
western_michigan_university,western_michigan_university__75,6.0
western_michigan_university,western_michigan_university__76,2.5
western_michigan_university,western_michigan_university__77,1.5
western_michigan_university,western_michigan_university__78,2.5
western_michigan_university,western_michigan_university__79,3.5
western_michigan_university,western_michigan_university__80,3.0
western_michigan_university,western_michigan_university__81,2.5
western_michigan_university,western_michigan_university__82,4.5
western_michigan_university,western_michigan_university__83,6.0
western_michigan_university,western_michigan_university__84,5.0
western_michigan_university,western_michigan_university__85,4.5
western_michigan_university,western_michigan_university__86,4.5
western_michigan_university,western_michigan_university__87,4.5
western_michigan_university,western_michigan_university__88,4.5
western_michigan_university,western_michigan_university__89,4.5
western_michigan_university,western_michigan_university__90,4.5
western_michigan_university,western_michigan_university__91,5.0
western_michigan_university,western_michigan_university__92,4.5
western_michigan_university,western_michigan_university__93,1.5
western_michigan_university,western_michigan_university__94,4.5
western_michigan_university,western_michigan_university__95,4.5
western_michigan_university,western_michigan_university__96,1.5
western_michigan_university,western_michigan_university__97,4.5
western_michigan_university,western_michigan_university__98,5.5
western_michigan_university,western_michigan_university__99,4.5
western_michigan_university,western_michigan_university__100,1.5
western_michigan_university,western_michigan_university__101,2.5
western_michigan_university,western_michigan_university__102,4.5
western_michigan_university,western_michigan_university__103,2.5
western_michigan_university,western_michigan_university__104,1.5
western_michigan_university,western_michigan_university__105,4.5
western_michigan_university,western_michigan_university__106,4.5
western_michigan_university,western_michigan_university__107,4.5
western_michigan_university,western_michigan_university__108,6.0
western_michigan_university,western_michigan_university__109,4.5
western_michigan_university,western_michigan_university__110,7.5
western_michigan_university,western_michigan_university__111,4.5
western_michigan_university,western_michigan_university__112,7.5
western_michigan_university,western_michigan_university__113,4.5
western_michigan_university,western_michigan_university__114,4.5
western_michigan_university,western_michigan_university__115,4.5
western_michigan_university,western_michigan_university__116,4.5
western_michigan_university,western_michigan_university__117,5.0
western_michigan_university,western_michigan_university__118,5.0
western_michigan_university,western_michigan_university__119,2.5
western_michigan_university,western_michigan_university__120,1.5
western_michigan_university,western_michigan_university__121,5.0
western_michigan_university,western_michigan_university__122,3.5
western_michigan_university,western_michigan_university__123,2.0
western_michigan_university,western_michigan_university__124,1.5
western_michigan_university,western_michigan_university__125,2.5
western_michigan_university,western_michigan_university__126,3.5
western_michigan_university,western_michigan_university__127,4.5
western_michigan_university,western_michigan_university__128,2.5
western_michigan_university,western_michigan_university__129,1.5
western_michigan_university,western_michigan_university__130,1.5
western_michigan_university,western_michigan_university__131,1.5
western_michigan_university,western_michigan_university__132,5.5
western_michigan_university,western_michigan_university__133,6.5
western_michigan_university,western_michigan_university__134,4.5
western_michigan_university,western_michigan_university__135,4.5
western_michigan_university,western_michigan_university__136,2.5
western_michigan_university,western_michigan_university__137,1.5
western_michigan_university,western_michigan_university__138,4.0
western_michigan_university,western_michigan_university__139,1.5
western_michigan_university,western_michigan_university__140,4.5
western_michigan_university,western_michigan_university__141,2.5
western_michigan_university,western_michigan_university__142,1.5
western_michigan_university,western_michigan_university__143,2.5
western_michigan_university,western_michigan_university__144,7.5
western_michigan_university,western_michigan_university__145,3.0
western_michigan_university,western_michigan_university__146,3.0
western_michigan_university,western_michigan_university__147,1.5
western_michigan_university,western_michigan_university__148,3.5
western_michigan_university,western_michigan_university__149,2.0
western_michigan_university,western_michigan_university__150,2.5
western_michigan_university,western_michigan_university__151,1.5
western_michigan_university,western_michigan_university__152,4.5
western_michigan_university,western_michigan_university__153,1.5
western_michigan_university,western_michigan_university__154,12.5
western_michigan_university,western_michigan_university__155,2.5
western_michigan_university,western_michigan_university__156,1.5
western_michigan_university,western_michigan_university__157,1.5
western_michigan_university,western_michigan_university__158,2.5
western_michigan_university,western_michigan_university__159,4.5
western_michigan_university,western_michigan_university__160,3.0
western_michigan_university,western_michigan_university__161,2.0
western_michigan_university,western_michigan_university__162,2.5
western_michigan_university,western_michigan_university__163,3.0
western_michigan_university,western_michigan_university__164,4.5
western_michigan_university,western_michigan_university__165,5.5
western_michigan_university,western_michigan_university__166,4.5
western_michigan_university,western_michigan_university__167,4.5
western_michigan_university,western_michigan_university__168,4.5
western_michigan_university,western_michigan_university__169,5.5
western_michigan_university,western_michigan_university__170,1.5
western_michigan_university,western_michigan_university__171,5.0
western_michigan_university,western_michigan_university__172,4.5
western_michigan_university,western_michigan_university__173,4.5
western_michigan_university,western_michigan_university__174,4.5
western_michigan_university,western_michigan_university__175,4.5
western_michigan_university,western_michigan_university__176,4.5
western_michigan_university,western_michigan_university__177,2.0
western_michigan_university,western_michigan_university__178,2.5
western_michigan_university,western_michigan_university__179,6.0
western_michigan_university,western_michigan_university__180,4.5
western_michigan_university,western_michigan_university__181,4.5
western_michigan_university,western_michigan_university__182,4.5
western_michigan_university,western_michigan_university__183,4.5
western_michigan_university,western_michigan_university__184,4.5
western_michigan_university,western_michigan_university__185,5.0
western_michigan_university,western_michigan_university__186,3.0
western_michigan_university,western_michigan_university__187,2.5
western_michigan_university,western_michigan_university__188,2.5
western_michigan_university,western_michigan_university__189,4.5
western_michigan_university,western_michigan_university__190,5.0
western_michigan_university,western_michigan_university__191,5.0
western_michigan_university,western_michigan_university__192,4.5
western_michigan_university,western_michigan_university__193,4.5
western_michigan_university,western_michigan_university__194,1.5
western_michigan_university,western_michigan_university__195,3.5
western_michigan_university,western_michigan_university__196,5.5
western_michigan_university,western_michigan_university__197,6.0
western_michigan_university,western_michigan_university__198,1.5
